Period,Index,Stat,Value
1969-01,BWDRVI,Mean,
1969-01,BWDRVI,Min,
1969-01,BWDRVI,Max,
1969-01,EVI,Mean,
1969-01,EVI,Min,
1969-01,EVI,Max,
1969-01,EVI2,Mean,
1969-01,EVI2,Min,
1969-01,EVI2,Max,
1969-01,GEMI,Mean,
1969-01,GEMI,Min,
1969-01,GEMI,Max,
1969-01,NDVI,Mean,
1969-01,NDVI,Min,
1969-01,NDVI,Max,
1969-01,NDWI,Mean,
1969-01,NDWI,Min,
1969-01,NDWI,Max,
1969-02,BWDRVI,Mean,
1969-02,BWDRVI,Min,
1969-02,BWDRVI,Max,
1969-02,EVI,Mean,
1969-02,EVI,Min,
1969-02,EVI,Max,
1969-02,EVI2,Mean,
1969-02,EVI2,Min,
1969-02,EVI2,Max,
1969-02,GEMI,Mean,
1969-02,GEMI,Min,
1969-02,GEMI,Max,
1969-02,NDVI,Mean,
1969-02,NDVI,Min,
1969-02,NDVI,Max,
1969-02,NDWI,Mean,
1969-02,NDWI,Min,
1969-02,NDWI,Max,
1969-03,BWDRVI,Mean,
1969-03,BWDRVI,Min,
1969-03,BWDRVI,Max,
1969-03,EVI,Mean,
1969-03,EVI,Min,
1969-03,EVI,Max,
1969-03,EVI2,Mean,
1969-03,EVI2,Min,
1969-03,EVI2,Max,
1969-03,GEMI,Mean,
1969-03,GEMI,Min,
1969-03,GEMI,Max,
1969-03,NDVI,Mean,
1969-03,NDVI,Min,
1969-03,NDVI,Max,
1969-03,NDWI,Mean,
1969-03,NDWI,Min,
1969-03,NDWI,Max,
1969-04,BWDRVI,Mean,
1969-04,BWDRVI,Min,
1969-04,BWDRVI,Max,
1969-04,EVI,Mean,
1969-04,EVI,Min,
1969-04,EVI,Max,
1969-04,EVI2,Mean,
1969-04,EVI2,Min,
1969-04,EVI2,Max,
1969-04,GEMI,Mean,
1969-04,GEMI,Min,
1969-04,GEMI,Max,
1969-04,NDVI,Mean,
1969-04,NDVI,Min,
1969-04,NDVI,Max,
1969-04,NDWI,Mean,
1969-04,NDWI,Min,
1969-04,NDWI,Max,
1969-05,BWDRVI,Mean,
1969-05,BWDRVI,Min,
1969-05,BWDRVI,Max,
1969-05,EVI,Mean,
1969-05,EVI,Min,
1969-05,EVI,Max,
1969-05,EVI2,Mean,
1969-05,EVI2,Min,
1969-05,EVI2,Max,
1969-05,GEMI,Mean,
1969-05,GEMI,Min,
1969-05,GEMI,Max,
1969-05,NDVI,Mean,
1969-05,NDVI,Min,
1969-05,NDVI,Max,
1969-05,NDWI,Mean,
1969-05,NDWI,Min,
1969-05,NDWI,Max,
1969-06,BWDRVI,Mean,
1969-06,BWDRVI,Min,
1969-06,BWDRVI,Max,
1969-06,EVI,Mean,
1969-06,EVI,Min,
1969-06,EVI,Max,
1969-06,EVI2,Mean,
1969-06,EVI2,Min,
1969-06,EVI2,Max,
1969-06,GEMI,Mean,
1969-06,GEMI,Min,
1969-06,GEMI,Max,
1969-06,NDVI,Mean,
1969-06,NDVI,Min,
1969-06,NDVI,Max,
1969-06,NDWI,Mean,
1969-06,NDWI,Min,
1969-06,NDWI,Max,
1969-07,BWDRVI,Mean,
1969-07,BWDRVI,Min,
1969-07,BWDRVI,Max,
1969-07,EVI,Mean,
1969-07,EVI,Min,
1969-07,EVI,Max,
1969-07,EVI2,Mean,
1969-07,EVI2,Min,
1969-07,EVI2,Max,
1969-07,GEMI,Mean,
1969-07,GEMI,Min,
1969-07,GEMI,Max,
1969-07,NDVI,Mean,
1969-07,NDVI,Min,
1969-07,NDVI,Max,
1969-07,NDWI,Mean,
1969-07,NDWI,Min,
1969-07,NDWI,Max,
1969-08,BWDRVI,Mean,
1969-08,BWDRVI,Min,
1969-08,BWDRVI,Max,
1969-08,EVI,Mean,
1969-08,EVI,Min,
1969-08,EVI,Max,
1969-08,EVI2,Mean,
1969-08,EVI2,Min,
1969-08,EVI2,Max,
1969-08,GEMI,Mean,
1969-08,GEMI,Min,
1969-08,GEMI,Max,
1969-08,NDVI,Mean,
1969-08,NDVI,Min,
1969-08,NDVI,Max,
1969-08,NDWI,Mean,
1969-08,NDWI,Min,
1969-08,NDWI,Max,
1969-09,BWDRVI,Mean,
1969-09,BWDRVI,Min,
1969-09,BWDRVI,Max,
1969-09,EVI,Mean,
1969-09,EVI,Min,
1969-09,EVI,Max,
1969-09,EVI2,Mean,
1969-09,EVI2,Min,
1969-09,EVI2,Max,
1969-09,GEMI,Mean,
1969-09,GEMI,Min,
1969-09,GEMI,Max,
1969-09,NDVI,Mean,
1969-09,NDVI,Min,
1969-09,NDVI,Max,
1969-09,NDWI,Mean,
1969-09,NDWI,Min,
1969-09,NDWI,Max,
1969-10,BWDRVI,Mean,
1969-10,BWDRVI,Min,
1969-10,BWDRVI,Max,
1969-10,EVI,Mean,
1969-10,EVI,Min,
1969-10,EVI,Max,
1969-10,EVI2,Mean,
1969-10,EVI2,Min,
1969-10,EVI2,Max,
1969-10,GEMI,Mean,
1969-10,GEMI,Min,
1969-10,GEMI,Max,
1969-10,NDVI,Mean,
1969-10,NDVI,Min,
1969-10,NDVI,Max,
1969-10,NDWI,Mean,
1969-10,NDWI,Min,
1969-10,NDWI,Max,
1969-11,BWDRVI,Mean,
1969-11,BWDRVI,Min,
1969-11,BWDRVI,Max,
1969-11,EVI,Mean,
1969-11,EVI,Min,
1969-11,EVI,Max,
1969-11,EVI2,Mean,
1969-11,EVI2,Min,
1969-11,EVI2,Max,
1969-11,GEMI,Mean,
1969-11,GEMI,Min,
1969-11,GEMI,Max,
1969-11,NDVI,Mean,
1969-11,NDVI,Min,
1969-11,NDVI,Max,
1969-11,NDWI,Mean,
1969-11,NDWI,Min,
1969-11,NDWI,Max,
1969-12,BWDRVI,Mean,
1969-12,BWDRVI,Min,
1969-12,BWDRVI,Max,
1969-12,EVI,Mean,
1969-12,EVI,Min,
1969-12,EVI,Max,
1969-12,EVI2,Mean,
1969-12,EVI2,Min,
1969-12,EVI2,Max,
1969-12,GEMI,Mean,
1969-12,GEMI,Min,
1969-12,GEMI,Max,
1969-12,NDVI,Mean,
1969-12,NDVI,Min,
1969-12,NDVI,Max,
1969-12,NDWI,Mean,
1969-12,NDWI,Min,
1969-12,NDWI,Max,
1970-01,BWDRVI,Mean,
1970-01,BWDRVI,Min,
1970-01,BWDRVI,Max,
1970-01,EVI,Mean,
1970-01,EVI,Min,
1970-01,EVI,Max,
1970-01,EVI2,Mean,
1970-01,EVI2,Min,
1970-01,EVI2,Max,
1970-01,GEMI,Mean,
1970-01,GEMI,Min,
1970-01,GEMI,Max,
1970-01,NDVI,Mean,
1970-01,NDVI,Min,
1970-01,NDVI,Max,
1970-01,NDWI,Mean,
1970-01,NDWI,Min,
1970-01,NDWI,Max,
1970-02,BWDRVI,Mean,
1970-02,BWDRVI,Min,
1970-02,BWDRVI,Max,
1970-02,EVI,Mean,
1970-02,EVI,Min,
1970-02,EVI,Max,
1970-02,EVI2,Mean,
1970-02,EVI2,Min,
1970-02,EVI2,Max,
1970-02,GEMI,Mean,
1970-02,GEMI,Min,
1970-02,GEMI,Max,
1970-02,NDVI,Mean,
1970-02,NDVI,Min,
1970-02,NDVI,Max,
1970-02,NDWI,Mean,
1970-02,NDWI,Min,
1970-02,NDWI,Max,
1970-03,BWDRVI,Mean,
1970-03,BWDRVI,Min,
1970-03,BWDRVI,Max,
1970-03,EVI,Mean,
1970-03,EVI,Min,
1970-03,EVI,Max,
1970-03,EVI2,Mean,
1970-03,EVI2,Min,
1970-03,EVI2,Max,
1970-03,GEMI,Mean,
1970-03,GEMI,Min,
1970-03,GEMI,Max,
1970-03,NDVI,Mean,
1970-03,NDVI,Min,
1970-03,NDVI,Max,
1970-03,NDWI,Mean,
1970-03,NDWI,Min,
1970-03,NDWI,Max,
1970-04,BWDRVI,Mean,
1970-04,BWDRVI,Min,
1970-04,BWDRVI,Max,
1970-04,EVI,Mean,
1970-04,EVI,Min,
1970-04,EVI,Max,
1970-04,EVI2,Mean,
1970-04,EVI2,Min,
1970-04,EVI2,Max,
1970-04,GEMI,Mean,
1970-04,GEMI,Min,
1970-04,GEMI,Max,
1970-04,NDVI,Mean,
1970-04,NDVI,Min,
1970-04,NDVI,Max,
1970-04,NDWI,Mean,
1970-04,NDWI,Min,
1970-04,NDWI,Max,
1970-05,BWDRVI,Mean,
1970-05,BWDRVI,Min,
1970-05,BWDRVI,Max,
1970-05,EVI,Mean,
1970-05,EVI,Min,
1970-05,EVI,Max,
1970-05,EVI2,Mean,
1970-05,EVI2,Min,
1970-05,EVI2,Max,
1970-05,GEMI,Mean,
1970-05,GEMI,Min,
1970-05,GEMI,Max,
1970-05,NDVI,Mean,
1970-05,NDVI,Min,
1970-05,NDVI,Max,
1970-05,NDWI,Mean,
1970-05,NDWI,Min,
1970-05,NDWI,Max,
1970-06,BWDRVI,Mean,
1970-06,BWDRVI,Min,
1970-06,BWDRVI,Max,
1970-06,EVI,Mean,
1970-06,EVI,Min,
1970-06,EVI,Max,
1970-06,EVI2,Mean,
1970-06,EVI2,Min,
1970-06,EVI2,Max,
1970-06,GEMI,Mean,
1970-06,GEMI,Min,
1970-06,GEMI,Max,
1970-06,NDVI,Mean,
1970-06,NDVI,Min,
1970-06,NDVI,Max,
1970-06,NDWI,Mean,
1970-06,NDWI,Min,
1970-06,NDWI,Max,
1970-07,BWDRVI,Mean,
1970-07,BWDRVI,Min,
1970-07,BWDRVI,Max,
1970-07,EVI,Mean,
1970-07,EVI,Min,
1970-07,EVI,Max,
1970-07,EVI2,Mean,
1970-07,EVI2,Min,
1970-07,EVI2,Max,
1970-07,GEMI,Mean,
1970-07,GEMI,Min,
1970-07,GEMI,Max,
1970-07,NDVI,Mean,
1970-07,NDVI,Min,
1970-07,NDVI,Max,
1970-07,NDWI,Mean,
1970-07,NDWI,Min,
1970-07,NDWI,Max,
1970-08,BWDRVI,Mean,
1970-08,BWDRVI,Min,
1970-08,BWDRVI,Max,
1970-08,EVI,Mean,
1970-08,EVI,Min,
1970-08,EVI,Max,
1970-08,EVI2,Mean,
1970-08,EVI2,Min,
1970-08,EVI2,Max,
1970-08,GEMI,Mean,
1970-08,GEMI,Min,
1970-08,GEMI,Max,
1970-08,NDVI,Mean,
1970-08,NDVI,Min,
1970-08,NDVI,Max,
1970-08,NDWI,Mean,
1970-08,NDWI,Min,
1970-08,NDWI,Max,
1970-09,BWDRVI,Mean,
1970-09,BWDRVI,Min,
1970-09,BWDRVI,Max,
1970-09,EVI,Mean,
1970-09,EVI,Min,
1970-09,EVI,Max,
1970-09,EVI2,Mean,
1970-09,EVI2,Min,
1970-09,EVI2,Max,
1970-09,GEMI,Mean,
1970-09,GEMI,Min,
1970-09,GEMI,Max,
1970-09,NDVI,Mean,
1970-09,NDVI,Min,
1970-09,NDVI,Max,
1970-09,NDWI,Mean,
1970-09,NDWI,Min,
1970-09,NDWI,Max,
1970-10,BWDRVI,Mean,
1970-10,BWDRVI,Min,
1970-10,BWDRVI,Max,
1970-10,EVI,Mean,
1970-10,EVI,Min,
1970-10,EVI,Max,
1970-10,EVI2,Mean,
1970-10,EVI2,Min,
1970-10,EVI2,Max,
1970-10,GEMI,Mean,
1970-10,GEMI,Min,
1970-10,GEMI,Max,
1970-10,NDVI,Mean,
1970-10,NDVI,Min,
1970-10,NDVI,Max,
1970-10,NDWI,Mean,
1970-10,NDWI,Min,
1970-10,NDWI,Max,
1970-11,BWDRVI,Mean,
1970-11,BWDRVI,Min,
1970-11,BWDRVI,Max,
1970-11,EVI,Mean,
1970-11,EVI,Min,
1970-11,EVI,Max,
1970-11,EVI2,Mean,
1970-11,EVI2,Min,
1970-11,EVI2,Max,
1970-11,GEMI,Mean,
1970-11,GEMI,Min,
1970-11,GEMI,Max,
1970-11,NDVI,Mean,
1970-11,NDVI,Min,
1970-11,NDVI,Max,
1970-11,NDWI,Mean,
1970-11,NDWI,Min,
1970-11,NDWI,Max,
1970-12,BWDRVI,Mean,
1970-12,BWDRVI,Min,
1970-12,BWDRVI,Max,
1970-12,EVI,Mean,
1970-12,EVI,Min,
1970-12,EVI,Max,
1970-12,EVI2,Mean,
1970-12,EVI2,Min,
1970-12,EVI2,Max,
1970-12,GEMI,Mean,
1970-12,GEMI,Min,
1970-12,GEMI,Max,
1970-12,NDVI,Mean,
1970-12,NDVI,Min,
1970-12,NDVI,Max,
1970-12,NDWI,Mean,
1970-12,NDWI,Min,
1970-12,NDWI,Max,
1971-01,BWDRVI,Mean,
1971-01,BWDRVI,Min,
1971-01,BWDRVI,Max,
1971-01,EVI,Mean,
1971-01,EVI,Min,
1971-01,EVI,Max,
1971-01,EVI2,Mean,
1971-01,EVI2,Min,
1971-01,EVI2,Max,
1971-01,GEMI,Mean,
1971-01,GEMI,Min,
1971-01,GEMI,Max,
1971-01,NDVI,Mean,
1971-01,NDVI,Min,
1971-01,NDVI,Max,
1971-01,NDWI,Mean,
1971-01,NDWI,Min,
1971-01,NDWI,Max,
1971-02,BWDRVI,Mean,
1971-02,BWDRVI,Min,
1971-02,BWDRVI,Max,
1971-02,EVI,Mean,
1971-02,EVI,Min,
1971-02,EVI,Max,
1971-02,EVI2,Mean,
1971-02,EVI2,Min,
1971-02,EVI2,Max,
1971-02,GEMI,Mean,
1971-02,GEMI,Min,
1971-02,GEMI,Max,
1971-02,NDVI,Mean,
1971-02,NDVI,Min,
1971-02,NDVI,Max,
1971-02,NDWI,Mean,
1971-02,NDWI,Min,
1971-02,NDWI,Max,
1971-03,BWDRVI,Mean,
1971-03,BWDRVI,Min,
1971-03,BWDRVI,Max,
1971-03,EVI,Mean,
1971-03,EVI,Min,
1971-03,EVI,Max,
1971-03,EVI2,Mean,
1971-03,EVI2,Min,
1971-03,EVI2,Max,
1971-03,GEMI,Mean,
1971-03,GEMI,Min,
1971-03,GEMI,Max,
1971-03,NDVI,Mean,
1971-03,NDVI,Min,
1971-03,NDVI,Max,
1971-03,NDWI,Mean,
1971-03,NDWI,Min,
1971-03,NDWI,Max,
1971-04,BWDRVI,Mean,
1971-04,BWDRVI,Min,
1971-04,BWDRVI,Max,
1971-04,EVI,Mean,
1971-04,EVI,Min,
1971-04,EVI,Max,
1971-04,EVI2,Mean,
1971-04,EVI2,Min,
1971-04,EVI2,Max,
1971-04,GEMI,Mean,
1971-04,GEMI,Min,
1971-04,GEMI,Max,
1971-04,NDVI,Mean,
1971-04,NDVI,Min,
1971-04,NDVI,Max,
1971-04,NDWI,Mean,
1971-04,NDWI,Min,
1971-04,NDWI,Max,
1971-05,BWDRVI,Mean,
1971-05,BWDRVI,Min,
1971-05,BWDRVI,Max,
1971-05,EVI,Mean,
1971-05,EVI,Min,
1971-05,EVI,Max,
1971-05,EVI2,Mean,
1971-05,EVI2,Min,
1971-05,EVI2,Max,
1971-05,GEMI,Mean,
1971-05,GEMI,Min,
1971-05,GEMI,Max,
1971-05,NDVI,Mean,
1971-05,NDVI,Min,
1971-05,NDVI,Max,
1971-05,NDWI,Mean,
1971-05,NDWI,Min,
1971-05,NDWI,Max,
1971-06,BWDRVI,Mean,
1971-06,BWDRVI,Min,
1971-06,BWDRVI,Max,
1971-06,EVI,Mean,
1971-06,EVI,Min,
1971-06,EVI,Max,
1971-06,EVI2,Mean,
1971-06,EVI2,Min,
1971-06,EVI2,Max,
1971-06,GEMI,Mean,
1971-06,GEMI,Min,
1971-06,GEMI,Max,
1971-06,NDVI,Mean,
1971-06,NDVI,Min,
1971-06,NDVI,Max,
1971-06,NDWI,Mean,
1971-06,NDWI,Min,
1971-06,NDWI,Max,
1971-07,BWDRVI,Mean,
1971-07,BWDRVI,Min,
1971-07,BWDRVI,Max,
1971-07,EVI,Mean,
1971-07,EVI,Min,
1971-07,EVI,Max,
1971-07,EVI2,Mean,
1971-07,EVI2,Min,
1971-07,EVI2,Max,
1971-07,GEMI,Mean,
1971-07,GEMI,Min,
1971-07,GEMI,Max,
1971-07,NDVI,Mean,
1971-07,NDVI,Min,
1971-07,NDVI,Max,
1971-07,NDWI,Mean,
1971-07,NDWI,Min,
1971-07,NDWI,Max,
1971-08,BWDRVI,Mean,
1971-08,BWDRVI,Min,
1971-08,BWDRVI,Max,
1971-08,EVI,Mean,
1971-08,EVI,Min,
1971-08,EVI,Max,
1971-08,EVI2,Mean,
1971-08,EVI2,Min,
1971-08,EVI2,Max,
1971-08,GEMI,Mean,
1971-08,GEMI,Min,
1971-08,GEMI,Max,
1971-08,NDVI,Mean,
1971-08,NDVI,Min,
1971-08,NDVI,Max,
1971-08,NDWI,Mean,
1971-08,NDWI,Min,
1971-08,NDWI,Max,
1971-09,BWDRVI,Mean,
1971-09,BWDRVI,Min,
1971-09,BWDRVI,Max,
1971-09,EVI,Mean,
1971-09,EVI,Min,
1971-09,EVI,Max,
1971-09,EVI2,Mean,
1971-09,EVI2,Min,
1971-09,EVI2,Max,
1971-09,GEMI,Mean,
1971-09,GEMI,Min,
1971-09,GEMI,Max,
1971-09,NDVI,Mean,
1971-09,NDVI,Min,
1971-09,NDVI,Max,
1971-09,NDWI,Mean,
1971-09,NDWI,Min,
1971-09,NDWI,Max,
1971-10,BWDRVI,Mean,
1971-10,BWDRVI,Min,
1971-10,BWDRVI,Max,
1971-10,EVI,Mean,
1971-10,EVI,Min,
1971-10,EVI,Max,
1971-10,EVI2,Mean,
1971-10,EVI2,Min,
1971-10,EVI2,Max,
1971-10,GEMI,Mean,
1971-10,GEMI,Min,
1971-10,GEMI,Max,
1971-10,NDVI,Mean,
1971-10,NDVI,Min,
1971-10,NDVI,Max,
1971-10,NDWI,Mean,
1971-10,NDWI,Min,
1971-10,NDWI,Max,
1971-11,BWDRVI,Mean,
1971-11,BWDRVI,Min,
1971-11,BWDRVI,Max,
1971-11,EVI,Mean,
1971-11,EVI,Min,
1971-11,EVI,Max,
1971-11,EVI2,Mean,
1971-11,EVI2,Min,
1971-11,EVI2,Max,
1971-11,GEMI,Mean,
1971-11,GEMI,Min,
1971-11,GEMI,Max,
1971-11,NDVI,Mean,
1971-11,NDVI,Min,
1971-11,NDVI,Max,
1971-11,NDWI,Mean,
1971-11,NDWI,Min,
1971-11,NDWI,Max,
1971-12,BWDRVI,Mean,
1971-12,BWDRVI,Min,
1971-12,BWDRVI,Max,
1971-12,EVI,Mean,
1971-12,EVI,Min,
1971-12,EVI,Max,
1971-12,EVI2,Mean,
1971-12,EVI2,Min,
1971-12,EVI2,Max,
1971-12,GEMI,Mean,
1971-12,GEMI,Min,
1971-12,GEMI,Max,
1971-12,NDVI,Mean,
1971-12,NDVI,Min,
1971-12,NDVI,Max,
1971-12,NDWI,Mean,
1971-12,NDWI,Min,
1971-12,NDWI,Max,
1972-01,BWDRVI,Mean,
1972-01,BWDRVI,Min,
1972-01,BWDRVI,Max,
1972-01,EVI,Mean,
1972-01,EVI,Min,
1972-01,EVI,Max,
1972-01,EVI2,Mean,
1972-01,EVI2,Min,
1972-01,EVI2,Max,
1972-01,GEMI,Mean,
1972-01,GEMI,Min,
1972-01,GEMI,Max,
1972-01,NDVI,Mean,
1972-01,NDVI,Min,
1972-01,NDVI,Max,
1972-01,NDWI,Mean,
1972-01,NDWI,Min,
1972-01,NDWI,Max,
1972-02,BWDRVI,Mean,
1972-02,BWDRVI,Min,
1972-02,BWDRVI,Max,
1972-02,EVI,Mean,
1972-02,EVI,Min,
1972-02,EVI,Max,
1972-02,EVI2,Mean,
1972-02,EVI2,Min,
1972-02,EVI2,Max,
1972-02,GEMI,Mean,
1972-02,GEMI,Min,
1972-02,GEMI,Max,
1972-02,NDVI,Mean,
1972-02,NDVI,Min,
1972-02,NDVI,Max,
1972-02,NDWI,Mean,
1972-02,NDWI,Min,
1972-02,NDWI,Max,
1972-03,BWDRVI,Mean,
1972-03,BWDRVI,Min,
1972-03,BWDRVI,Max,
1972-03,EVI,Mean,
1972-03,EVI,Min,
1972-03,EVI,Max,
1972-03,EVI2,Mean,
1972-03,EVI2,Min,
1972-03,EVI2,Max,
1972-03,GEMI,Mean,
1972-03,GEMI,Min,
1972-03,GEMI,Max,
1972-03,NDVI,Mean,
1972-03,NDVI,Min,
1972-03,NDVI,Max,
1972-03,NDWI,Mean,
1972-03,NDWI,Min,
1972-03,NDWI,Max,
1972-04,BWDRVI,Mean,
1972-04,BWDRVI,Min,
1972-04,BWDRVI,Max,
1972-04,EVI,Mean,
1972-04,EVI,Min,
1972-04,EVI,Max,
1972-04,EVI2,Mean,
1972-04,EVI2,Min,
1972-04,EVI2,Max,
1972-04,GEMI,Mean,
1972-04,GEMI,Min,
1972-04,GEMI,Max,
1972-04,NDVI,Mean,
1972-04,NDVI,Min,
1972-04,NDVI,Max,
1972-04,NDWI,Mean,
1972-04,NDWI,Min,
1972-04,NDWI,Max,
1972-05,BWDRVI,Mean,
1972-05,BWDRVI,Min,
1972-05,BWDRVI,Max,
1972-05,EVI,Mean,
1972-05,EVI,Min,
1972-05,EVI,Max,
1972-05,EVI2,Mean,
1972-05,EVI2,Min,
1972-05,EVI2,Max,
1972-05,GEMI,Mean,
1972-05,GEMI,Min,
1972-05,GEMI,Max,
1972-05,NDVI,Mean,
1972-05,NDVI,Min,
1972-05,NDVI,Max,
1972-05,NDWI,Mean,
1972-05,NDWI,Min,
1972-05,NDWI,Max,
1972-06,BWDRVI,Mean,
1972-06,BWDRVI,Min,
1972-06,BWDRVI,Max,
1972-06,EVI,Mean,
1972-06,EVI,Min,
1972-06,EVI,Max,
1972-06,EVI2,Mean,
1972-06,EVI2,Min,
1972-06,EVI2,Max,
1972-06,GEMI,Mean,
1972-06,GEMI,Min,
1972-06,GEMI,Max,
1972-06,NDVI,Mean,
1972-06,NDVI,Min,
1972-06,NDVI,Max,
1972-06,NDWI,Mean,
1972-06,NDWI,Min,
1972-06,NDWI,Max,
1972-07,BWDRVI,Mean,
1972-07,BWDRVI,Min,
1972-07,BWDRVI,Max,
1972-07,EVI,Mean,
1972-07,EVI,Min,
1972-07,EVI,Max,
1972-07,EVI2,Mean,
1972-07,EVI2,Min,
1972-07,EVI2,Max,
1972-07,GEMI,Mean,
1972-07,GEMI,Min,
1972-07,GEMI,Max,
1972-07,NDVI,Mean,
1972-07,NDVI,Min,
1972-07,NDVI,Max,
1972-07,NDWI,Mean,
1972-07,NDWI,Min,
1972-07,NDWI,Max,
1972-08,BWDRVI,Mean,
1972-08,BWDRVI,Min,
1972-08,BWDRVI,Max,
1972-08,EVI,Mean,
1972-08,EVI,Min,
1972-08,EVI,Max,
1972-08,EVI2,Mean,
1972-08,EVI2,Min,
1972-08,EVI2,Max,
1972-08,GEMI,Mean,
1972-08,GEMI,Min,
1972-08,GEMI,Max,
1972-08,NDVI,Mean,
1972-08,NDVI,Min,
1972-08,NDVI,Max,
1972-08,NDWI,Mean,
1972-08,NDWI,Min,
1972-08,NDWI,Max,
1972-09,BWDRVI,Mean,
1972-09,BWDRVI,Min,
1972-09,BWDRVI,Max,
1972-09,EVI,Mean,
1972-09,EVI,Min,
1972-09,EVI,Max,
1972-09,EVI2,Mean,
1972-09,EVI2,Min,
1972-09,EVI2,Max,
1972-09,GEMI,Mean,
1972-09,GEMI,Min,
1972-09,GEMI,Max,
1972-09,NDVI,Mean,
1972-09,NDVI,Min,
1972-09,NDVI,Max,
1972-09,NDWI,Mean,
1972-09,NDWI,Min,
1972-09,NDWI,Max,
1972-10,BWDRVI,Mean,
1972-10,BWDRVI,Min,
1972-10,BWDRVI,Max,
1972-10,EVI,Mean,
1972-10,EVI,Min,
1972-10,EVI,Max,
1972-10,EVI2,Mean,
1972-10,EVI2,Min,
1972-10,EVI2,Max,
1972-10,GEMI,Mean,
1972-10,GEMI,Min,
1972-10,GEMI,Max,
1972-10,NDVI,Mean,
1972-10,NDVI,Min,
1972-10,NDVI,Max,
1972-10,NDWI,Mean,
1972-10,NDWI,Min,
1972-10,NDWI,Max,
1972-11,BWDRVI,Mean,
1972-11,BWDRVI,Min,
1972-11,BWDRVI,Max,
1972-11,EVI,Mean,
1972-11,EVI,Min,
1972-11,EVI,Max,
1972-11,EVI2,Mean,
1972-11,EVI2,Min,
1972-11,EVI2,Max,
1972-11,GEMI,Mean,
1972-11,GEMI,Min,
1972-11,GEMI,Max,
1972-11,NDVI,Mean,
1972-11,NDVI,Min,
1972-11,NDVI,Max,
1972-11,NDWI,Mean,
1972-11,NDWI,Min,
1972-11,NDWI,Max,
1972-12,BWDRVI,Mean,
1972-12,BWDRVI,Min,
1972-12,BWDRVI,Max,
1972-12,EVI,Mean,
1972-12,EVI,Min,
1972-12,EVI,Max,
1972-12,EVI2,Mean,
1972-12,EVI2,Min,
1972-12,EVI2,Max,
1972-12,GEMI,Mean,
1972-12,GEMI,Min,
1972-12,GEMI,Max,
1972-12,NDVI,Mean,
1972-12,NDVI,Min,
1972-12,NDVI,Max,
1972-12,NDWI,Mean,
1972-12,NDWI,Min,
1972-12,NDWI,Max,
1973-01,BWDRVI,Mean,
1973-01,BWDRVI,Min,
1973-01,BWDRVI,Max,
1973-01,EVI,Mean,
1973-01,EVI,Min,
1973-01,EVI,Max,
1973-01,EVI2,Mean,
1973-01,EVI2,Min,
1973-01,EVI2,Max,
1973-01,GEMI,Mean,
1973-01,GEMI,Min,
1973-01,GEMI,Max,
1973-01,NDVI,Mean,
1973-01,NDVI,Min,
1973-01,NDVI,Max,
1973-01,NDWI,Mean,
1973-01,NDWI,Min,
1973-01,NDWI,Max,
1973-02,BWDRVI,Mean,
1973-02,BWDRVI,Min,
1973-02,BWDRVI,Max,
1973-02,EVI,Mean,
1973-02,EVI,Min,
1973-02,EVI,Max,
1973-02,EVI2,Mean,
1973-02,EVI2,Min,
1973-02,EVI2,Max,
1973-02,GEMI,Mean,
1973-02,GEMI,Min,
1973-02,GEMI,Max,
1973-02,NDVI,Mean,
1973-02,NDVI,Min,
1973-02,NDVI,Max,
1973-02,NDWI,Mean,
1973-02,NDWI,Min,
1973-02,NDWI,Max,
1973-03,BWDRVI,Mean,
1973-03,BWDRVI,Min,
1973-03,BWDRVI,Max,
1973-03,EVI,Mean,
1973-03,EVI,Min,
1973-03,EVI,Max,
1973-03,EVI2,Mean,
1973-03,EVI2,Min,
1973-03,EVI2,Max,
1973-03,GEMI,Mean,
1973-03,GEMI,Min,
1973-03,GEMI,Max,
1973-03,NDVI,Mean,
1973-03,NDVI,Min,
1973-03,NDVI,Max,
1973-03,NDWI,Mean,
1973-03,NDWI,Min,
1973-03,NDWI,Max,
1973-04,BWDRVI,Mean,
1973-04,BWDRVI,Min,
1973-04,BWDRVI,Max,
1973-04,EVI,Mean,
1973-04,EVI,Min,
1973-04,EVI,Max,
1973-04,EVI2,Mean,
1973-04,EVI2,Min,
1973-04,EVI2,Max,
1973-04,GEMI,Mean,
1973-04,GEMI,Min,
1973-04,GEMI,Max,
1973-04,NDVI,Mean,
1973-04,NDVI,Min,
1973-04,NDVI,Max,
1973-04,NDWI,Mean,
1973-04,NDWI,Min,
1973-04,NDWI,Max,
1973-05,BWDRVI,Mean,
1973-05,BWDRVI,Min,
1973-05,BWDRVI,Max,
1973-05,EVI,Mean,
1973-05,EVI,Min,
1973-05,EVI,Max,
1973-05,EVI2,Mean,
1973-05,EVI2,Min,
1973-05,EVI2,Max,
1973-05,GEMI,Mean,
1973-05,GEMI,Min,
1973-05,GEMI,Max,
1973-05,NDVI,Mean,
1973-05,NDVI,Min,
1973-05,NDVI,Max,
1973-05,NDWI,Mean,
1973-05,NDWI,Min,
1973-05,NDWI,Max,
1973-06,BWDRVI,Mean,
1973-06,BWDRVI,Min,
1973-06,BWDRVI,Max,
1973-06,EVI,Mean,
1973-06,EVI,Min,
1973-06,EVI,Max,
1973-06,EVI2,Mean,
1973-06,EVI2,Min,
1973-06,EVI2,Max,
1973-06,GEMI,Mean,
1973-06,GEMI,Min,
1973-06,GEMI,Max,
1973-06,NDVI,Mean,
1973-06,NDVI,Min,
1973-06,NDVI,Max,
1973-06,NDWI,Mean,
1973-06,NDWI,Min,
1973-06,NDWI,Max,
1973-07,BWDRVI,Mean,
1973-07,BWDRVI,Min,
1973-07,BWDRVI,Max,
1973-07,EVI,Mean,
1973-07,EVI,Min,
1973-07,EVI,Max,
1973-07,EVI2,Mean,
1973-07,EVI2,Min,
1973-07,EVI2,Max,
1973-07,GEMI,Mean,
1973-07,GEMI,Min,
1973-07,GEMI,Max,
1973-07,NDVI,Mean,
1973-07,NDVI,Min,
1973-07,NDVI,Max,
1973-07,NDWI,Mean,
1973-07,NDWI,Min,
1973-07,NDWI,Max,
1973-08,BWDRVI,Mean,
1973-08,BWDRVI,Min,
1973-08,BWDRVI,Max,
1973-08,EVI,Mean,
1973-08,EVI,Min,
1973-08,EVI,Max,
1973-08,EVI2,Mean,
1973-08,EVI2,Min,
1973-08,EVI2,Max,
1973-08,GEMI,Mean,
1973-08,GEMI,Min,
1973-08,GEMI,Max,
1973-08,NDVI,Mean,
1973-08,NDVI,Min,
1973-08,NDVI,Max,
1973-08,NDWI,Mean,
1973-08,NDWI,Min,
1973-08,NDWI,Max,
1973-09,BWDRVI,Mean,
1973-09,BWDRVI,Min,
1973-09,BWDRVI,Max,
1973-09,EVI,Mean,
1973-09,EVI,Min,
1973-09,EVI,Max,
1973-09,EVI2,Mean,
1973-09,EVI2,Min,
1973-09,EVI2,Max,
1973-09,GEMI,Mean,
1973-09,GEMI,Min,
1973-09,GEMI,Max,
1973-09,NDVI,Mean,
1973-09,NDVI,Min,
1973-09,NDVI,Max,
1973-09,NDWI,Mean,
1973-09,NDWI,Min,
1973-09,NDWI,Max,
1973-10,BWDRVI,Mean,
1973-10,BWDRVI,Min,
1973-10,BWDRVI,Max,
1973-10,EVI,Mean,
1973-10,EVI,Min,
1973-10,EVI,Max,
1973-10,EVI2,Mean,
1973-10,EVI2,Min,
1973-10,EVI2,Max,
1973-10,GEMI,Mean,
1973-10,GEMI,Min,
1973-10,GEMI,Max,
1973-10,NDVI,Mean,
1973-10,NDVI,Min,
1973-10,NDVI,Max,
1973-10,NDWI,Mean,
1973-10,NDWI,Min,
1973-10,NDWI,Max,
1973-11,BWDRVI,Mean,
1973-11,BWDRVI,Min,
1973-11,BWDRVI,Max,
1973-11,EVI,Mean,
1973-11,EVI,Min,
1973-11,EVI,Max,
1973-11,EVI2,Mean,
1973-11,EVI2,Min,
1973-11,EVI2,Max,
1973-11,GEMI,Mean,
1973-11,GEMI,Min,
1973-11,GEMI,Max,
1973-11,NDVI,Mean,
1973-11,NDVI,Min,
1973-11,NDVI,Max,
1973-11,NDWI,Mean,
1973-11,NDWI,Min,
1973-11,NDWI,Max,
1973-12,BWDRVI,Mean,
1973-12,BWDRVI,Min,
1973-12,BWDRVI,Max,
1973-12,EVI,Mean,
1973-12,EVI,Min,
1973-12,EVI,Max,
1973-12,EVI2,Mean,
1973-12,EVI2,Min,
1973-12,EVI2,Max,
1973-12,GEMI,Mean,
1973-12,GEMI,Min,
1973-12,GEMI,Max,
1973-12,NDVI,Mean,
1973-12,NDVI,Min,
1973-12,NDVI,Max,
1973-12,NDWI,Mean,
1973-12,NDWI,Min,
1973-12,NDWI,Max,
1974-01,BWDRVI,Mean,
1974-01,BWDRVI,Min,
1974-01,BWDRVI,Max,
1974-01,EVI,Mean,
1974-01,EVI,Min,
1974-01,EVI,Max,
1974-01,EVI2,Mean,
1974-01,EVI2,Min,
1974-01,EVI2,Max,
1974-01,GEMI,Mean,
1974-01,GEMI,Min,
1974-01,GEMI,Max,
1974-01,NDVI,Mean,
1974-01,NDVI,Min,
1974-01,NDVI,Max,
1974-01,NDWI,Mean,
1974-01,NDWI,Min,
1974-01,NDWI,Max,
1974-02,BWDRVI,Mean,
1974-02,BWDRVI,Min,
1974-02,BWDRVI,Max,
1974-02,EVI,Mean,
1974-02,EVI,Min,
1974-02,EVI,Max,
1974-02,EVI2,Mean,
1974-02,EVI2,Min,
1974-02,EVI2,Max,
1974-02,GEMI,Mean,
1974-02,GEMI,Min,
1974-02,GEMI,Max,
1974-02,NDVI,Mean,
1974-02,NDVI,Min,
1974-02,NDVI,Max,
1974-02,NDWI,Mean,
1974-02,NDWI,Min,
1974-02,NDWI,Max,
1974-03,BWDRVI,Mean,
1974-03,BWDRVI,Min,
1974-03,BWDRVI,Max,
1974-03,EVI,Mean,
1974-03,EVI,Min,
1974-03,EVI,Max,
1974-03,EVI2,Mean,
1974-03,EVI2,Min,
1974-03,EVI2,Max,
1974-03,GEMI,Mean,
1974-03,GEMI,Min,
1974-03,GEMI,Max,
1974-03,NDVI,Mean,
1974-03,NDVI,Min,
1974-03,NDVI,Max,
1974-03,NDWI,Mean,
1974-03,NDWI,Min,
1974-03,NDWI,Max,
1974-04,BWDRVI,Mean,
1974-04,BWDRVI,Min,
1974-04,BWDRVI,Max,
1974-04,EVI,Mean,
1974-04,EVI,Min,
1974-04,EVI,Max,
1974-04,EVI2,Mean,
1974-04,EVI2,Min,
1974-04,EVI2,Max,
1974-04,GEMI,Mean,
1974-04,GEMI,Min,
1974-04,GEMI,Max,
1974-04,NDVI,Mean,
1974-04,NDVI,Min,
1974-04,NDVI,Max,
1974-04,NDWI,Mean,
1974-04,NDWI,Min,
1974-04,NDWI,Max,
1974-05,BWDRVI,Mean,
1974-05,BWDRVI,Min,
1974-05,BWDRVI,Max,
1974-05,EVI,Mean,
1974-05,EVI,Min,
1974-05,EVI,Max,
1974-05,EVI2,Mean,
1974-05,EVI2,Min,
1974-05,EVI2,Max,
1974-05,GEMI,Mean,
1974-05,GEMI,Min,
1974-05,GEMI,Max,
1974-05,NDVI,Mean,
1974-05,NDVI,Min,
1974-05,NDVI,Max,
1974-05,NDWI,Mean,
1974-05,NDWI,Min,
1974-05,NDWI,Max,
1974-06,BWDRVI,Mean,
1974-06,BWDRVI,Min,
1974-06,BWDRVI,Max,
1974-06,EVI,Mean,
1974-06,EVI,Min,
1974-06,EVI,Max,
1974-06,EVI2,Mean,
1974-06,EVI2,Min,
1974-06,EVI2,Max,
1974-06,GEMI,Mean,
1974-06,GEMI,Min,
1974-06,GEMI,Max,
1974-06,NDVI,Mean,
1974-06,NDVI,Min,
1974-06,NDVI,Max,
1974-06,NDWI,Mean,
1974-06,NDWI,Min,
1974-06,NDWI,Max,
1974-07,BWDRVI,Mean,
1974-07,BWDRVI,Min,
1974-07,BWDRVI,Max,
1974-07,EVI,Mean,
1974-07,EVI,Min,
1974-07,EVI,Max,
1974-07,EVI2,Mean,
1974-07,EVI2,Min,
1974-07,EVI2,Max,
1974-07,GEMI,Mean,
1974-07,GEMI,Min,
1974-07,GEMI,Max,
1974-07,NDVI,Mean,
1974-07,NDVI,Min,
1974-07,NDVI,Max,
1974-07,NDWI,Mean,
1974-07,NDWI,Min,
1974-07,NDWI,Max,
1974-08,BWDRVI,Mean,
1974-08,BWDRVI,Min,
1974-08,BWDRVI,Max,
1974-08,EVI,Mean,
1974-08,EVI,Min,
1974-08,EVI,Max,
1974-08,EVI2,Mean,
1974-08,EVI2,Min,
1974-08,EVI2,Max,
1974-08,GEMI,Mean,
1974-08,GEMI,Min,
1974-08,GEMI,Max,
1974-08,NDVI,Mean,
1974-08,NDVI,Min,
1974-08,NDVI,Max,
1974-08,NDWI,Mean,
1974-08,NDWI,Min,
1974-08,NDWI,Max,
1974-09,BWDRVI,Mean,
1974-09,BWDRVI,Min,
1974-09,BWDRVI,Max,
1974-09,EVI,Mean,
1974-09,EVI,Min,
1974-09,EVI,Max,
1974-09,EVI2,Mean,
1974-09,EVI2,Min,
1974-09,EVI2,Max,
1974-09,GEMI,Mean,
1974-09,GEMI,Min,
1974-09,GEMI,Max,
1974-09,NDVI,Mean,
1974-09,NDVI,Min,
1974-09,NDVI,Max,
1974-09,NDWI,Mean,
1974-09,NDWI,Min,
1974-09,NDWI,Max,
1974-10,BWDRVI,Mean,
1974-10,BWDRVI,Min,
1974-10,BWDRVI,Max,
1974-10,EVI,Mean,
1974-10,EVI,Min,
1974-10,EVI,Max,
1974-10,EVI2,Mean,
1974-10,EVI2,Min,
1974-10,EVI2,Max,
1974-10,GEMI,Mean,
1974-10,GEMI,Min,
1974-10,GEMI,Max,
1974-10,NDVI,Mean,
1974-10,NDVI,Min,
1974-10,NDVI,Max,
1974-10,NDWI,Mean,
1974-10,NDWI,Min,
1974-10,NDWI,Max,
1974-11,BWDRVI,Mean,
1974-11,BWDRVI,Min,
1974-11,BWDRVI,Max,
1974-11,EVI,Mean,
1974-11,EVI,Min,
1974-11,EVI,Max,
1974-11,EVI2,Mean,
1974-11,EVI2,Min,
1974-11,EVI2,Max,
1974-11,GEMI,Mean,
1974-11,GEMI,Min,
1974-11,GEMI,Max,
1974-11,NDVI,Mean,
1974-11,NDVI,Min,
1974-11,NDVI,Max,
1974-11,NDWI,Mean,
1974-11,NDWI,Min,
1974-11,NDWI,Max,
1974-12,BWDRVI,Mean,
1974-12,BWDRVI,Min,
1974-12,BWDRVI,Max,
1974-12,EVI,Mean,
1974-12,EVI,Min,
1974-12,EVI,Max,
1974-12,EVI2,Mean,
1974-12,EVI2,Min,
1974-12,EVI2,Max,
1974-12,GEMI,Mean,
1974-12,GEMI,Min,
1974-12,GEMI,Max,
1974-12,NDVI,Mean,
1974-12,NDVI,Min,
1974-12,NDVI,Max,
1974-12,NDWI,Mean,
1974-12,NDWI,Min,
1974-12,NDWI,Max,
1975-01,BWDRVI,Mean,
1975-01,BWDRVI,Min,
1975-01,BWDRVI,Max,
1975-01,EVI,Mean,
1975-01,EVI,Min,
1975-01,EVI,Max,
1975-01,EVI2,Mean,
1975-01,EVI2,Min,
1975-01,EVI2,Max,
1975-01,GEMI,Mean,
1975-01,GEMI,Min,
1975-01,GEMI,Max,
1975-01,NDVI,Mean,
1975-01,NDVI,Min,
1975-01,NDVI,Max,
1975-01,NDWI,Mean,
1975-01,NDWI,Min,
1975-01,NDWI,Max,
1975-02,BWDRVI,Mean,
1975-02,BWDRVI,Min,
1975-02,BWDRVI,Max,
1975-02,EVI,Mean,
1975-02,EVI,Min,
1975-02,EVI,Max,
1975-02,EVI2,Mean,
1975-02,EVI2,Min,
1975-02,EVI2,Max,
1975-02,GEMI,Mean,
1975-02,GEMI,Min,
1975-02,GEMI,Max,
1975-02,NDVI,Mean,
1975-02,NDVI,Min,
1975-02,NDVI,Max,
1975-02,NDWI,Mean,
1975-02,NDWI,Min,
1975-02,NDWI,Max,
1975-03,BWDRVI,Mean,
1975-03,BWDRVI,Min,
1975-03,BWDRVI,Max,
1975-03,EVI,Mean,
1975-03,EVI,Min,
1975-03,EVI,Max,
1975-03,EVI2,Mean,
1975-03,EVI2,Min,
1975-03,EVI2,Max,
1975-03,GEMI,Mean,
1975-03,GEMI,Min,
1975-03,GEMI,Max,
1975-03,NDVI,Mean,
1975-03,NDVI,Min,
1975-03,NDVI,Max,
1975-03,NDWI,Mean,
1975-03,NDWI,Min,
1975-03,NDWI,Max,
1975-04,BWDRVI,Mean,
1975-04,BWDRVI,Min,
1975-04,BWDRVI,Max,
1975-04,EVI,Mean,
1975-04,EVI,Min,
1975-04,EVI,Max,
1975-04,EVI2,Mean,
1975-04,EVI2,Min,
1975-04,EVI2,Max,
1975-04,GEMI,Mean,
1975-04,GEMI,Min,
1975-04,GEMI,Max,
1975-04,NDVI,Mean,
1975-04,NDVI,Min,
1975-04,NDVI,Max,
1975-04,NDWI,Mean,
1975-04,NDWI,Min,
1975-04,NDWI,Max,
1975-05,BWDRVI,Mean,
1975-05,BWDRVI,Min,
1975-05,BWDRVI,Max,
1975-05,EVI,Mean,
1975-05,EVI,Min,
1975-05,EVI,Max,
1975-05,EVI2,Mean,
1975-05,EVI2,Min,
1975-05,EVI2,Max,
1975-05,GEMI,Mean,
1975-05,GEMI,Min,
1975-05,GEMI,Max,
1975-05,NDVI,Mean,
1975-05,NDVI,Min,
1975-05,NDVI,Max,
1975-05,NDWI,Mean,
1975-05,NDWI,Min,
1975-05,NDWI,Max,
1975-06,BWDRVI,Mean,
1975-06,BWDRVI,Min,
1975-06,BWDRVI,Max,
1975-06,EVI,Mean,
1975-06,EVI,Min,
1975-06,EVI,Max,
1975-06,EVI2,Mean,
1975-06,EVI2,Min,
1975-06,EVI2,Max,
1975-06,GEMI,Mean,
1975-06,GEMI,Min,
1975-06,GEMI,Max,
1975-06,NDVI,Mean,
1975-06,NDVI,Min,
1975-06,NDVI,Max,
1975-06,NDWI,Mean,
1975-06,NDWI,Min,
1975-06,NDWI,Max,
1975-07,BWDRVI,Mean,
1975-07,BWDRVI,Min,
1975-07,BWDRVI,Max,
1975-07,EVI,Mean,
1975-07,EVI,Min,
1975-07,EVI,Max,
1975-07,EVI2,Mean,
1975-07,EVI2,Min,
1975-07,EVI2,Max,
1975-07,GEMI,Mean,
1975-07,GEMI,Min,
1975-07,GEMI,Max,
1975-07,NDVI,Mean,
1975-07,NDVI,Min,
1975-07,NDVI,Max,
1975-07,NDWI,Mean,
1975-07,NDWI,Min,
1975-07,NDWI,Max,
1975-08,BWDRVI,Mean,
1975-08,BWDRVI,Min,
1975-08,BWDRVI,Max,
1975-08,EVI,Mean,
1975-08,EVI,Min,
1975-08,EVI,Max,
1975-08,EVI2,Mean,
1975-08,EVI2,Min,
1975-08,EVI2,Max,
1975-08,GEMI,Mean,
1975-08,GEMI,Min,
1975-08,GEMI,Max,
1975-08,NDVI,Mean,
1975-08,NDVI,Min,
1975-08,NDVI,Max,
1975-08,NDWI,Mean,
1975-08,NDWI,Min,
1975-08,NDWI,Max,
1975-09,BWDRVI,Mean,
1975-09,BWDRVI,Min,
1975-09,BWDRVI,Max,
1975-09,EVI,Mean,
1975-09,EVI,Min,
1975-09,EVI,Max,
1975-09,EVI2,Mean,
1975-09,EVI2,Min,
1975-09,EVI2,Max,
1975-09,GEMI,Mean,
1975-09,GEMI,Min,
1975-09,GEMI,Max,
1975-09,NDVI,Mean,
1975-09,NDVI,Min,
1975-09,NDVI,Max,
1975-09,NDWI,Mean,
1975-09,NDWI,Min,
1975-09,NDWI,Max,
1975-10,BWDRVI,Mean,
1975-10,BWDRVI,Min,
1975-10,BWDRVI,Max,
1975-10,EVI,Mean,
1975-10,EVI,Min,
1975-10,EVI,Max,
1975-10,EVI2,Mean,
1975-10,EVI2,Min,
1975-10,EVI2,Max,
1975-10,GEMI,Mean,
1975-10,GEMI,Min,
1975-10,GEMI,Max,
1975-10,NDVI,Mean,
1975-10,NDVI,Min,
1975-10,NDVI,Max,
1975-10,NDWI,Mean,
1975-10,NDWI,Min,
1975-10,NDWI,Max,
1975-11,BWDRVI,Mean,
1975-11,BWDRVI,Min,
1975-11,BWDRVI,Max,
1975-11,EVI,Mean,
1975-11,EVI,Min,
1975-11,EVI,Max,
1975-11,EVI2,Mean,
1975-11,EVI2,Min,
1975-11,EVI2,Max,
1975-11,GEMI,Mean,
1975-11,GEMI,Min,
1975-11,GEMI,Max,
1975-11,NDVI,Mean,
1975-11,NDVI,Min,
1975-11,NDVI,Max,
1975-11,NDWI,Mean,
1975-11,NDWI,Min,
1975-11,NDWI,Max,
1975-12,BWDRVI,Mean,
1975-12,BWDRVI,Min,
1975-12,BWDRVI,Max,
1975-12,EVI,Mean,
1975-12,EVI,Min,
1975-12,EVI,Max,
1975-12,EVI2,Mean,
1975-12,EVI2,Min,
1975-12,EVI2,Max,
1975-12,GEMI,Mean,
1975-12,GEMI,Min,
1975-12,GEMI,Max,
1975-12,NDVI,Mean,
1975-12,NDVI,Min,
1975-12,NDVI,Max,
1975-12,NDWI,Mean,
1975-12,NDWI,Min,
1975-12,NDWI,Max,
1976-01,BWDRVI,Mean,
1976-01,BWDRVI,Min,
1976-01,BWDRVI,Max,
1976-01,EVI,Mean,
1976-01,EVI,Min,
1976-01,EVI,Max,
1976-01,EVI2,Mean,
1976-01,EVI2,Min,
1976-01,EVI2,Max,
1976-01,GEMI,Mean,
1976-01,GEMI,Min,
1976-01,GEMI,Max,
1976-01,NDVI,Mean,
1976-01,NDVI,Min,
1976-01,NDVI,Max,
1976-01,NDWI,Mean,
1976-01,NDWI,Min,
1976-01,NDWI,Max,
1976-02,BWDRVI,Mean,
1976-02,BWDRVI,Min,
1976-02,BWDRVI,Max,
1976-02,EVI,Mean,
1976-02,EVI,Min,
1976-02,EVI,Max,
1976-02,EVI2,Mean,
1976-02,EVI2,Min,
1976-02,EVI2,Max,
1976-02,GEMI,Mean,
1976-02,GEMI,Min,
1976-02,GEMI,Max,
1976-02,NDVI,Mean,
1976-02,NDVI,Min,
1976-02,NDVI,Max,
1976-02,NDWI,Mean,
1976-02,NDWI,Min,
1976-02,NDWI,Max,
1976-03,BWDRVI,Mean,
1976-03,BWDRVI,Min,
1976-03,BWDRVI,Max,
1976-03,EVI,Mean,
1976-03,EVI,Min,
1976-03,EVI,Max,
1976-03,EVI2,Mean,
1976-03,EVI2,Min,
1976-03,EVI2,Max,
1976-03,GEMI,Mean,
1976-03,GEMI,Min,
1976-03,GEMI,Max,
1976-03,NDVI,Mean,
1976-03,NDVI,Min,
1976-03,NDVI,Max,
1976-03,NDWI,Mean,
1976-03,NDWI,Min,
1976-03,NDWI,Max,
1976-04,BWDRVI,Mean,
1976-04,BWDRVI,Min,
1976-04,BWDRVI,Max,
1976-04,EVI,Mean,
1976-04,EVI,Min,
1976-04,EVI,Max,
1976-04,EVI2,Mean,
1976-04,EVI2,Min,
1976-04,EVI2,Max,
1976-04,GEMI,Mean,
1976-04,GEMI,Min,
1976-04,GEMI,Max,
1976-04,NDVI,Mean,
1976-04,NDVI,Min,
1976-04,NDVI,Max,
1976-04,NDWI,Mean,
1976-04,NDWI,Min,
1976-04,NDWI,Max,
1976-05,BWDRVI,Mean,
1976-05,BWDRVI,Min,
1976-05,BWDRVI,Max,
1976-05,EVI,Mean,
1976-05,EVI,Min,
1976-05,EVI,Max,
1976-05,EVI2,Mean,
1976-05,EVI2,Min,
1976-05,EVI2,Max,
1976-05,GEMI,Mean,
1976-05,GEMI,Min,
1976-05,GEMI,Max,
1976-05,NDVI,Mean,
1976-05,NDVI,Min,
1976-05,NDVI,Max,
1976-05,NDWI,Mean,
1976-05,NDWI,Min,
1976-05,NDWI,Max,
1976-06,BWDRVI,Mean,
1976-06,BWDRVI,Min,
1976-06,BWDRVI,Max,
1976-06,EVI,Mean,
1976-06,EVI,Min,
1976-06,EVI,Max,
1976-06,EVI2,Mean,
1976-06,EVI2,Min,
1976-06,EVI2,Max,
1976-06,GEMI,Mean,
1976-06,GEMI,Min,
1976-06,GEMI,Max,
1976-06,NDVI,Mean,
1976-06,NDVI,Min,
1976-06,NDVI,Max,
1976-06,NDWI,Mean,
1976-06,NDWI,Min,
1976-06,NDWI,Max,
1976-07,BWDRVI,Mean,
1976-07,BWDRVI,Min,
1976-07,BWDRVI,Max,
1976-07,EVI,Mean,
1976-07,EVI,Min,
1976-07,EVI,Max,
1976-07,EVI2,Mean,
1976-07,EVI2,Min,
1976-07,EVI2,Max,
1976-07,GEMI,Mean,
1976-07,GEMI,Min,
1976-07,GEMI,Max,
1976-07,NDVI,Mean,
1976-07,NDVI,Min,
1976-07,NDVI,Max,
1976-07,NDWI,Mean,
1976-07,NDWI,Min,
1976-07,NDWI,Max,
1976-08,BWDRVI,Mean,
1976-08,BWDRVI,Min,
1976-08,BWDRVI,Max,
1976-08,EVI,Mean,
1976-08,EVI,Min,
1976-08,EVI,Max,
1976-08,EVI2,Mean,
1976-08,EVI2,Min,
1976-08,EVI2,Max,
1976-08,GEMI,Mean,
1976-08,GEMI,Min,
1976-08,GEMI,Max,
1976-08,NDVI,Mean,
1976-08,NDVI,Min,
1976-08,NDVI,Max,
1976-08,NDWI,Mean,
1976-08,NDWI,Min,
1976-08,NDWI,Max,
1976-09,BWDRVI,Mean,
1976-09,BWDRVI,Min,
1976-09,BWDRVI,Max,
1976-09,EVI,Mean,
1976-09,EVI,Min,
1976-09,EVI,Max,
1976-09,EVI2,Mean,
1976-09,EVI2,Min,
1976-09,EVI2,Max,
1976-09,GEMI,Mean,
1976-09,GEMI,Min,
1976-09,GEMI,Max,
1976-09,NDVI,Mean,
1976-09,NDVI,Min,
1976-09,NDVI,Max,
1976-09,NDWI,Mean,
1976-09,NDWI,Min,
1976-09,NDWI,Max,
1976-10,BWDRVI,Mean,
1976-10,BWDRVI,Min,
1976-10,BWDRVI,Max,
1976-10,EVI,Mean,
1976-10,EVI,Min,
1976-10,EVI,Max,
1976-10,EVI2,Mean,
1976-10,EVI2,Min,
1976-10,EVI2,Max,
1976-10,GEMI,Mean,
1976-10,GEMI,Min,
1976-10,GEMI,Max,
1976-10,NDVI,Mean,
1976-10,NDVI,Min,
1976-10,NDVI,Max,
1976-10,NDWI,Mean,
1976-10,NDWI,Min,
1976-10,NDWI,Max,
1976-11,BWDRVI,Mean,
1976-11,BWDRVI,Min,
1976-11,BWDRVI,Max,
1976-11,EVI,Mean,
1976-11,EVI,Min,
1976-11,EVI,Max,
1976-11,EVI2,Mean,
1976-11,EVI2,Min,
1976-11,EVI2,Max,
1976-11,GEMI,Mean,
1976-11,GEMI,Min,
1976-11,GEMI,Max,
1976-11,NDVI,Mean,
1976-11,NDVI,Min,
1976-11,NDVI,Max,
1976-11,NDWI,Mean,
1976-11,NDWI,Min,
1976-11,NDWI,Max,
1976-12,BWDRVI,Mean,
1976-12,BWDRVI,Min,
1976-12,BWDRVI,Max,
1976-12,EVI,Mean,
1976-12,EVI,Min,
1976-12,EVI,Max,
1976-12,EVI2,Mean,
1976-12,EVI2,Min,
1976-12,EVI2,Max,
1976-12,GEMI,Mean,
1976-12,GEMI,Min,
1976-12,GEMI,Max,
1976-12,NDVI,Mean,
1976-12,NDVI,Min,
1976-12,NDVI,Max,
1976-12,NDWI,Mean,
1976-12,NDWI,Min,
1976-12,NDWI,Max,
1977-01,BWDRVI,Mean,
1977-01,BWDRVI,Min,
1977-01,BWDRVI,Max,
1977-01,EVI,Mean,
1977-01,EVI,Min,
1977-01,EVI,Max,
1977-01,EVI2,Mean,
1977-01,EVI2,Min,
1977-01,EVI2,Max,
1977-01,GEMI,Mean,
1977-01,GEMI,Min,
1977-01,GEMI,Max,
1977-01,NDVI,Mean,
1977-01,NDVI,Min,
1977-01,NDVI,Max,
1977-01,NDWI,Mean,
1977-01,NDWI,Min,
1977-01,NDWI,Max,
1977-02,BWDRVI,Mean,
1977-02,BWDRVI,Min,
1977-02,BWDRVI,Max,
1977-02,EVI,Mean,
1977-02,EVI,Min,
1977-02,EVI,Max,
1977-02,EVI2,Mean,
1977-02,EVI2,Min,
1977-02,EVI2,Max,
1977-02,GEMI,Mean,
1977-02,GEMI,Min,
1977-02,GEMI,Max,
1977-02,NDVI,Mean,
1977-02,NDVI,Min,
1977-02,NDVI,Max,
1977-02,NDWI,Mean,
1977-02,NDWI,Min,
1977-02,NDWI,Max,
1977-03,BWDRVI,Mean,
1977-03,BWDRVI,Min,
1977-03,BWDRVI,Max,
1977-03,EVI,Mean,
1977-03,EVI,Min,
1977-03,EVI,Max,
1977-03,EVI2,Mean,
1977-03,EVI2,Min,
1977-03,EVI2,Max,
1977-03,GEMI,Mean,
1977-03,GEMI,Min,
1977-03,GEMI,Max,
1977-03,NDVI,Mean,
1977-03,NDVI,Min,
1977-03,NDVI,Max,
1977-03,NDWI,Mean,
1977-03,NDWI,Min,
1977-03,NDWI,Max,
1977-04,BWDRVI,Mean,
1977-04,BWDRVI,Min,
1977-04,BWDRVI,Max,
1977-04,EVI,Mean,
1977-04,EVI,Min,
1977-04,EVI,Max,
1977-04,EVI2,Mean,
1977-04,EVI2,Min,
1977-04,EVI2,Max,
1977-04,GEMI,Mean,
1977-04,GEMI,Min,
1977-04,GEMI,Max,
1977-04,NDVI,Mean,
1977-04,NDVI,Min,
1977-04,NDVI,Max,
1977-04,NDWI,Mean,
1977-04,NDWI,Min,
1977-04,NDWI,Max,
1977-05,BWDRVI,Mean,
1977-05,BWDRVI,Min,
1977-05,BWDRVI,Max,
1977-05,EVI,Mean,
1977-05,EVI,Min,
1977-05,EVI,Max,
1977-05,EVI2,Mean,
1977-05,EVI2,Min,
1977-05,EVI2,Max,
1977-05,GEMI,Mean,
1977-05,GEMI,Min,
1977-05,GEMI,Max,
1977-05,NDVI,Mean,
1977-05,NDVI,Min,
1977-05,NDVI,Max,
1977-05,NDWI,Mean,
1977-05,NDWI,Min,
1977-05,NDWI,Max,
1977-06,BWDRVI,Mean,
1977-06,BWDRVI,Min,
1977-06,BWDRVI,Max,
1977-06,EVI,Mean,
1977-06,EVI,Min,
1977-06,EVI,Max,
1977-06,EVI2,Mean,
1977-06,EVI2,Min,
1977-06,EVI2,Max,
1977-06,GEMI,Mean,
1977-06,GEMI,Min,
1977-06,GEMI,Max,
1977-06,NDVI,Mean,
1977-06,NDVI,Min,
1977-06,NDVI,Max,
1977-06,NDWI,Mean,
1977-06,NDWI,Min,
1977-06,NDWI,Max,
1977-07,BWDRVI,Mean,
1977-07,BWDRVI,Min,
1977-07,BWDRVI,Max,
1977-07,EVI,Mean,
1977-07,EVI,Min,
1977-07,EVI,Max,
1977-07,EVI2,Mean,
1977-07,EVI2,Min,
1977-07,EVI2,Max,
1977-07,GEMI,Mean,
1977-07,GEMI,Min,
1977-07,GEMI,Max,
1977-07,NDVI,Mean,
1977-07,NDVI,Min,
1977-07,NDVI,Max,
1977-07,NDWI,Mean,
1977-07,NDWI,Min,
1977-07,NDWI,Max,
1977-08,BWDRVI,Mean,
1977-08,BWDRVI,Min,
1977-08,BWDRVI,Max,
1977-08,EVI,Mean,
1977-08,EVI,Min,
1977-08,EVI,Max,
1977-08,EVI2,Mean,
1977-08,EVI2,Min,
1977-08,EVI2,Max,
1977-08,GEMI,Mean,
1977-08,GEMI,Min,
1977-08,GEMI,Max,
1977-08,NDVI,Mean,
1977-08,NDVI,Min,
1977-08,NDVI,Max,
1977-08,NDWI,Mean,
1977-08,NDWI,Min,
1977-08,NDWI,Max,
1977-09,BWDRVI,Mean,
1977-09,BWDRVI,Min,
1977-09,BWDRVI,Max,
1977-09,EVI,Mean,
1977-09,EVI,Min,
1977-09,EVI,Max,
1977-09,EVI2,Mean,
1977-09,EVI2,Min,
1977-09,EVI2,Max,
1977-09,GEMI,Mean,
1977-09,GEMI,Min,
1977-09,GEMI,Max,
1977-09,NDVI,Mean,
1977-09,NDVI,Min,
1977-09,NDVI,Max,
1977-09,NDWI,Mean,
1977-09,NDWI,Min,
1977-09,NDWI,Max,
1977-10,BWDRVI,Mean,
1977-10,BWDRVI,Min,
1977-10,BWDRVI,Max,
1977-10,EVI,Mean,
1977-10,EVI,Min,
1977-10,EVI,Max,
1977-10,EVI2,Mean,
1977-10,EVI2,Min,
1977-10,EVI2,Max,
1977-10,GEMI,Mean,
1977-10,GEMI,Min,
1977-10,GEMI,Max,
1977-10,NDVI,Mean,
1977-10,NDVI,Min,
1977-10,NDVI,Max,
1977-10,NDWI,Mean,
1977-10,NDWI,Min,
1977-10,NDWI,Max,
1977-11,BWDRVI,Mean,
1977-11,BWDRVI,Min,
1977-11,BWDRVI,Max,
1977-11,EVI,Mean,
1977-11,EVI,Min,
1977-11,EVI,Max,
1977-11,EVI2,Mean,
1977-11,EVI2,Min,
1977-11,EVI2,Max,
1977-11,GEMI,Mean,
1977-11,GEMI,Min,
1977-11,GEMI,Max,
1977-11,NDVI,Mean,
1977-11,NDVI,Min,
1977-11,NDVI,Max,
1977-11,NDWI,Mean,
1977-11,NDWI,Min,
1977-11,NDWI,Max,
1977-12,BWDRVI,Mean,
1977-12,BWDRVI,Min,
1977-12,BWDRVI,Max,
1977-12,EVI,Mean,
1977-12,EVI,Min,
1977-12,EVI,Max,
1977-12,EVI2,Mean,
1977-12,EVI2,Min,
1977-12,EVI2,Max,
1977-12,GEMI,Mean,
1977-12,GEMI,Min,
1977-12,GEMI,Max,
1977-12,NDVI,Mean,
1977-12,NDVI,Min,
1977-12,NDVI,Max,
1977-12,NDWI,Mean,
1977-12,NDWI,Min,
1977-12,NDWI,Max,
1978-01,BWDRVI,Mean,
1978-01,BWDRVI,Min,
1978-01,BWDRVI,Max,
1978-01,EVI,Mean,
1978-01,EVI,Min,
1978-01,EVI,Max,
1978-01,EVI2,Mean,
1978-01,EVI2,Min,
1978-01,EVI2,Max,
1978-01,GEMI,Mean,
1978-01,GEMI,Min,
1978-01,GEMI,Max,
1978-01,NDVI,Mean,
1978-01,NDVI,Min,
1978-01,NDVI,Max,
1978-01,NDWI,Mean,
1978-01,NDWI,Min,
1978-01,NDWI,Max,
1978-02,BWDRVI,Mean,
1978-02,BWDRVI,Min,
1978-02,BWDRVI,Max,
1978-02,EVI,Mean,
1978-02,EVI,Min,
1978-02,EVI,Max,
1978-02,EVI2,Mean,
1978-02,EVI2,Min,
1978-02,EVI2,Max,
1978-02,GEMI,Mean,
1978-02,GEMI,Min,
1978-02,GEMI,Max,
1978-02,NDVI,Mean,
1978-02,NDVI,Min,
1978-02,NDVI,Max,
1978-02,NDWI,Mean,
1978-02,NDWI,Min,
1978-02,NDWI,Max,
1978-03,BWDRVI,Mean,
1978-03,BWDRVI,Min,
1978-03,BWDRVI,Max,
1978-03,EVI,Mean,
1978-03,EVI,Min,
1978-03,EVI,Max,
1978-03,EVI2,Mean,
1978-03,EVI2,Min,
1978-03,EVI2,Max,
1978-03,GEMI,Mean,
1978-03,GEMI,Min,
1978-03,GEMI,Max,
1978-03,NDVI,Mean,
1978-03,NDVI,Min,
1978-03,NDVI,Max,
1978-03,NDWI,Mean,
1978-03,NDWI,Min,
1978-03,NDWI,Max,
1978-04,BWDRVI,Mean,
1978-04,BWDRVI,Min,
1978-04,BWDRVI,Max,
1978-04,EVI,Mean,
1978-04,EVI,Min,
1978-04,EVI,Max,
1978-04,EVI2,Mean,
1978-04,EVI2,Min,
1978-04,EVI2,Max,
1978-04,GEMI,Mean,
1978-04,GEMI,Min,
1978-04,GEMI,Max,
1978-04,NDVI,Mean,
1978-04,NDVI,Min,
1978-04,NDVI,Max,
1978-04,NDWI,Mean,
1978-04,NDWI,Min,
1978-04,NDWI,Max,
1978-05,BWDRVI,Mean,
1978-05,BWDRVI,Min,
1978-05,BWDRVI,Max,
1978-05,EVI,Mean,
1978-05,EVI,Min,
1978-05,EVI,Max,
1978-05,EVI2,Mean,
1978-05,EVI2,Min,
1978-05,EVI2,Max,
1978-05,GEMI,Mean,
1978-05,GEMI,Min,
1978-05,GEMI,Max,
1978-05,NDVI,Mean,
1978-05,NDVI,Min,
1978-05,NDVI,Max,
1978-05,NDWI,Mean,
1978-05,NDWI,Min,
1978-05,NDWI,Max,
1978-06,BWDRVI,Mean,
1978-06,BWDRVI,Min,
1978-06,BWDRVI,Max,
1978-06,EVI,Mean,
1978-06,EVI,Min,
1978-06,EVI,Max,
1978-06,EVI2,Mean,
1978-06,EVI2,Min,
1978-06,EVI2,Max,
1978-06,GEMI,Mean,
1978-06,GEMI,Min,
1978-06,GEMI,Max,
1978-06,NDVI,Mean,
1978-06,NDVI,Min,
1978-06,NDVI,Max,
1978-06,NDWI,Mean,
1978-06,NDWI,Min,
1978-06,NDWI,Max,
1978-07,BWDRVI,Mean,
1978-07,BWDRVI,Min,
1978-07,BWDRVI,Max,
1978-07,EVI,Mean,
1978-07,EVI,Min,
1978-07,EVI,Max,
1978-07,EVI2,Mean,
1978-07,EVI2,Min,
1978-07,EVI2,Max,
1978-07,GEMI,Mean,
1978-07,GEMI,Min,
1978-07,GEMI,Max,
1978-07,NDVI,Mean,
1978-07,NDVI,Min,
1978-07,NDVI,Max,
1978-07,NDWI,Mean,
1978-07,NDWI,Min,
1978-07,NDWI,Max,
1978-08,BWDRVI,Mean,
1978-08,BWDRVI,Min,
1978-08,BWDRVI,Max,
1978-08,EVI,Mean,
1978-08,EVI,Min,
1978-08,EVI,Max,
1978-08,EVI2,Mean,
1978-08,EVI2,Min,
1978-08,EVI2,Max,
1978-08,GEMI,Mean,
1978-08,GEMI,Min,
1978-08,GEMI,Max,
1978-08,NDVI,Mean,
1978-08,NDVI,Min,
1978-08,NDVI,Max,
1978-08,NDWI,Mean,
1978-08,NDWI,Min,
1978-08,NDWI,Max,
1978-09,BWDRVI,Mean,
1978-09,BWDRVI,Min,
1978-09,BWDRVI,Max,
1978-09,EVI,Mean,
1978-09,EVI,Min,
1978-09,EVI,Max,
1978-09,EVI2,Mean,
1978-09,EVI2,Min,
1978-09,EVI2,Max,
1978-09,GEMI,Mean,
1978-09,GEMI,Min,
1978-09,GEMI,Max,
1978-09,NDVI,Mean,
1978-09,NDVI,Min,
1978-09,NDVI,Max,
1978-09,NDWI,Mean,
1978-09,NDWI,Min,
1978-09,NDWI,Max,
1978-10,BWDRVI,Mean,
1978-10,BWDRVI,Min,
1978-10,BWDRVI,Max,
1978-10,EVI,Mean,
1978-10,EVI,Min,
1978-10,EVI,Max,
1978-10,EVI2,Mean,
1978-10,EVI2,Min,
1978-10,EVI2,Max,
1978-10,GEMI,Mean,
1978-10,GEMI,Min,
1978-10,GEMI,Max,
1978-10,NDVI,Mean,
1978-10,NDVI,Min,
1978-10,NDVI,Max,
1978-10,NDWI,Mean,
1978-10,NDWI,Min,
1978-10,NDWI,Max,
1978-11,BWDRVI,Mean,
1978-11,BWDRVI,Min,
1978-11,BWDRVI,Max,
1978-11,EVI,Mean,
1978-11,EVI,Min,
1978-11,EVI,Max,
1978-11,EVI2,Mean,
1978-11,EVI2,Min,
1978-11,EVI2,Max,
1978-11,GEMI,Mean,
1978-11,GEMI,Min,
1978-11,GEMI,Max,
1978-11,NDVI,Mean,
1978-11,NDVI,Min,
1978-11,NDVI,Max,
1978-11,NDWI,Mean,
1978-11,NDWI,Min,
1978-11,NDWI,Max,
1978-12,BWDRVI,Mean,
1978-12,BWDRVI,Min,
1978-12,BWDRVI,Max,
1978-12,EVI,Mean,
1978-12,EVI,Min,
1978-12,EVI,Max,
1978-12,EVI2,Mean,
1978-12,EVI2,Min,
1978-12,EVI2,Max,
1978-12,GEMI,Mean,
1978-12,GEMI,Min,
1978-12,GEMI,Max,
1978-12,NDVI,Mean,
1978-12,NDVI,Min,
1978-12,NDVI,Max,
1978-12,NDWI,Mean,
1978-12,NDWI,Min,
1978-12,NDWI,Max,
1979-01,BWDRVI,Mean,
1979-01,BWDRVI,Min,
1979-01,BWDRVI,Max,
1979-01,EVI,Mean,
1979-01,EVI,Min,
1979-01,EVI,Max,
1979-01,EVI2,Mean,
1979-01,EVI2,Min,
1979-01,EVI2,Max,
1979-01,GEMI,Mean,
1979-01,GEMI,Min,
1979-01,GEMI,Max,
1979-01,NDVI,Mean,
1979-01,NDVI,Min,
1979-01,NDVI,Max,
1979-01,NDWI,Mean,
1979-01,NDWI,Min,
1979-01,NDWI,Max,
1979-02,BWDRVI,Mean,
1979-02,BWDRVI,Min,
1979-02,BWDRVI,Max,
1979-02,EVI,Mean,
1979-02,EVI,Min,
1979-02,EVI,Max,
1979-02,EVI2,Mean,
1979-02,EVI2,Min,
1979-02,EVI2,Max,
1979-02,GEMI,Mean,
1979-02,GEMI,Min,
1979-02,GEMI,Max,
1979-02,NDVI,Mean,
1979-02,NDVI,Min,
1979-02,NDVI,Max,
1979-02,NDWI,Mean,
1979-02,NDWI,Min,
1979-02,NDWI,Max,
1979-03,BWDRVI,Mean,
1979-03,BWDRVI,Min,
1979-03,BWDRVI,Max,
1979-03,EVI,Mean,
1979-03,EVI,Min,
1979-03,EVI,Max,
1979-03,EVI2,Mean,
1979-03,EVI2,Min,
1979-03,EVI2,Max,
1979-03,GEMI,Mean,
1979-03,GEMI,Min,
1979-03,GEMI,Max,
1979-03,NDVI,Mean,
1979-03,NDVI,Min,
1979-03,NDVI,Max,
1979-03,NDWI,Mean,
1979-03,NDWI,Min,
1979-03,NDWI,Max,
1979-04,BWDRVI,Mean,
1979-04,BWDRVI,Min,
1979-04,BWDRVI,Max,
1979-04,EVI,Mean,
1979-04,EVI,Min,
1979-04,EVI,Max,
1979-04,EVI2,Mean,
1979-04,EVI2,Min,
1979-04,EVI2,Max,
1979-04,GEMI,Mean,
1979-04,GEMI,Min,
1979-04,GEMI,Max,
1979-04,NDVI,Mean,
1979-04,NDVI,Min,
1979-04,NDVI,Max,
1979-04,NDWI,Mean,
1979-04,NDWI,Min,
1979-04,NDWI,Max,
1979-05,BWDRVI,Mean,
1979-05,BWDRVI,Min,
1979-05,BWDRVI,Max,
1979-05,EVI,Mean,
1979-05,EVI,Min,
1979-05,EVI,Max,
1979-05,EVI2,Mean,
1979-05,EVI2,Min,
1979-05,EVI2,Max,
1979-05,GEMI,Mean,
1979-05,GEMI,Min,
1979-05,GEMI,Max,
1979-05,NDVI,Mean,
1979-05,NDVI,Min,
1979-05,NDVI,Max,
1979-05,NDWI,Mean,
1979-05,NDWI,Min,
1979-05,NDWI,Max,
1979-06,BWDRVI,Mean,
1979-06,BWDRVI,Min,
1979-06,BWDRVI,Max,
1979-06,EVI,Mean,
1979-06,EVI,Min,
1979-06,EVI,Max,
1979-06,EVI2,Mean,
1979-06,EVI2,Min,
1979-06,EVI2,Max,
1979-06,GEMI,Mean,
1979-06,GEMI,Min,
1979-06,GEMI,Max,
1979-06,NDVI,Mean,
1979-06,NDVI,Min,
1979-06,NDVI,Max,
1979-06,NDWI,Mean,
1979-06,NDWI,Min,
1979-06,NDWI,Max,
1979-07,BWDRVI,Mean,
1979-07,BWDRVI,Min,
1979-07,BWDRVI,Max,
1979-07,EVI,Mean,
1979-07,EVI,Min,
1979-07,EVI,Max,
1979-07,EVI2,Mean,
1979-07,EVI2,Min,
1979-07,EVI2,Max,
1979-07,GEMI,Mean,
1979-07,GEMI,Min,
1979-07,GEMI,Max,
1979-07,NDVI,Mean,
1979-07,NDVI,Min,
1979-07,NDVI,Max,
1979-07,NDWI,Mean,
1979-07,NDWI,Min,
1979-07,NDWI,Max,
1979-08,BWDRVI,Mean,
1979-08,BWDRVI,Min,
1979-08,BWDRVI,Max,
1979-08,EVI,Mean,
1979-08,EVI,Min,
1979-08,EVI,Max,
1979-08,EVI2,Mean,
1979-08,EVI2,Min,
1979-08,EVI2,Max,
1979-08,GEMI,Mean,
1979-08,GEMI,Min,
1979-08,GEMI,Max,
1979-08,NDVI,Mean,
1979-08,NDVI,Min,
1979-08,NDVI,Max,
1979-08,NDWI,Mean,
1979-08,NDWI,Min,
1979-08,NDWI,Max,
1979-09,BWDRVI,Mean,
1979-09,BWDRVI,Min,
1979-09,BWDRVI,Max,
1979-09,EVI,Mean,
1979-09,EVI,Min,
1979-09,EVI,Max,
1979-09,EVI2,Mean,
1979-09,EVI2,Min,
1979-09,EVI2,Max,
1979-09,GEMI,Mean,
1979-09,GEMI,Min,
1979-09,GEMI,Max,
1979-09,NDVI,Mean,
1979-09,NDVI,Min,
1979-09,NDVI,Max,
1979-09,NDWI,Mean,
1979-09,NDWI,Min,
1979-09,NDWI,Max,
1979-10,BWDRVI,Mean,
1979-10,BWDRVI,Min,
1979-10,BWDRVI,Max,
1979-10,EVI,Mean,
1979-10,EVI,Min,
1979-10,EVI,Max,
1979-10,EVI2,Mean,
1979-10,EVI2,Min,
1979-10,EVI2,Max,
1979-10,GEMI,Mean,
1979-10,GEMI,Min,
1979-10,GEMI,Max,
1979-10,NDVI,Mean,
1979-10,NDVI,Min,
1979-10,NDVI,Max,
1979-10,NDWI,Mean,
1979-10,NDWI,Min,
1979-10,NDWI,Max,
1979-11,BWDRVI,Mean,
1979-11,BWDRVI,Min,
1979-11,BWDRVI,Max,
1979-11,EVI,Mean,
1979-11,EVI,Min,
1979-11,EVI,Max,
1979-11,EVI2,Mean,
1979-11,EVI2,Min,
1979-11,EVI2,Max,
1979-11,GEMI,Mean,
1979-11,GEMI,Min,
1979-11,GEMI,Max,
1979-11,NDVI,Mean,
1979-11,NDVI,Min,
1979-11,NDVI,Max,
1979-11,NDWI,Mean,
1979-11,NDWI,Min,
1979-11,NDWI,Max,
1979-12,BWDRVI,Mean,
1979-12,BWDRVI,Min,
1979-12,BWDRVI,Max,
1979-12,EVI,Mean,
1979-12,EVI,Min,
1979-12,EVI,Max,
1979-12,EVI2,Mean,
1979-12,EVI2,Min,
1979-12,EVI2,Max,
1979-12,GEMI,Mean,
1979-12,GEMI,Min,
1979-12,GEMI,Max,
1979-12,NDVI,Mean,
1979-12,NDVI,Min,
1979-12,NDVI,Max,
1979-12,NDWI,Mean,
1979-12,NDWI,Min,
1979-12,NDWI,Max,
1980-01,BWDRVI,Mean,
1980-01,BWDRVI,Min,
1980-01,BWDRVI,Max,
1980-01,EVI,Mean,
1980-01,EVI,Min,
1980-01,EVI,Max,
1980-01,EVI2,Mean,
1980-01,EVI2,Min,
1980-01,EVI2,Max,
1980-01,GEMI,Mean,
1980-01,GEMI,Min,
1980-01,GEMI,Max,
1980-01,NDVI,Mean,
1980-01,NDVI,Min,
1980-01,NDVI,Max,
1980-01,NDWI,Mean,
1980-01,NDWI,Min,
1980-01,NDWI,Max,
1980-02,BWDRVI,Mean,
1980-02,BWDRVI,Min,
1980-02,BWDRVI,Max,
1980-02,EVI,Mean,
1980-02,EVI,Min,
1980-02,EVI,Max,
1980-02,EVI2,Mean,
1980-02,EVI2,Min,
1980-02,EVI2,Max,
1980-02,GEMI,Mean,
1980-02,GEMI,Min,
1980-02,GEMI,Max,
1980-02,NDVI,Mean,
1980-02,NDVI,Min,
1980-02,NDVI,Max,
1980-02,NDWI,Mean,
1980-02,NDWI,Min,
1980-02,NDWI,Max,
1980-03,BWDRVI,Mean,
1980-03,BWDRVI,Min,
1980-03,BWDRVI,Max,
1980-03,EVI,Mean,
1980-03,EVI,Min,
1980-03,EVI,Max,
1980-03,EVI2,Mean,
1980-03,EVI2,Min,
1980-03,EVI2,Max,
1980-03,GEMI,Mean,
1980-03,GEMI,Min,
1980-03,GEMI,Max,
1980-03,NDVI,Mean,
1980-03,NDVI,Min,
1980-03,NDVI,Max,
1980-03,NDWI,Mean,
1980-03,NDWI,Min,
1980-03,NDWI,Max,
1980-04,BWDRVI,Mean,
1980-04,BWDRVI,Min,
1980-04,BWDRVI,Max,
1980-04,EVI,Mean,
1980-04,EVI,Min,
1980-04,EVI,Max,
1980-04,EVI2,Mean,
1980-04,EVI2,Min,
1980-04,EVI2,Max,
1980-04,GEMI,Mean,
1980-04,GEMI,Min,
1980-04,GEMI,Max,
1980-04,NDVI,Mean,
1980-04,NDVI,Min,
1980-04,NDVI,Max,
1980-04,NDWI,Mean,
1980-04,NDWI,Min,
1980-04,NDWI,Max,
1980-05,BWDRVI,Mean,
1980-05,BWDRVI,Min,
1980-05,BWDRVI,Max,
1980-05,EVI,Mean,
1980-05,EVI,Min,
1980-05,EVI,Max,
1980-05,EVI2,Mean,
1980-05,EVI2,Min,
1980-05,EVI2,Max,
1980-05,GEMI,Mean,
1980-05,GEMI,Min,
1980-05,GEMI,Max,
1980-05,NDVI,Mean,
1980-05,NDVI,Min,
1980-05,NDVI,Max,
1980-05,NDWI,Mean,
1980-05,NDWI,Min,
1980-05,NDWI,Max,
1980-06,BWDRVI,Mean,
1980-06,BWDRVI,Min,
1980-06,BWDRVI,Max,
1980-06,EVI,Mean,
1980-06,EVI,Min,
1980-06,EVI,Max,
1980-06,EVI2,Mean,
1980-06,EVI2,Min,
1980-06,EVI2,Max,
1980-06,GEMI,Mean,
1980-06,GEMI,Min,
1980-06,GEMI,Max,
1980-06,NDVI,Mean,
1980-06,NDVI,Min,
1980-06,NDVI,Max,
1980-06,NDWI,Mean,
1980-06,NDWI,Min,
1980-06,NDWI,Max,
1980-07,BWDRVI,Mean,
1980-07,BWDRVI,Min,
1980-07,BWDRVI,Max,
1980-07,EVI,Mean,
1980-07,EVI,Min,
1980-07,EVI,Max,
1980-07,EVI2,Mean,
1980-07,EVI2,Min,
1980-07,EVI2,Max,
1980-07,GEMI,Mean,
1980-07,GEMI,Min,
1980-07,GEMI,Max,
1980-07,NDVI,Mean,
1980-07,NDVI,Min,
1980-07,NDVI,Max,
1980-07,NDWI,Mean,
1980-07,NDWI,Min,
1980-07,NDWI,Max,
1980-08,BWDRVI,Mean,
1980-08,BWDRVI,Min,
1980-08,BWDRVI,Max,
1980-08,EVI,Mean,
1980-08,EVI,Min,
1980-08,EVI,Max,
1980-08,EVI2,Mean,
1980-08,EVI2,Min,
1980-08,EVI2,Max,
1980-08,GEMI,Mean,
1980-08,GEMI,Min,
1980-08,GEMI,Max,
1980-08,NDVI,Mean,
1980-08,NDVI,Min,
1980-08,NDVI,Max,
1980-08,NDWI,Mean,
1980-08,NDWI,Min,
1980-08,NDWI,Max,
1980-09,BWDRVI,Mean,
1980-09,BWDRVI,Min,
1980-09,BWDRVI,Max,
1980-09,EVI,Mean,
1980-09,EVI,Min,
1980-09,EVI,Max,
1980-09,EVI2,Mean,
1980-09,EVI2,Min,
1980-09,EVI2,Max,
1980-09,GEMI,Mean,
1980-09,GEMI,Min,
1980-09,GEMI,Max,
1980-09,NDVI,Mean,
1980-09,NDVI,Min,
1980-09,NDVI,Max,
1980-09,NDWI,Mean,
1980-09,NDWI,Min,
1980-09,NDWI,Max,
1980-10,BWDRVI,Mean,
1980-10,BWDRVI,Min,
1980-10,BWDRVI,Max,
1980-10,EVI,Mean,
1980-10,EVI,Min,
1980-10,EVI,Max,
1980-10,EVI2,Mean,
1980-10,EVI2,Min,
1980-10,EVI2,Max,
1980-10,GEMI,Mean,
1980-10,GEMI,Min,
1980-10,GEMI,Max,
1980-10,NDVI,Mean,
1980-10,NDVI,Min,
1980-10,NDVI,Max,
1980-10,NDWI,Mean,
1980-10,NDWI,Min,
1980-10,NDWI,Max,
1980-11,BWDRVI,Mean,
1980-11,BWDRVI,Min,
1980-11,BWDRVI,Max,
1980-11,EVI,Mean,
1980-11,EVI,Min,
1980-11,EVI,Max,
1980-11,EVI2,Mean,
1980-11,EVI2,Min,
1980-11,EVI2,Max,
1980-11,GEMI,Mean,
1980-11,GEMI,Min,
1980-11,GEMI,Max,
1980-11,NDVI,Mean,
1980-11,NDVI,Min,
1980-11,NDVI,Max,
1980-11,NDWI,Mean,
1980-11,NDWI,Min,
1980-11,NDWI,Max,
1980-12,BWDRVI,Mean,
1980-12,BWDRVI,Min,
1980-12,BWDRVI,Max,
1980-12,EVI,Mean,
1980-12,EVI,Min,
1980-12,EVI,Max,
1980-12,EVI2,Mean,
1980-12,EVI2,Min,
1980-12,EVI2,Max,
1980-12,GEMI,Mean,
1980-12,GEMI,Min,
1980-12,GEMI,Max,
1980-12,NDVI,Mean,
1980-12,NDVI,Min,
1980-12,NDVI,Max,
1980-12,NDWI,Mean,
1980-12,NDWI,Min,
1980-12,NDWI,Max,
1981-01,BWDRVI,Mean,
1981-01,BWDRVI,Min,
1981-01,BWDRVI,Max,
1981-01,EVI,Mean,
1981-01,EVI,Min,
1981-01,EVI,Max,
1981-01,EVI2,Mean,
1981-01,EVI2,Min,
1981-01,EVI2,Max,
1981-01,GEMI,Mean,
1981-01,GEMI,Min,
1981-01,GEMI,Max,
1981-01,NDVI,Mean,
1981-01,NDVI,Min,
1981-01,NDVI,Max,
1981-01,NDWI,Mean,
1981-01,NDWI,Min,
1981-01,NDWI,Max,
1981-02,BWDRVI,Mean,
1981-02,BWDRVI,Min,
1981-02,BWDRVI,Max,
1981-02,EVI,Mean,
1981-02,EVI,Min,
1981-02,EVI,Max,
1981-02,EVI2,Mean,
1981-02,EVI2,Min,
1981-02,EVI2,Max,
1981-02,GEMI,Mean,
1981-02,GEMI,Min,
1981-02,GEMI,Max,
1981-02,NDVI,Mean,
1981-02,NDVI,Min,
1981-02,NDVI,Max,
1981-02,NDWI,Mean,
1981-02,NDWI,Min,
1981-02,NDWI,Max,
1981-03,BWDRVI,Mean,
1981-03,BWDRVI,Min,
1981-03,BWDRVI,Max,
1981-03,EVI,Mean,
1981-03,EVI,Min,
1981-03,EVI,Max,
1981-03,EVI2,Mean,
1981-03,EVI2,Min,
1981-03,EVI2,Max,
1981-03,GEMI,Mean,
1981-03,GEMI,Min,
1981-03,GEMI,Max,
1981-03,NDVI,Mean,
1981-03,NDVI,Min,
1981-03,NDVI,Max,
1981-03,NDWI,Mean,
1981-03,NDWI,Min,
1981-03,NDWI,Max,
1981-04,BWDRVI,Mean,
1981-04,BWDRVI,Min,
1981-04,BWDRVI,Max,
1981-04,EVI,Mean,
1981-04,EVI,Min,
1981-04,EVI,Max,
1981-04,EVI2,Mean,
1981-04,EVI2,Min,
1981-04,EVI2,Max,
1981-04,GEMI,Mean,
1981-04,GEMI,Min,
1981-04,GEMI,Max,
1981-04,NDVI,Mean,
1981-04,NDVI,Min,
1981-04,NDVI,Max,
1981-04,NDWI,Mean,
1981-04,NDWI,Min,
1981-04,NDWI,Max,
1981-05,BWDRVI,Mean,
1981-05,BWDRVI,Min,
1981-05,BWDRVI,Max,
1981-05,EVI,Mean,
1981-05,EVI,Min,
1981-05,EVI,Max,
1981-05,EVI2,Mean,
1981-05,EVI2,Min,
1981-05,EVI2,Max,
1981-05,GEMI,Mean,
1981-05,GEMI,Min,
1981-05,GEMI,Max,
1981-05,NDVI,Mean,
1981-05,NDVI,Min,
1981-05,NDVI,Max,
1981-05,NDWI,Mean,
1981-05,NDWI,Min,
1981-05,NDWI,Max,
1981-06,BWDRVI,Mean,
1981-06,BWDRVI,Min,
1981-06,BWDRVI,Max,
1981-06,EVI,Mean,
1981-06,EVI,Min,
1981-06,EVI,Max,
1981-06,EVI2,Mean,
1981-06,EVI2,Min,
1981-06,EVI2,Max,
1981-06,GEMI,Mean,
1981-06,GEMI,Min,
1981-06,GEMI,Max,
1981-06,NDVI,Mean,
1981-06,NDVI,Min,
1981-06,NDVI,Max,
1981-06,NDWI,Mean,
1981-06,NDWI,Min,
1981-06,NDWI,Max,
1981-07,BWDRVI,Mean,
1981-07,BWDRVI,Min,
1981-07,BWDRVI,Max,
1981-07,EVI,Mean,
1981-07,EVI,Min,
1981-07,EVI,Max,
1981-07,EVI2,Mean,
1981-07,EVI2,Min,
1981-07,EVI2,Max,
1981-07,GEMI,Mean,
1981-07,GEMI,Min,
1981-07,GEMI,Max,
1981-07,NDVI,Mean,
1981-07,NDVI,Min,
1981-07,NDVI,Max,
1981-07,NDWI,Mean,
1981-07,NDWI,Min,
1981-07,NDWI,Max,
1981-08,BWDRVI,Mean,
1981-08,BWDRVI,Min,
1981-08,BWDRVI,Max,
1981-08,EVI,Mean,
1981-08,EVI,Min,
1981-08,EVI,Max,
1981-08,EVI2,Mean,
1981-08,EVI2,Min,
1981-08,EVI2,Max,
1981-08,GEMI,Mean,
1981-08,GEMI,Min,
1981-08,GEMI,Max,
1981-08,NDVI,Mean,
1981-08,NDVI,Min,
1981-08,NDVI,Max,
1981-08,NDWI,Mean,
1981-08,NDWI,Min,
1981-08,NDWI,Max,
1981-09,BWDRVI,Mean,
1981-09,BWDRVI,Min,
1981-09,BWDRVI,Max,
1981-09,EVI,Mean,
1981-09,EVI,Min,
1981-09,EVI,Max,
1981-09,EVI2,Mean,
1981-09,EVI2,Min,
1981-09,EVI2,Max,
1981-09,GEMI,Mean,
1981-09,GEMI,Min,
1981-09,GEMI,Max,
1981-09,NDVI,Mean,
1981-09,NDVI,Min,
1981-09,NDVI,Max,
1981-09,NDWI,Mean,
1981-09,NDWI,Min,
1981-09,NDWI,Max,
1981-10,BWDRVI,Mean,
1981-10,BWDRVI,Min,
1981-10,BWDRVI,Max,
1981-10,EVI,Mean,
1981-10,EVI,Min,
1981-10,EVI,Max,
1981-10,EVI2,Mean,
1981-10,EVI2,Min,
1981-10,EVI2,Max,
1981-10,GEMI,Mean,
1981-10,GEMI,Min,
1981-10,GEMI,Max,
1981-10,NDVI,Mean,
1981-10,NDVI,Min,
1981-10,NDVI,Max,
1981-10,NDWI,Mean,
1981-10,NDWI,Min,
1981-10,NDWI,Max,
1981-11,BWDRVI,Mean,
1981-11,BWDRVI,Min,
1981-11,BWDRVI,Max,
1981-11,EVI,Mean,
1981-11,EVI,Min,
1981-11,EVI,Max,
1981-11,EVI2,Mean,
1981-11,EVI2,Min,
1981-11,EVI2,Max,
1981-11,GEMI,Mean,
1981-11,GEMI,Min,
1981-11,GEMI,Max,
1981-11,NDVI,Mean,
1981-11,NDVI,Min,
1981-11,NDVI,Max,
1981-11,NDWI,Mean,
1981-11,NDWI,Min,
1981-11,NDWI,Max,
1981-12,BWDRVI,Mean,
1981-12,BWDRVI,Min,
1981-12,BWDRVI,Max,
1981-12,EVI,Mean,
1981-12,EVI,Min,
1981-12,EVI,Max,
1981-12,EVI2,Mean,
1981-12,EVI2,Min,
1981-12,EVI2,Max,
1981-12,GEMI,Mean,
1981-12,GEMI,Min,
1981-12,GEMI,Max,
1981-12,NDVI,Mean,
1981-12,NDVI,Min,
1981-12,NDVI,Max,
1981-12,NDWI,Mean,
1981-12,NDWI,Min,
1981-12,NDWI,Max,
1982-01,BWDRVI,Mean,
1982-01,BWDRVI,Min,
1982-01,BWDRVI,Max,
1982-01,EVI,Mean,
1982-01,EVI,Min,
1982-01,EVI,Max,
1982-01,EVI2,Mean,
1982-01,EVI2,Min,
1982-01,EVI2,Max,
1982-01,GEMI,Mean,
1982-01,GEMI,Min,
1982-01,GEMI,Max,
1982-01,NDVI,Mean,
1982-01,NDVI,Min,
1982-01,NDVI,Max,
1982-01,NDWI,Mean,
1982-01,NDWI,Min,
1982-01,NDWI,Max,
1982-02,BWDRVI,Mean,
1982-02,BWDRVI,Min,
1982-02,BWDRVI,Max,
1982-02,EVI,Mean,
1982-02,EVI,Min,
1982-02,EVI,Max,
1982-02,EVI2,Mean,
1982-02,EVI2,Min,
1982-02,EVI2,Max,
1982-02,GEMI,Mean,
1982-02,GEMI,Min,
1982-02,GEMI,Max,
1982-02,NDVI,Mean,
1982-02,NDVI,Min,
1982-02,NDVI,Max,
1982-02,NDWI,Mean,
1982-02,NDWI,Min,
1982-02,NDWI,Max,
1982-03,BWDRVI,Mean,
1982-03,BWDRVI,Min,
1982-03,BWDRVI,Max,
1982-03,EVI,Mean,
1982-03,EVI,Min,
1982-03,EVI,Max,
1982-03,EVI2,Mean,
1982-03,EVI2,Min,
1982-03,EVI2,Max,
1982-03,GEMI,Mean,
1982-03,GEMI,Min,
1982-03,GEMI,Max,
1982-03,NDVI,Mean,
1982-03,NDVI,Min,
1982-03,NDVI,Max,
1982-03,NDWI,Mean,
1982-03,NDWI,Min,
1982-03,NDWI,Max,
1982-04,BWDRVI,Mean,
1982-04,BWDRVI,Min,
1982-04,BWDRVI,Max,
1982-04,EVI,Mean,
1982-04,EVI,Min,
1982-04,EVI,Max,
1982-04,EVI2,Mean,
1982-04,EVI2,Min,
1982-04,EVI2,Max,
1982-04,GEMI,Mean,
1982-04,GEMI,Min,
1982-04,GEMI,Max,
1982-04,NDVI,Mean,
1982-04,NDVI,Min,
1982-04,NDVI,Max,
1982-04,NDWI,Mean,
1982-04,NDWI,Min,
1982-04,NDWI,Max,
1982-05,BWDRVI,Mean,
1982-05,BWDRVI,Min,
1982-05,BWDRVI,Max,
1982-05,EVI,Mean,
1982-05,EVI,Min,
1982-05,EVI,Max,
1982-05,EVI2,Mean,
1982-05,EVI2,Min,
1982-05,EVI2,Max,
1982-05,GEMI,Mean,
1982-05,GEMI,Min,
1982-05,GEMI,Max,
1982-05,NDVI,Mean,
1982-05,NDVI,Min,
1982-05,NDVI,Max,
1982-05,NDWI,Mean,
1982-05,NDWI,Min,
1982-05,NDWI,Max,
1982-06,BWDRVI,Mean,
1982-06,BWDRVI,Min,
1982-06,BWDRVI,Max,
1982-06,EVI,Mean,
1982-06,EVI,Min,
1982-06,EVI,Max,
1982-06,EVI2,Mean,
1982-06,EVI2,Min,
1982-06,EVI2,Max,
1982-06,GEMI,Mean,
1982-06,GEMI,Min,
1982-06,GEMI,Max,
1982-06,NDVI,Mean,
1982-06,NDVI,Min,
1982-06,NDVI,Max,
1982-06,NDWI,Mean,
1982-06,NDWI,Min,
1982-06,NDWI,Max,
1982-07,BWDRVI,Mean,
1982-07,BWDRVI,Min,
1982-07,BWDRVI,Max,
1982-07,EVI,Mean,
1982-07,EVI,Min,
1982-07,EVI,Max,
1982-07,EVI2,Mean,
1982-07,EVI2,Min,
1982-07,EVI2,Max,
1982-07,GEMI,Mean,
1982-07,GEMI,Min,
1982-07,GEMI,Max,
1982-07,NDVI,Mean,
1982-07,NDVI,Min,
1982-07,NDVI,Max,
1982-07,NDWI,Mean,
1982-07,NDWI,Min,
1982-07,NDWI,Max,
1982-08,BWDRVI,Mean,
1982-08,BWDRVI,Min,
1982-08,BWDRVI,Max,
1982-08,EVI,Mean,
1982-08,EVI,Min,
1982-08,EVI,Max,
1982-08,EVI2,Mean,
1982-08,EVI2,Min,
1982-08,EVI2,Max,
1982-08,GEMI,Mean,
1982-08,GEMI,Min,
1982-08,GEMI,Max,
1982-08,NDVI,Mean,
1982-08,NDVI,Min,
1982-08,NDVI,Max,
1982-08,NDWI,Mean,
1982-08,NDWI,Min,
1982-08,NDWI,Max,
1982-09,BWDRVI,Mean,
1982-09,BWDRVI,Min,
1982-09,BWDRVI,Max,
1982-09,EVI,Mean,
1982-09,EVI,Min,
1982-09,EVI,Max,
1982-09,EVI2,Mean,
1982-09,EVI2,Min,
1982-09,EVI2,Max,
1982-09,GEMI,Mean,
1982-09,GEMI,Min,
1982-09,GEMI,Max,
1982-09,NDVI,Mean,
1982-09,NDVI,Min,
1982-09,NDVI,Max,
1982-09,NDWI,Mean,
1982-09,NDWI,Min,
1982-09,NDWI,Max,
1982-10,BWDRVI,Mean,
1982-10,BWDRVI,Min,
1982-10,BWDRVI,Max,
1982-10,EVI,Mean,
1982-10,EVI,Min,
1982-10,EVI,Max,
1982-10,EVI2,Mean,
1982-10,EVI2,Min,
1982-10,EVI2,Max,
1982-10,GEMI,Mean,
1982-10,GEMI,Min,
1982-10,GEMI,Max,
1982-10,NDVI,Mean,
1982-10,NDVI,Min,
1982-10,NDVI,Max,
1982-10,NDWI,Mean,
1982-10,NDWI,Min,
1982-10,NDWI,Max,
1982-11,BWDRVI,Mean,
1982-11,BWDRVI,Min,
1982-11,BWDRVI,Max,
1982-11,EVI,Mean,
1982-11,EVI,Min,
1982-11,EVI,Max,
1982-11,EVI2,Mean,
1982-11,EVI2,Min,
1982-11,EVI2,Max,
1982-11,GEMI,Mean,
1982-11,GEMI,Min,
1982-11,GEMI,Max,
1982-11,NDVI,Mean,
1982-11,NDVI,Min,
1982-11,NDVI,Max,
1982-11,NDWI,Mean,
1982-11,NDWI,Min,
1982-11,NDWI,Max,
1982-12,BWDRVI,Mean,
1982-12,BWDRVI,Min,
1982-12,BWDRVI,Max,
1982-12,EVI,Mean,
1982-12,EVI,Min,
1982-12,EVI,Max,
1982-12,EVI2,Mean,
1982-12,EVI2,Min,
1982-12,EVI2,Max,
1982-12,GEMI,Mean,
1982-12,GEMI,Min,
1982-12,GEMI,Max,
1982-12,NDVI,Mean,
1982-12,NDVI,Min,
1982-12,NDVI,Max,
1982-12,NDWI,Mean,
1982-12,NDWI,Min,
1982-12,NDWI,Max,
1983-01,BWDRVI,Mean,
1983-01,BWDRVI,Min,
1983-01,BWDRVI,Max,
1983-01,EVI,Mean,
1983-01,EVI,Min,
1983-01,EVI,Max,
1983-01,EVI2,Mean,
1983-01,EVI2,Min,
1983-01,EVI2,Max,
1983-01,GEMI,Mean,
1983-01,GEMI,Min,
1983-01,GEMI,Max,
1983-01,NDVI,Mean,
1983-01,NDVI,Min,
1983-01,NDVI,Max,
1983-01,NDWI,Mean,
1983-01,NDWI,Min,
1983-01,NDWI,Max,
1983-02,BWDRVI,Mean,
1983-02,BWDRVI,Min,
1983-02,BWDRVI,Max,
1983-02,EVI,Mean,
1983-02,EVI,Min,
1983-02,EVI,Max,
1983-02,EVI2,Mean,
1983-02,EVI2,Min,
1983-02,EVI2,Max,
1983-02,GEMI,Mean,
1983-02,GEMI,Min,
1983-02,GEMI,Max,
1983-02,NDVI,Mean,
1983-02,NDVI,Min,
1983-02,NDVI,Max,
1983-02,NDWI,Mean,
1983-02,NDWI,Min,
1983-02,NDWI,Max,
1983-03,BWDRVI,Mean,
1983-03,BWDRVI,Min,
1983-03,BWDRVI,Max,
1983-03,EVI,Mean,
1983-03,EVI,Min,
1983-03,EVI,Max,
1983-03,EVI2,Mean,
1983-03,EVI2,Min,
1983-03,EVI2,Max,
1983-03,GEMI,Mean,
1983-03,GEMI,Min,
1983-03,GEMI,Max,
1983-03,NDVI,Mean,
1983-03,NDVI,Min,
1983-03,NDVI,Max,
1983-03,NDWI,Mean,
1983-03,NDWI,Min,
1983-03,NDWI,Max,
1983-04,BWDRVI,Mean,
1983-04,BWDRVI,Min,
1983-04,BWDRVI,Max,
1983-04,EVI,Mean,
1983-04,EVI,Min,
1983-04,EVI,Max,
1983-04,EVI2,Mean,
1983-04,EVI2,Min,
1983-04,EVI2,Max,
1983-04,GEMI,Mean,
1983-04,GEMI,Min,
1983-04,GEMI,Max,
1983-04,NDVI,Mean,
1983-04,NDVI,Min,
1983-04,NDVI,Max,
1983-04,NDWI,Mean,
1983-04,NDWI,Min,
1983-04,NDWI,Max,
1983-05,BWDRVI,Mean,
1983-05,BWDRVI,Min,
1983-05,BWDRVI,Max,
1983-05,EVI,Mean,
1983-05,EVI,Min,
1983-05,EVI,Max,
1983-05,EVI2,Mean,
1983-05,EVI2,Min,
1983-05,EVI2,Max,
1983-05,GEMI,Mean,
1983-05,GEMI,Min,
1983-05,GEMI,Max,
1983-05,NDVI,Mean,
1983-05,NDVI,Min,
1983-05,NDVI,Max,
1983-05,NDWI,Mean,
1983-05,NDWI,Min,
1983-05,NDWI,Max,
1983-06,BWDRVI,Mean,
1983-06,BWDRVI,Min,
1983-06,BWDRVI,Max,
1983-06,EVI,Mean,
1983-06,EVI,Min,
1983-06,EVI,Max,
1983-06,EVI2,Mean,
1983-06,EVI2,Min,
1983-06,EVI2,Max,
1983-06,GEMI,Mean,
1983-06,GEMI,Min,
1983-06,GEMI,Max,
1983-06,NDVI,Mean,
1983-06,NDVI,Min,
1983-06,NDVI,Max,
1983-06,NDWI,Mean,
1983-06,NDWI,Min,
1983-06,NDWI,Max,
1983-07,BWDRVI,Mean,
1983-07,BWDRVI,Min,
1983-07,BWDRVI,Max,
1983-07,EVI,Mean,
1983-07,EVI,Min,
1983-07,EVI,Max,
1983-07,EVI2,Mean,
1983-07,EVI2,Min,
1983-07,EVI2,Max,
1983-07,GEMI,Mean,
1983-07,GEMI,Min,
1983-07,GEMI,Max,
1983-07,NDVI,Mean,
1983-07,NDVI,Min,
1983-07,NDVI,Max,
1983-07,NDWI,Mean,
1983-07,NDWI,Min,
1983-07,NDWI,Max,
1983-08,BWDRVI,Mean,
1983-08,BWDRVI,Min,
1983-08,BWDRVI,Max,
1983-08,EVI,Mean,
1983-08,EVI,Min,
1983-08,EVI,Max,
1983-08,EVI2,Mean,
1983-08,EVI2,Min,
1983-08,EVI2,Max,
1983-08,GEMI,Mean,
1983-08,GEMI,Min,
1983-08,GEMI,Max,
1983-08,NDVI,Mean,
1983-08,NDVI,Min,
1983-08,NDVI,Max,
1983-08,NDWI,Mean,
1983-08,NDWI,Min,
1983-08,NDWI,Max,
1983-09,BWDRVI,Mean,
1983-09,BWDRVI,Min,
1983-09,BWDRVI,Max,
1983-09,EVI,Mean,
1983-09,EVI,Min,
1983-09,EVI,Max,
1983-09,EVI2,Mean,
1983-09,EVI2,Min,
1983-09,EVI2,Max,
1983-09,GEMI,Mean,
1983-09,GEMI,Min,
1983-09,GEMI,Max,
1983-09,NDVI,Mean,
1983-09,NDVI,Min,
1983-09,NDVI,Max,
1983-09,NDWI,Mean,
1983-09,NDWI,Min,
1983-09,NDWI,Max,
1983-10,BWDRVI,Mean,
1983-10,BWDRVI,Min,
1983-10,BWDRVI,Max,
1983-10,EVI,Mean,
1983-10,EVI,Min,
1983-10,EVI,Max,
1983-10,EVI2,Mean,
1983-10,EVI2,Min,
1983-10,EVI2,Max,
1983-10,GEMI,Mean,
1983-10,GEMI,Min,
1983-10,GEMI,Max,
1983-10,NDVI,Mean,
1983-10,NDVI,Min,
1983-10,NDVI,Max,
1983-10,NDWI,Mean,
1983-10,NDWI,Min,
1983-10,NDWI,Max,
1983-11,BWDRVI,Mean,
1983-11,BWDRVI,Min,
1983-11,BWDRVI,Max,
1983-11,EVI,Mean,
1983-11,EVI,Min,
1983-11,EVI,Max,
1983-11,EVI2,Mean,
1983-11,EVI2,Min,
1983-11,EVI2,Max,
1983-11,GEMI,Mean,
1983-11,GEMI,Min,
1983-11,GEMI,Max,
1983-11,NDVI,Mean,
1983-11,NDVI,Min,
1983-11,NDVI,Max,
1983-11,NDWI,Mean,
1983-11,NDWI,Min,
1983-11,NDWI,Max,
1983-12,BWDRVI,Mean,
1983-12,BWDRVI,Min,
1983-12,BWDRVI,Max,
1983-12,EVI,Mean,
1983-12,EVI,Min,
1983-12,EVI,Max,
1983-12,EVI2,Mean,
1983-12,EVI2,Min,
1983-12,EVI2,Max,
1983-12,GEMI,Mean,
1983-12,GEMI,Min,
1983-12,GEMI,Max,
1983-12,NDVI,Mean,
1983-12,NDVI,Min,
1983-12,NDVI,Max,
1983-12,NDWI,Mean,
1983-12,NDWI,Min,
1983-12,NDWI,Max,
1984-01,BWDRVI,Mean,
1984-01,BWDRVI,Min,
1984-01,BWDRVI,Max,
1984-01,EVI,Mean,
1984-01,EVI,Min,
1984-01,EVI,Max,
1984-01,EVI2,Mean,
1984-01,EVI2,Min,
1984-01,EVI2,Max,
1984-01,GEMI,Mean,
1984-01,GEMI,Min,
1984-01,GEMI,Max,
1984-01,NDVI,Mean,
1984-01,NDVI,Min,
1984-01,NDVI,Max,
1984-01,NDWI,Mean,
1984-01,NDWI,Min,
1984-01,NDWI,Max,
1984-02,BWDRVI,Mean,
1984-02,BWDRVI,Min,
1984-02,BWDRVI,Max,
1984-02,EVI,Mean,
1984-02,EVI,Min,
1984-02,EVI,Max,
1984-02,EVI2,Mean,
1984-02,EVI2,Min,
1984-02,EVI2,Max,
1984-02,GEMI,Mean,
1984-02,GEMI,Min,
1984-02,GEMI,Max,
1984-02,NDVI,Mean,
1984-02,NDVI,Min,
1984-02,NDVI,Max,
1984-02,NDWI,Mean,
1984-02,NDWI,Min,
1984-02,NDWI,Max,
1984-03,BWDRVI,Mean,
1984-03,BWDRVI,Min,
1984-03,BWDRVI,Max,
1984-03,EVI,Mean,
1984-03,EVI,Min,
1984-03,EVI,Max,
1984-03,EVI2,Mean,
1984-03,EVI2,Min,
1984-03,EVI2,Max,
1984-03,GEMI,Mean,
1984-03,GEMI,Min,
1984-03,GEMI,Max,
1984-03,NDVI,Mean,
1984-03,NDVI,Min,
1984-03,NDVI,Max,
1984-03,NDWI,Mean,
1984-03,NDWI,Min,
1984-03,NDWI,Max,
1984-04,BWDRVI,Mean,
1984-04,BWDRVI,Min,
1984-04,BWDRVI,Max,
1984-04,EVI,Mean,
1984-04,EVI,Min,
1984-04,EVI,Max,
1984-04,EVI2,Mean,
1984-04,EVI2,Min,
1984-04,EVI2,Max,
1984-04,GEMI,Mean,
1984-04,GEMI,Min,
1984-04,GEMI,Max,
1984-04,NDVI,Mean,
1984-04,NDVI,Min,
1984-04,NDVI,Max,
1984-04,NDWI,Mean,
1984-04,NDWI,Min,
1984-04,NDWI,Max,
1984-05,BWDRVI,Mean,
1984-05,BWDRVI,Min,
1984-05,BWDRVI,Max,
1984-05,EVI,Mean,
1984-05,EVI,Min,
1984-05,EVI,Max,
1984-05,EVI2,Mean,
1984-05,EVI2,Min,
1984-05,EVI2,Max,
1984-05,GEMI,Mean,
1984-05,GEMI,Min,
1984-05,GEMI,Max,
1984-05,NDVI,Mean,
1984-05,NDVI,Min,
1984-05,NDVI,Max,
1984-05,NDWI,Mean,
1984-05,NDWI,Min,
1984-05,NDWI,Max,
1984-06,BWDRVI,Mean,
1984-06,BWDRVI,Min,
1984-06,BWDRVI,Max,
1984-06,EVI,Mean,
1984-06,EVI,Min,
1984-06,EVI,Max,
1984-06,EVI2,Mean,
1984-06,EVI2,Min,
1984-06,EVI2,Max,
1984-06,GEMI,Mean,
1984-06,GEMI,Min,
1984-06,GEMI,Max,
1984-06,NDVI,Mean,
1984-06,NDVI,Min,
1984-06,NDVI,Max,
1984-06,NDWI,Mean,
1984-06,NDWI,Min,
1984-06,NDWI,Max,
1984-07,BWDRVI,Mean,
1984-07,BWDRVI,Min,
1984-07,BWDRVI,Max,
1984-07,EVI,Mean,
1984-07,EVI,Min,
1984-07,EVI,Max,
1984-07,EVI2,Mean,
1984-07,EVI2,Min,
1984-07,EVI2,Max,
1984-07,GEMI,Mean,
1984-07,GEMI,Min,
1984-07,GEMI,Max,
1984-07,NDVI,Mean,
1984-07,NDVI,Min,
1984-07,NDVI,Max,
1984-07,NDWI,Mean,
1984-07,NDWI,Min,
1984-07,NDWI,Max,
1984-08,BWDRVI,Mean,
1984-08,BWDRVI,Min,
1984-08,BWDRVI,Max,
1984-08,EVI,Mean,
1984-08,EVI,Min,
1984-08,EVI,Max,
1984-08,EVI2,Mean,
1984-08,EVI2,Min,
1984-08,EVI2,Max,
1984-08,GEMI,Mean,
1984-08,GEMI,Min,
1984-08,GEMI,Max,
1984-08,NDVI,Mean,
1984-08,NDVI,Min,
1984-08,NDVI,Max,
1984-08,NDWI,Mean,
1984-08,NDWI,Min,
1984-08,NDWI,Max,
1984-09,BWDRVI,Mean,
1984-09,BWDRVI,Min,
1984-09,BWDRVI,Max,
1984-09,EVI,Mean,
1984-09,EVI,Min,
1984-09,EVI,Max,
1984-09,EVI2,Mean,
1984-09,EVI2,Min,
1984-09,EVI2,Max,
1984-09,GEMI,Mean,
1984-09,GEMI,Min,
1984-09,GEMI,Max,
1984-09,NDVI,Mean,
1984-09,NDVI,Min,
1984-09,NDVI,Max,
1984-09,NDWI,Mean,
1984-09,NDWI,Min,
1984-09,NDWI,Max,
1984-10,BWDRVI,Mean,
1984-10,BWDRVI,Min,
1984-10,BWDRVI,Max,
1984-10,EVI,Mean,
1984-10,EVI,Min,
1984-10,EVI,Max,
1984-10,EVI2,Mean,
1984-10,EVI2,Min,
1984-10,EVI2,Max,
1984-10,GEMI,Mean,
1984-10,GEMI,Min,
1984-10,GEMI,Max,
1984-10,NDVI,Mean,
1984-10,NDVI,Min,
1984-10,NDVI,Max,
1984-10,NDWI,Mean,
1984-10,NDWI,Min,
1984-10,NDWI,Max,
1984-11,BWDRVI,Mean,
1984-11,BWDRVI,Min,
1984-11,BWDRVI,Max,
1984-11,EVI,Mean,
1984-11,EVI,Min,
1984-11,EVI,Max,
1984-11,EVI2,Mean,
1984-11,EVI2,Min,
1984-11,EVI2,Max,
1984-11,GEMI,Mean,
1984-11,GEMI,Min,
1984-11,GEMI,Max,
1984-11,NDVI,Mean,
1984-11,NDVI,Min,
1984-11,NDVI,Max,
1984-11,NDWI,Mean,
1984-11,NDWI,Min,
1984-11,NDWI,Max,
1984-12,BWDRVI,Mean,
1984-12,BWDRVI,Min,
1984-12,BWDRVI,Max,
1984-12,EVI,Mean,
1984-12,EVI,Min,
1984-12,EVI,Max,
1984-12,EVI2,Mean,
1984-12,EVI2,Min,
1984-12,EVI2,Max,
1984-12,GEMI,Mean,
1984-12,GEMI,Min,
1984-12,GEMI,Max,
1984-12,NDVI,Mean,
1984-12,NDVI,Min,
1984-12,NDVI,Max,
1984-12,NDWI,Mean,
1984-12,NDWI,Min,
1984-12,NDWI,Max,
1985-01,BWDRVI,Mean,
1985-01,BWDRVI,Min,
1985-01,BWDRVI,Max,
1985-01,EVI,Mean,
1985-01,EVI,Min,
1985-01,EVI,Max,
1985-01,EVI2,Mean,
1985-01,EVI2,Min,
1985-01,EVI2,Max,
1985-01,GEMI,Mean,
1985-01,GEMI,Min,
1985-01,GEMI,Max,
1985-01,NDVI,Mean,
1985-01,NDVI,Min,
1985-01,NDVI,Max,
1985-01,NDWI,Mean,
1985-01,NDWI,Min,
1985-01,NDWI,Max,
1985-02,BWDRVI,Mean,
1985-02,BWDRVI,Min,
1985-02,BWDRVI,Max,
1985-02,EVI,Mean,
1985-02,EVI,Min,
1985-02,EVI,Max,
1985-02,EVI2,Mean,
1985-02,EVI2,Min,
1985-02,EVI2,Max,
1985-02,GEMI,Mean,
1985-02,GEMI,Min,
1985-02,GEMI,Max,
1985-02,NDVI,Mean,
1985-02,NDVI,Min,
1985-02,NDVI,Max,
1985-02,NDWI,Mean,
1985-02,NDWI,Min,
1985-02,NDWI,Max,
1985-03,BWDRVI,Mean,
1985-03,BWDRVI,Min,
1985-03,BWDRVI,Max,
1985-03,EVI,Mean,
1985-03,EVI,Min,
1985-03,EVI,Max,
1985-03,EVI2,Mean,
1985-03,EVI2,Min,
1985-03,EVI2,Max,
1985-03,GEMI,Mean,
1985-03,GEMI,Min,
1985-03,GEMI,Max,
1985-03,NDVI,Mean,
1985-03,NDVI,Min,
1985-03,NDVI,Max,
1985-03,NDWI,Mean,
1985-03,NDWI,Min,
1985-03,NDWI,Max,
1985-04,BWDRVI,Mean,
1985-04,BWDRVI,Min,
1985-04,BWDRVI,Max,
1985-04,EVI,Mean,
1985-04,EVI,Min,
1985-04,EVI,Max,
1985-04,EVI2,Mean,
1985-04,EVI2,Min,
1985-04,EVI2,Max,
1985-04,GEMI,Mean,
1985-04,GEMI,Min,
1985-04,GEMI,Max,
1985-04,NDVI,Mean,
1985-04,NDVI,Min,
1985-04,NDVI,Max,
1985-04,NDWI,Mean,
1985-04,NDWI,Min,
1985-04,NDWI,Max,
1985-05,BWDRVI,Mean,
1985-05,BWDRVI,Min,
1985-05,BWDRVI,Max,
1985-05,EVI,Mean,
1985-05,EVI,Min,
1985-05,EVI,Max,
1985-05,EVI2,Mean,
1985-05,EVI2,Min,
1985-05,EVI2,Max,
1985-05,GEMI,Mean,
1985-05,GEMI,Min,
1985-05,GEMI,Max,
1985-05,NDVI,Mean,
1985-05,NDVI,Min,
1985-05,NDVI,Max,
1985-05,NDWI,Mean,
1985-05,NDWI,Min,
1985-05,NDWI,Max,
1985-06,BWDRVI,Mean,
1985-06,BWDRVI,Min,
1985-06,BWDRVI,Max,
1985-06,EVI,Mean,
1985-06,EVI,Min,
1985-06,EVI,Max,
1985-06,EVI2,Mean,
1985-06,EVI2,Min,
1985-06,EVI2,Max,
1985-06,GEMI,Mean,
1985-06,GEMI,Min,
1985-06,GEMI,Max,
1985-06,NDVI,Mean,
1985-06,NDVI,Min,
1985-06,NDVI,Max,
1985-06,NDWI,Mean,
1985-06,NDWI,Min,
1985-06,NDWI,Max,
1985-07,BWDRVI,Mean,
1985-07,BWDRVI,Min,
1985-07,BWDRVI,Max,
1985-07,EVI,Mean,
1985-07,EVI,Min,
1985-07,EVI,Max,
1985-07,EVI2,Mean,
1985-07,EVI2,Min,
1985-07,EVI2,Max,
1985-07,GEMI,Mean,
1985-07,GEMI,Min,
1985-07,GEMI,Max,
1985-07,NDVI,Mean,
1985-07,NDVI,Min,
1985-07,NDVI,Max,
1985-07,NDWI,Mean,
1985-07,NDWI,Min,
1985-07,NDWI,Max,
1985-08,BWDRVI,Mean,
1985-08,BWDRVI,Min,
1985-08,BWDRVI,Max,
1985-08,EVI,Mean,
1985-08,EVI,Min,
1985-08,EVI,Max,
1985-08,EVI2,Mean,
1985-08,EVI2,Min,
1985-08,EVI2,Max,
1985-08,GEMI,Mean,
1985-08,GEMI,Min,
1985-08,GEMI,Max,
1985-08,NDVI,Mean,
1985-08,NDVI,Min,
1985-08,NDVI,Max,
1985-08,NDWI,Mean,
1985-08,NDWI,Min,
1985-08,NDWI,Max,
1985-09,BWDRVI,Mean,
1985-09,BWDRVI,Min,
1985-09,BWDRVI,Max,
1985-09,EVI,Mean,
1985-09,EVI,Min,
1985-09,EVI,Max,
1985-09,EVI2,Mean,
1985-09,EVI2,Min,
1985-09,EVI2,Max,
1985-09,GEMI,Mean,
1985-09,GEMI,Min,
1985-09,GEMI,Max,
1985-09,NDVI,Mean,
1985-09,NDVI,Min,
1985-09,NDVI,Max,
1985-09,NDWI,Mean,
1985-09,NDWI,Min,
1985-09,NDWI,Max,
1985-10,BWDRVI,Mean,
1985-10,BWDRVI,Min,
1985-10,BWDRVI,Max,
1985-10,EVI,Mean,
1985-10,EVI,Min,
1985-10,EVI,Max,
1985-10,EVI2,Mean,
1985-10,EVI2,Min,
1985-10,EVI2,Max,
1985-10,GEMI,Mean,
1985-10,GEMI,Min,
1985-10,GEMI,Max,
1985-10,NDVI,Mean,
1985-10,NDVI,Min,
1985-10,NDVI,Max,
1985-10,NDWI,Mean,
1985-10,NDWI,Min,
1985-10,NDWI,Max,
1985-11,BWDRVI,Mean,
1985-11,BWDRVI,Min,
1985-11,BWDRVI,Max,
1985-11,EVI,Mean,
1985-11,EVI,Min,
1985-11,EVI,Max,
1985-11,EVI2,Mean,
1985-11,EVI2,Min,
1985-11,EVI2,Max,
1985-11,GEMI,Mean,
1985-11,GEMI,Min,
1985-11,GEMI,Max,
1985-11,NDVI,Mean,
1985-11,NDVI,Min,
1985-11,NDVI,Max,
1985-11,NDWI,Mean,
1985-11,NDWI,Min,
1985-11,NDWI,Max,
1985-12,BWDRVI,Mean,
1985-12,BWDRVI,Min,
1985-12,BWDRVI,Max,
1985-12,EVI,Mean,
1985-12,EVI,Min,
1985-12,EVI,Max,
1985-12,EVI2,Mean,
1985-12,EVI2,Min,
1985-12,EVI2,Max,
1985-12,GEMI,Mean,
1985-12,GEMI,Min,
1985-12,GEMI,Max,
1985-12,NDVI,Mean,
1985-12,NDVI,Min,
1985-12,NDVI,Max,
1985-12,NDWI,Mean,
1985-12,NDWI,Min,
1985-12,NDWI,Max,
1986-01,BWDRVI,Mean,
1986-01,BWDRVI,Min,
1986-01,BWDRVI,Max,
1986-01,EVI,Mean,
1986-01,EVI,Min,
1986-01,EVI,Max,
1986-01,EVI2,Mean,
1986-01,EVI2,Min,
1986-01,EVI2,Max,
1986-01,GEMI,Mean,
1986-01,GEMI,Min,
1986-01,GEMI,Max,
1986-01,NDVI,Mean,
1986-01,NDVI,Min,
1986-01,NDVI,Max,
1986-01,NDWI,Mean,
1986-01,NDWI,Min,
1986-01,NDWI,Max,
1986-02,BWDRVI,Mean,
1986-02,BWDRVI,Min,
1986-02,BWDRVI,Max,
1986-02,EVI,Mean,
1986-02,EVI,Min,
1986-02,EVI,Max,
1986-02,EVI2,Mean,
1986-02,EVI2,Min,
1986-02,EVI2,Max,
1986-02,GEMI,Mean,
1986-02,GEMI,Min,
1986-02,GEMI,Max,
1986-02,NDVI,Mean,
1986-02,NDVI,Min,
1986-02,NDVI,Max,
1986-02,NDWI,Mean,
1986-02,NDWI,Min,
1986-02,NDWI,Max,
1986-03,BWDRVI,Mean,
1986-03,BWDRVI,Min,
1986-03,BWDRVI,Max,
1986-03,EVI,Mean,
1986-03,EVI,Min,
1986-03,EVI,Max,
1986-03,EVI2,Mean,
1986-03,EVI2,Min,
1986-03,EVI2,Max,
1986-03,GEMI,Mean,
1986-03,GEMI,Min,
1986-03,GEMI,Max,
1986-03,NDVI,Mean,
1986-03,NDVI,Min,
1986-03,NDVI,Max,
1986-03,NDWI,Mean,
1986-03,NDWI,Min,
1986-03,NDWI,Max,
1986-04,BWDRVI,Mean,
1986-04,BWDRVI,Min,
1986-04,BWDRVI,Max,
1986-04,EVI,Mean,
1986-04,EVI,Min,
1986-04,EVI,Max,
1986-04,EVI2,Mean,
1986-04,EVI2,Min,
1986-04,EVI2,Max,
1986-04,GEMI,Mean,
1986-04,GEMI,Min,
1986-04,GEMI,Max,
1986-04,NDVI,Mean,
1986-04,NDVI,Min,
1986-04,NDVI,Max,
1986-04,NDWI,Mean,
1986-04,NDWI,Min,
1986-04,NDWI,Max,
1986-05,BWDRVI,Mean,
1986-05,BWDRVI,Min,
1986-05,BWDRVI,Max,
1986-05,EVI,Mean,
1986-05,EVI,Min,
1986-05,EVI,Max,
1986-05,EVI2,Mean,
1986-05,EVI2,Min,
1986-05,EVI2,Max,
1986-05,GEMI,Mean,
1986-05,GEMI,Min,
1986-05,GEMI,Max,
1986-05,NDVI,Mean,
1986-05,NDVI,Min,
1986-05,NDVI,Max,
1986-05,NDWI,Mean,
1986-05,NDWI,Min,
1986-05,NDWI,Max,
1986-06,BWDRVI,Mean,
1986-06,BWDRVI,Min,
1986-06,BWDRVI,Max,
1986-06,EVI,Mean,
1986-06,EVI,Min,
1986-06,EVI,Max,
1986-06,EVI2,Mean,
1986-06,EVI2,Min,
1986-06,EVI2,Max,
1986-06,GEMI,Mean,
1986-06,GEMI,Min,
1986-06,GEMI,Max,
1986-06,NDVI,Mean,
1986-06,NDVI,Min,
1986-06,NDVI,Max,
1986-06,NDWI,Mean,
1986-06,NDWI,Min,
1986-06,NDWI,Max,
1986-07,BWDRVI,Mean,
1986-07,BWDRVI,Min,
1986-07,BWDRVI,Max,
1986-07,EVI,Mean,
1986-07,EVI,Min,
1986-07,EVI,Max,
1986-07,EVI2,Mean,
1986-07,EVI2,Min,
1986-07,EVI2,Max,
1986-07,GEMI,Mean,
1986-07,GEMI,Min,
1986-07,GEMI,Max,
1986-07,NDVI,Mean,
1986-07,NDVI,Min,
1986-07,NDVI,Max,
1986-07,NDWI,Mean,
1986-07,NDWI,Min,
1986-07,NDWI,Max,
1986-08,BWDRVI,Mean,
1986-08,BWDRVI,Min,
1986-08,BWDRVI,Max,
1986-08,EVI,Mean,
1986-08,EVI,Min,
1986-08,EVI,Max,
1986-08,EVI2,Mean,
1986-08,EVI2,Min,
1986-08,EVI2,Max,
1986-08,GEMI,Mean,
1986-08,GEMI,Min,
1986-08,GEMI,Max,
1986-08,NDVI,Mean,
1986-08,NDVI,Min,
1986-08,NDVI,Max,
1986-08,NDWI,Mean,
1986-08,NDWI,Min,
1986-08,NDWI,Max,
1986-09,BWDRVI,Mean,
1986-09,BWDRVI,Min,
1986-09,BWDRVI,Max,
1986-09,EVI,Mean,
1986-09,EVI,Min,
1986-09,EVI,Max,
1986-09,EVI2,Mean,
1986-09,EVI2,Min,
1986-09,EVI2,Max,
1986-09,GEMI,Mean,
1986-09,GEMI,Min,
1986-09,GEMI,Max,
1986-09,NDVI,Mean,
1986-09,NDVI,Min,
1986-09,NDVI,Max,
1986-09,NDWI,Mean,
1986-09,NDWI,Min,
1986-09,NDWI,Max,
1986-10,BWDRVI,Mean,
1986-10,BWDRVI,Min,
1986-10,BWDRVI,Max,
1986-10,EVI,Mean,
1986-10,EVI,Min,
1986-10,EVI,Max,
1986-10,EVI2,Mean,
1986-10,EVI2,Min,
1986-10,EVI2,Max,
1986-10,GEMI,Mean,
1986-10,GEMI,Min,
1986-10,GEMI,Max,
1986-10,NDVI,Mean,
1986-10,NDVI,Min,
1986-10,NDVI,Max,
1986-10,NDWI,Mean,
1986-10,NDWI,Min,
1986-10,NDWI,Max,
1986-11,BWDRVI,Mean,
1986-11,BWDRVI,Min,
1986-11,BWDRVI,Max,
1986-11,EVI,Mean,
1986-11,EVI,Min,
1986-11,EVI,Max,
1986-11,EVI2,Mean,
1986-11,EVI2,Min,
1986-11,EVI2,Max,
1986-11,GEMI,Mean,
1986-11,GEMI,Min,
1986-11,GEMI,Max,
1986-11,NDVI,Mean,
1986-11,NDVI,Min,
1986-11,NDVI,Max,
1986-11,NDWI,Mean,
1986-11,NDWI,Min,
1986-11,NDWI,Max,
1986-12,BWDRVI,Mean,
1986-12,BWDRVI,Min,
1986-12,BWDRVI,Max,
1986-12,EVI,Mean,
1986-12,EVI,Min,
1986-12,EVI,Max,
1986-12,EVI2,Mean,
1986-12,EVI2,Min,
1986-12,EVI2,Max,
1986-12,GEMI,Mean,
1986-12,GEMI,Min,
1986-12,GEMI,Max,
1986-12,NDVI,Mean,
1986-12,NDVI,Min,
1986-12,NDVI,Max,
1986-12,NDWI,Mean,
1986-12,NDWI,Min,
1986-12,NDWI,Max,
1987-01,BWDRVI,Mean,
1987-01,BWDRVI,Min,
1987-01,BWDRVI,Max,
1987-01,EVI,Mean,
1987-01,EVI,Min,
1987-01,EVI,Max,
1987-01,EVI2,Mean,
1987-01,EVI2,Min,
1987-01,EVI2,Max,
1987-01,GEMI,Mean,
1987-01,GEMI,Min,
1987-01,GEMI,Max,
1987-01,NDVI,Mean,
1987-01,NDVI,Min,
1987-01,NDVI,Max,
1987-01,NDWI,Mean,
1987-01,NDWI,Min,
1987-01,NDWI,Max,
1987-02,BWDRVI,Mean,
1987-02,BWDRVI,Min,
1987-02,BWDRVI,Max,
1987-02,EVI,Mean,
1987-02,EVI,Min,
1987-02,EVI,Max,
1987-02,EVI2,Mean,
1987-02,EVI2,Min,
1987-02,EVI2,Max,
1987-02,GEMI,Mean,
1987-02,GEMI,Min,
1987-02,GEMI,Max,
1987-02,NDVI,Mean,
1987-02,NDVI,Min,
1987-02,NDVI,Max,
1987-02,NDWI,Mean,
1987-02,NDWI,Min,
1987-02,NDWI,Max,
1987-03,BWDRVI,Mean,
1987-03,BWDRVI,Min,
1987-03,BWDRVI,Max,
1987-03,EVI,Mean,
1987-03,EVI,Min,
1987-03,EVI,Max,
1987-03,EVI2,Mean,
1987-03,EVI2,Min,
1987-03,EVI2,Max,
1987-03,GEMI,Mean,
1987-03,GEMI,Min,
1987-03,GEMI,Max,
1987-03,NDVI,Mean,
1987-03,NDVI,Min,
1987-03,NDVI,Max,
1987-03,NDWI,Mean,
1987-03,NDWI,Min,
1987-03,NDWI,Max,
1987-04,BWDRVI,Mean,
1987-04,BWDRVI,Min,
1987-04,BWDRVI,Max,
1987-04,EVI,Mean,
1987-04,EVI,Min,
1987-04,EVI,Max,
1987-04,EVI2,Mean,
1987-04,EVI2,Min,
1987-04,EVI2,Max,
1987-04,GEMI,Mean,
1987-04,GEMI,Min,
1987-04,GEMI,Max,
1987-04,NDVI,Mean,
1987-04,NDVI,Min,
1987-04,NDVI,Max,
1987-04,NDWI,Mean,
1987-04,NDWI,Min,
1987-04,NDWI,Max,
1987-05,BWDRVI,Mean,
1987-05,BWDRVI,Min,
1987-05,BWDRVI,Max,
1987-05,EVI,Mean,
1987-05,EVI,Min,
1987-05,EVI,Max,
1987-05,EVI2,Mean,
1987-05,EVI2,Min,
1987-05,EVI2,Max,
1987-05,GEMI,Mean,
1987-05,GEMI,Min,
1987-05,GEMI,Max,
1987-05,NDVI,Mean,
1987-05,NDVI,Min,
1987-05,NDVI,Max,
1987-05,NDWI,Mean,
1987-05,NDWI,Min,
1987-05,NDWI,Max,
1987-06,BWDRVI,Mean,
1987-06,BWDRVI,Min,
1987-06,BWDRVI,Max,
1987-06,EVI,Mean,
1987-06,EVI,Min,
1987-06,EVI,Max,
1987-06,EVI2,Mean,
1987-06,EVI2,Min,
1987-06,EVI2,Max,
1987-06,GEMI,Mean,
1987-06,GEMI,Min,
1987-06,GEMI,Max,
1987-06,NDVI,Mean,
1987-06,NDVI,Min,
1987-06,NDVI,Max,
1987-06,NDWI,Mean,
1987-06,NDWI,Min,
1987-06,NDWI,Max,
1987-07,BWDRVI,Mean,
1987-07,BWDRVI,Min,
1987-07,BWDRVI,Max,
1987-07,EVI,Mean,
1987-07,EVI,Min,
1987-07,EVI,Max,
1987-07,EVI2,Mean,
1987-07,EVI2,Min,
1987-07,EVI2,Max,
1987-07,GEMI,Mean,
1987-07,GEMI,Min,
1987-07,GEMI,Max,
1987-07,NDVI,Mean,
1987-07,NDVI,Min,
1987-07,NDVI,Max,
1987-07,NDWI,Mean,
1987-07,NDWI,Min,
1987-07,NDWI,Max,
1987-08,BWDRVI,Mean,
1987-08,BWDRVI,Min,
1987-08,BWDRVI,Max,
1987-08,EVI,Mean,
1987-08,EVI,Min,
1987-08,EVI,Max,
1987-08,EVI2,Mean,
1987-08,EVI2,Min,
1987-08,EVI2,Max,
1987-08,GEMI,Mean,
1987-08,GEMI,Min,
1987-08,GEMI,Max,
1987-08,NDVI,Mean,
1987-08,NDVI,Min,
1987-08,NDVI,Max,
1987-08,NDWI,Mean,
1987-08,NDWI,Min,
1987-08,NDWI,Max,
1987-09,BWDRVI,Mean,
1987-09,BWDRVI,Min,
1987-09,BWDRVI,Max,
1987-09,EVI,Mean,
1987-09,EVI,Min,
1987-09,EVI,Max,
1987-09,EVI2,Mean,
1987-09,EVI2,Min,
1987-09,EVI2,Max,
1987-09,GEMI,Mean,
1987-09,GEMI,Min,
1987-09,GEMI,Max,
1987-09,NDVI,Mean,
1987-09,NDVI,Min,
1987-09,NDVI,Max,
1987-09,NDWI,Mean,
1987-09,NDWI,Min,
1987-09,NDWI,Max,
1987-10,BWDRVI,Mean,
1987-10,BWDRVI,Min,
1987-10,BWDRVI,Max,
1987-10,EVI,Mean,
1987-10,EVI,Min,
1987-10,EVI,Max,
1987-10,EVI2,Mean,
1987-10,EVI2,Min,
1987-10,EVI2,Max,
1987-10,GEMI,Mean,
1987-10,GEMI,Min,
1987-10,GEMI,Max,
1987-10,NDVI,Mean,
1987-10,NDVI,Min,
1987-10,NDVI,Max,
1987-10,NDWI,Mean,
1987-10,NDWI,Min,
1987-10,NDWI,Max,
1987-11,BWDRVI,Mean,
1987-11,BWDRVI,Min,
1987-11,BWDRVI,Max,
1987-11,EVI,Mean,
1987-11,EVI,Min,
1987-11,EVI,Max,
1987-11,EVI2,Mean,
1987-11,EVI2,Min,
1987-11,EVI2,Max,
1987-11,GEMI,Mean,
1987-11,GEMI,Min,
1987-11,GEMI,Max,
1987-11,NDVI,Mean,
1987-11,NDVI,Min,
1987-11,NDVI,Max,
1987-11,NDWI,Mean,
1987-11,NDWI,Min,
1987-11,NDWI,Max,
1987-12,BWDRVI,Mean,
1987-12,BWDRVI,Min,
1987-12,BWDRVI,Max,
1987-12,EVI,Mean,
1987-12,EVI,Min,
1987-12,EVI,Max,
1987-12,EVI2,Mean,
1987-12,EVI2,Min,
1987-12,EVI2,Max,
1987-12,GEMI,Mean,
1987-12,GEMI,Min,
1987-12,GEMI,Max,
1987-12,NDVI,Mean,
1987-12,NDVI,Min,
1987-12,NDVI,Max,
1987-12,NDWI,Mean,
1987-12,NDWI,Min,
1987-12,NDWI,Max,
1988-01,BWDRVI,Mean,
1988-01,BWDRVI,Min,
1988-01,BWDRVI,Max,
1988-01,EVI,Mean,
1988-01,EVI,Min,
1988-01,EVI,Max,
1988-01,EVI2,Mean,
1988-01,EVI2,Min,
1988-01,EVI2,Max,
1988-01,GEMI,Mean,
1988-01,GEMI,Min,
1988-01,GEMI,Max,
1988-01,NDVI,Mean,
1988-01,NDVI,Min,
1988-01,NDVI,Max,
1988-01,NDWI,Mean,
1988-01,NDWI,Min,
1988-01,NDWI,Max,
1988-02,BWDRVI,Mean,
1988-02,BWDRVI,Min,
1988-02,BWDRVI,Max,
1988-02,EVI,Mean,
1988-02,EVI,Min,
1988-02,EVI,Max,
1988-02,EVI2,Mean,
1988-02,EVI2,Min,
1988-02,EVI2,Max,
1988-02,GEMI,Mean,
1988-02,GEMI,Min,
1988-02,GEMI,Max,
1988-02,NDVI,Mean,
1988-02,NDVI,Min,
1988-02,NDVI,Max,
1988-02,NDWI,Mean,
1988-02,NDWI,Min,
1988-02,NDWI,Max,
1988-03,BWDRVI,Mean,
1988-03,BWDRVI,Min,
1988-03,BWDRVI,Max,
1988-03,EVI,Mean,
1988-03,EVI,Min,
1988-03,EVI,Max,
1988-03,EVI2,Mean,
1988-03,EVI2,Min,
1988-03,EVI2,Max,
1988-03,GEMI,Mean,
1988-03,GEMI,Min,
1988-03,GEMI,Max,
1988-03,NDVI,Mean,
1988-03,NDVI,Min,
1988-03,NDVI,Max,
1988-03,NDWI,Mean,
1988-03,NDWI,Min,
1988-03,NDWI,Max,
1988-04,BWDRVI,Mean,
1988-04,BWDRVI,Min,
1988-04,BWDRVI,Max,
1988-04,EVI,Mean,
1988-04,EVI,Min,
1988-04,EVI,Max,
1988-04,EVI2,Mean,
1988-04,EVI2,Min,
1988-04,EVI2,Max,
1988-04,GEMI,Mean,
1988-04,GEMI,Min,
1988-04,GEMI,Max,
1988-04,NDVI,Mean,
1988-04,NDVI,Min,
1988-04,NDVI,Max,
1988-04,NDWI,Mean,
1988-04,NDWI,Min,
1988-04,NDWI,Max,
1988-05,BWDRVI,Mean,
1988-05,BWDRVI,Min,
1988-05,BWDRVI,Max,
1988-05,EVI,Mean,
1988-05,EVI,Min,
1988-05,EVI,Max,
1988-05,EVI2,Mean,
1988-05,EVI2,Min,
1988-05,EVI2,Max,
1988-05,GEMI,Mean,
1988-05,GEMI,Min,
1988-05,GEMI,Max,
1988-05,NDVI,Mean,
1988-05,NDVI,Min,
1988-05,NDVI,Max,
1988-05,NDWI,Mean,
1988-05,NDWI,Min,
1988-05,NDWI,Max,
1988-06,BWDRVI,Mean,
1988-06,BWDRVI,Min,
1988-06,BWDRVI,Max,
1988-06,EVI,Mean,
1988-06,EVI,Min,
1988-06,EVI,Max,
1988-06,EVI2,Mean,
1988-06,EVI2,Min,
1988-06,EVI2,Max,
1988-06,GEMI,Mean,
1988-06,GEMI,Min,
1988-06,GEMI,Max,
1988-06,NDVI,Mean,
1988-06,NDVI,Min,
1988-06,NDVI,Max,
1988-06,NDWI,Mean,
1988-06,NDWI,Min,
1988-06,NDWI,Max,
1988-07,BWDRVI,Mean,
1988-07,BWDRVI,Min,
1988-07,BWDRVI,Max,
1988-07,EVI,Mean,
1988-07,EVI,Min,
1988-07,EVI,Max,
1988-07,EVI2,Mean,
1988-07,EVI2,Min,
1988-07,EVI2,Max,
1988-07,GEMI,Mean,
1988-07,GEMI,Min,
1988-07,GEMI,Max,
1988-07,NDVI,Mean,
1988-07,NDVI,Min,
1988-07,NDVI,Max,
1988-07,NDWI,Mean,
1988-07,NDWI,Min,
1988-07,NDWI,Max,
1988-08,BWDRVI,Mean,
1988-08,BWDRVI,Min,
1988-08,BWDRVI,Max,
1988-08,EVI,Mean,
1988-08,EVI,Min,
1988-08,EVI,Max,
1988-08,EVI2,Mean,
1988-08,EVI2,Min,
1988-08,EVI2,Max,
1988-08,GEMI,Mean,
1988-08,GEMI,Min,
1988-08,GEMI,Max,
1988-08,NDVI,Mean,
1988-08,NDVI,Min,
1988-08,NDVI,Max,
1988-08,NDWI,Mean,
1988-08,NDWI,Min,
1988-08,NDWI,Max,
1988-09,BWDRVI,Mean,
1988-09,BWDRVI,Min,
1988-09,BWDRVI,Max,
1988-09,EVI,Mean,
1988-09,EVI,Min,
1988-09,EVI,Max,
1988-09,EVI2,Mean,
1988-09,EVI2,Min,
1988-09,EVI2,Max,
1988-09,GEMI,Mean,
1988-09,GEMI,Min,
1988-09,GEMI,Max,
1988-09,NDVI,Mean,
1988-09,NDVI,Min,
1988-09,NDVI,Max,
1988-09,NDWI,Mean,
1988-09,NDWI,Min,
1988-09,NDWI,Max,
1988-10,BWDRVI,Mean,
1988-10,BWDRVI,Min,
1988-10,BWDRVI,Max,
1988-10,EVI,Mean,
1988-10,EVI,Min,
1988-10,EVI,Max,
1988-10,EVI2,Mean,
1988-10,EVI2,Min,
1988-10,EVI2,Max,
1988-10,GEMI,Mean,
1988-10,GEMI,Min,
1988-10,GEMI,Max,
1988-10,NDVI,Mean,
1988-10,NDVI,Min,
1988-10,NDVI,Max,
1988-10,NDWI,Mean,
1988-10,NDWI,Min,
1988-10,NDWI,Max,
1988-11,BWDRVI,Mean,
1988-11,BWDRVI,Min,
1988-11,BWDRVI,Max,
1988-11,EVI,Mean,
1988-11,EVI,Min,
1988-11,EVI,Max,
1988-11,EVI2,Mean,
1988-11,EVI2,Min,
1988-11,EVI2,Max,
1988-11,GEMI,Mean,
1988-11,GEMI,Min,
1988-11,GEMI,Max,
1988-11,NDVI,Mean,
1988-11,NDVI,Min,
1988-11,NDVI,Max,
1988-11,NDWI,Mean,
1988-11,NDWI,Min,
1988-11,NDWI,Max,
1988-12,BWDRVI,Mean,
1988-12,BWDRVI,Min,
1988-12,BWDRVI,Max,
1988-12,EVI,Mean,
1988-12,EVI,Min,
1988-12,EVI,Max,
1988-12,EVI2,Mean,
1988-12,EVI2,Min,
1988-12,EVI2,Max,
1988-12,GEMI,Mean,
1988-12,GEMI,Min,
1988-12,GEMI,Max,
1988-12,NDVI,Mean,
1988-12,NDVI,Min,
1988-12,NDVI,Max,
1988-12,NDWI,Mean,
1988-12,NDWI,Min,
1988-12,NDWI,Max,
1989-01,BWDRVI,Mean,
1989-01,BWDRVI,Min,
1989-01,BWDRVI,Max,
1989-01,EVI,Mean,
1989-01,EVI,Min,
1989-01,EVI,Max,
1989-01,EVI2,Mean,
1989-01,EVI2,Min,
1989-01,EVI2,Max,
1989-01,GEMI,Mean,
1989-01,GEMI,Min,
1989-01,GEMI,Max,
1989-01,NDVI,Mean,
1989-01,NDVI,Min,
1989-01,NDVI,Max,
1989-01,NDWI,Mean,
1989-01,NDWI,Min,
1989-01,NDWI,Max,
1989-02,BWDRVI,Mean,
1989-02,BWDRVI,Min,
1989-02,BWDRVI,Max,
1989-02,EVI,Mean,
1989-02,EVI,Min,
1989-02,EVI,Max,
1989-02,EVI2,Mean,
1989-02,EVI2,Min,
1989-02,EVI2,Max,
1989-02,GEMI,Mean,
1989-02,GEMI,Min,
1989-02,GEMI,Max,
1989-02,NDVI,Mean,
1989-02,NDVI,Min,
1989-02,NDVI,Max,
1989-02,NDWI,Mean,
1989-02,NDWI,Min,
1989-02,NDWI,Max,
1989-03,BWDRVI,Mean,
1989-03,BWDRVI,Min,
1989-03,BWDRVI,Max,
1989-03,EVI,Mean,
1989-03,EVI,Min,
1989-03,EVI,Max,
1989-03,EVI2,Mean,
1989-03,EVI2,Min,
1989-03,EVI2,Max,
1989-03,GEMI,Mean,
1989-03,GEMI,Min,
1989-03,GEMI,Max,
1989-03,NDVI,Mean,
1989-03,NDVI,Min,
1989-03,NDVI,Max,
1989-03,NDWI,Mean,
1989-03,NDWI,Min,
1989-03,NDWI,Max,
1989-04,BWDRVI,Mean,
1989-04,BWDRVI,Min,
1989-04,BWDRVI,Max,
1989-04,EVI,Mean,
1989-04,EVI,Min,
1989-04,EVI,Max,
1989-04,EVI2,Mean,
1989-04,EVI2,Min,
1989-04,EVI2,Max,
1989-04,GEMI,Mean,
1989-04,GEMI,Min,
1989-04,GEMI,Max,
1989-04,NDVI,Mean,
1989-04,NDVI,Min,
1989-04,NDVI,Max,
1989-04,NDWI,Mean,
1989-04,NDWI,Min,
1989-04,NDWI,Max,
1989-05,BWDRVI,Mean,
1989-05,BWDRVI,Min,
1989-05,BWDRVI,Max,
1989-05,EVI,Mean,
1989-05,EVI,Min,
1989-05,EVI,Max,
1989-05,EVI2,Mean,
1989-05,EVI2,Min,
1989-05,EVI2,Max,
1989-05,GEMI,Mean,
1989-05,GEMI,Min,
1989-05,GEMI,Max,
1989-05,NDVI,Mean,
1989-05,NDVI,Min,
1989-05,NDVI,Max,
1989-05,NDWI,Mean,
1989-05,NDWI,Min,
1989-05,NDWI,Max,
1989-06,BWDRVI,Mean,
1989-06,BWDRVI,Min,
1989-06,BWDRVI,Max,
1989-06,EVI,Mean,
1989-06,EVI,Min,
1989-06,EVI,Max,
1989-06,EVI2,Mean,
1989-06,EVI2,Min,
1989-06,EVI2,Max,
1989-06,GEMI,Mean,
1989-06,GEMI,Min,
1989-06,GEMI,Max,
1989-06,NDVI,Mean,
1989-06,NDVI,Min,
1989-06,NDVI,Max,
1989-06,NDWI,Mean,
1989-06,NDWI,Min,
1989-06,NDWI,Max,
1989-07,BWDRVI,Mean,
1989-07,BWDRVI,Min,
1989-07,BWDRVI,Max,
1989-07,EVI,Mean,
1989-07,EVI,Min,
1989-07,EVI,Max,
1989-07,EVI2,Mean,
1989-07,EVI2,Min,
1989-07,EVI2,Max,
1989-07,GEMI,Mean,
1989-07,GEMI,Min,
1989-07,GEMI,Max,
1989-07,NDVI,Mean,
1989-07,NDVI,Min,
1989-07,NDVI,Max,
1989-07,NDWI,Mean,
1989-07,NDWI,Min,
1989-07,NDWI,Max,
1989-08,BWDRVI,Mean,
1989-08,BWDRVI,Min,
1989-08,BWDRVI,Max,
1989-08,EVI,Mean,
1989-08,EVI,Min,
1989-08,EVI,Max,
1989-08,EVI2,Mean,
1989-08,EVI2,Min,
1989-08,EVI2,Max,
1989-08,GEMI,Mean,
1989-08,GEMI,Min,
1989-08,GEMI,Max,
1989-08,NDVI,Mean,
1989-08,NDVI,Min,
1989-08,NDVI,Max,
1989-08,NDWI,Mean,
1989-08,NDWI,Min,
1989-08,NDWI,Max,
1989-09,BWDRVI,Mean,
1989-09,BWDRVI,Min,
1989-09,BWDRVI,Max,
1989-09,EVI,Mean,
1989-09,EVI,Min,
1989-09,EVI,Max,
1989-09,EVI2,Mean,
1989-09,EVI2,Min,
1989-09,EVI2,Max,
1989-09,GEMI,Mean,
1989-09,GEMI,Min,
1989-09,GEMI,Max,
1989-09,NDVI,Mean,
1989-09,NDVI,Min,
1989-09,NDVI,Max,
1989-09,NDWI,Mean,
1989-09,NDWI,Min,
1989-09,NDWI,Max,
1989-10,BWDRVI,Mean,
1989-10,BWDRVI,Min,
1989-10,BWDRVI,Max,
1989-10,EVI,Mean,
1989-10,EVI,Min,
1989-10,EVI,Max,
1989-10,EVI2,Mean,
1989-10,EVI2,Min,
1989-10,EVI2,Max,
1989-10,GEMI,Mean,
1989-10,GEMI,Min,
1989-10,GEMI,Max,
1989-10,NDVI,Mean,
1989-10,NDVI,Min,
1989-10,NDVI,Max,
1989-10,NDWI,Mean,
1989-10,NDWI,Min,
1989-10,NDWI,Max,
1989-11,BWDRVI,Mean,
1989-11,BWDRVI,Min,
1989-11,BWDRVI,Max,
1989-11,EVI,Mean,
1989-11,EVI,Min,
1989-11,EVI,Max,
1989-11,EVI2,Mean,
1989-11,EVI2,Min,
1989-11,EVI2,Max,
1989-11,GEMI,Mean,
1989-11,GEMI,Min,
1989-11,GEMI,Max,
1989-11,NDVI,Mean,
1989-11,NDVI,Min,
1989-11,NDVI,Max,
1989-11,NDWI,Mean,
1989-11,NDWI,Min,
1989-11,NDWI,Max,
1989-12,BWDRVI,Mean,
1989-12,BWDRVI,Min,
1989-12,BWDRVI,Max,
1989-12,EVI,Mean,
1989-12,EVI,Min,
1989-12,EVI,Max,
1989-12,EVI2,Mean,
1989-12,EVI2,Min,
1989-12,EVI2,Max,
1989-12,GEMI,Mean,
1989-12,GEMI,Min,
1989-12,GEMI,Max,
1989-12,NDVI,Mean,
1989-12,NDVI,Min,
1989-12,NDVI,Max,
1989-12,NDWI,Mean,
1989-12,NDWI,Min,
1989-12,NDWI,Max,
1990-01,BWDRVI,Mean,
1990-01,BWDRVI,Min,
1990-01,BWDRVI,Max,
1990-01,EVI,Mean,
1990-01,EVI,Min,
1990-01,EVI,Max,
1990-01,EVI2,Mean,
1990-01,EVI2,Min,
1990-01,EVI2,Max,
1990-01,GEMI,Mean,
1990-01,GEMI,Min,
1990-01,GEMI,Max,
1990-01,NDVI,Mean,
1990-01,NDVI,Min,
1990-01,NDVI,Max,
1990-01,NDWI,Mean,
1990-01,NDWI,Min,
1990-01,NDWI,Max,
1990-02,BWDRVI,Mean,
1990-02,BWDRVI,Min,
1990-02,BWDRVI,Max,
1990-02,EVI,Mean,
1990-02,EVI,Min,
1990-02,EVI,Max,
1990-02,EVI2,Mean,
1990-02,EVI2,Min,
1990-02,EVI2,Max,
1990-02,GEMI,Mean,
1990-02,GEMI,Min,
1990-02,GEMI,Max,
1990-02,NDVI,Mean,
1990-02,NDVI,Min,
1990-02,NDVI,Max,
1990-02,NDWI,Mean,
1990-02,NDWI,Min,
1990-02,NDWI,Max,
1990-03,BWDRVI,Mean,
1990-03,BWDRVI,Min,
1990-03,BWDRVI,Max,
1990-03,EVI,Mean,
1990-03,EVI,Min,
1990-03,EVI,Max,
1990-03,EVI2,Mean,
1990-03,EVI2,Min,
1990-03,EVI2,Max,
1990-03,GEMI,Mean,
1990-03,GEMI,Min,
1990-03,GEMI,Max,
1990-03,NDVI,Mean,
1990-03,NDVI,Min,
1990-03,NDVI,Max,
1990-03,NDWI,Mean,
1990-03,NDWI,Min,
1990-03,NDWI,Max,
1990-04,BWDRVI,Mean,
1990-04,BWDRVI,Min,
1990-04,BWDRVI,Max,
1990-04,EVI,Mean,
1990-04,EVI,Min,
1990-04,EVI,Max,
1990-04,EVI2,Mean,
1990-04,EVI2,Min,
1990-04,EVI2,Max,
1990-04,GEMI,Mean,
1990-04,GEMI,Min,
1990-04,GEMI,Max,
1990-04,NDVI,Mean,
1990-04,NDVI,Min,
1990-04,NDVI,Max,
1990-04,NDWI,Mean,
1990-04,NDWI,Min,
1990-04,NDWI,Max,
1990-05,BWDRVI,Mean,
1990-05,BWDRVI,Min,
1990-05,BWDRVI,Max,
1990-05,EVI,Mean,
1990-05,EVI,Min,
1990-05,EVI,Max,
1990-05,EVI2,Mean,
1990-05,EVI2,Min,
1990-05,EVI2,Max,
1990-05,GEMI,Mean,
1990-05,GEMI,Min,
1990-05,GEMI,Max,
1990-05,NDVI,Mean,
1990-05,NDVI,Min,
1990-05,NDVI,Max,
1990-05,NDWI,Mean,
1990-05,NDWI,Min,
1990-05,NDWI,Max,
1990-06,BWDRVI,Mean,
1990-06,BWDRVI,Min,
1990-06,BWDRVI,Max,
1990-06,EVI,Mean,
1990-06,EVI,Min,
1990-06,EVI,Max,
1990-06,EVI2,Mean,
1990-06,EVI2,Min,
1990-06,EVI2,Max,
1990-06,GEMI,Mean,
1990-06,GEMI,Min,
1990-06,GEMI,Max,
1990-06,NDVI,Mean,
1990-06,NDVI,Min,
1990-06,NDVI,Max,
1990-06,NDWI,Mean,
1990-06,NDWI,Min,
1990-06,NDWI,Max,
1990-07,BWDRVI,Mean,
1990-07,BWDRVI,Min,
1990-07,BWDRVI,Max,
1990-07,EVI,Mean,
1990-07,EVI,Min,
1990-07,EVI,Max,
1990-07,EVI2,Mean,
1990-07,EVI2,Min,
1990-07,EVI2,Max,
1990-07,GEMI,Mean,
1990-07,GEMI,Min,
1990-07,GEMI,Max,
1990-07,NDVI,Mean,
1990-07,NDVI,Min,
1990-07,NDVI,Max,
1990-07,NDWI,Mean,
1990-07,NDWI,Min,
1990-07,NDWI,Max,
1990-08,BWDRVI,Mean,
1990-08,BWDRVI,Min,
1990-08,BWDRVI,Max,
1990-08,EVI,Mean,
1990-08,EVI,Min,
1990-08,EVI,Max,
1990-08,EVI2,Mean,
1990-08,EVI2,Min,
1990-08,EVI2,Max,
1990-08,GEMI,Mean,
1990-08,GEMI,Min,
1990-08,GEMI,Max,
1990-08,NDVI,Mean,
1990-08,NDVI,Min,
1990-08,NDVI,Max,
1990-08,NDWI,Mean,
1990-08,NDWI,Min,
1990-08,NDWI,Max,
1990-09,BWDRVI,Mean,
1990-09,BWDRVI,Min,
1990-09,BWDRVI,Max,
1990-09,EVI,Mean,
1990-09,EVI,Min,
1990-09,EVI,Max,
1990-09,EVI2,Mean,
1990-09,EVI2,Min,
1990-09,EVI2,Max,
1990-09,GEMI,Mean,
1990-09,GEMI,Min,
1990-09,GEMI,Max,
1990-09,NDVI,Mean,
1990-09,NDVI,Min,
1990-09,NDVI,Max,
1990-09,NDWI,Mean,
1990-09,NDWI,Min,
1990-09,NDWI,Max,
1990-10,BWDRVI,Mean,
1990-10,BWDRVI,Min,
1990-10,BWDRVI,Max,
1990-10,EVI,Mean,
1990-10,EVI,Min,
1990-10,EVI,Max,
1990-10,EVI2,Mean,
1990-10,EVI2,Min,
1990-10,EVI2,Max,
1990-10,GEMI,Mean,
1990-10,GEMI,Min,
1990-10,GEMI,Max,
1990-10,NDVI,Mean,
1990-10,NDVI,Min,
1990-10,NDVI,Max,
1990-10,NDWI,Mean,
1990-10,NDWI,Min,
1990-10,NDWI,Max,
1990-11,BWDRVI,Mean,
1990-11,BWDRVI,Min,
1990-11,BWDRVI,Max,
1990-11,EVI,Mean,
1990-11,EVI,Min,
1990-11,EVI,Max,
1990-11,EVI2,Mean,
1990-11,EVI2,Min,
1990-11,EVI2,Max,
1990-11,GEMI,Mean,
1990-11,GEMI,Min,
1990-11,GEMI,Max,
1990-11,NDVI,Mean,
1990-11,NDVI,Min,
1990-11,NDVI,Max,
1990-11,NDWI,Mean,
1990-11,NDWI,Min,
1990-11,NDWI,Max,
1990-12,BWDRVI,Mean,
1990-12,BWDRVI,Min,
1990-12,BWDRVI,Max,
1990-12,EVI,Mean,
1990-12,EVI,Min,
1990-12,EVI,Max,
1990-12,EVI2,Mean,
1990-12,EVI2,Min,
1990-12,EVI2,Max,
1990-12,GEMI,Mean,
1990-12,GEMI,Min,
1990-12,GEMI,Max,
1990-12,NDVI,Mean,
1990-12,NDVI,Min,
1990-12,NDVI,Max,
1990-12,NDWI,Mean,
1990-12,NDWI,Min,
1990-12,NDWI,Max,
1991-01,BWDRVI,Mean,
1991-01,BWDRVI,Min,
1991-01,BWDRVI,Max,
1991-01,EVI,Mean,
1991-01,EVI,Min,
1991-01,EVI,Max,
1991-01,EVI2,Mean,
1991-01,EVI2,Min,
1991-01,EVI2,Max,
1991-01,GEMI,Mean,
1991-01,GEMI,Min,
1991-01,GEMI,Max,
1991-01,NDVI,Mean,
1991-01,NDVI,Min,
1991-01,NDVI,Max,
1991-01,NDWI,Mean,
1991-01,NDWI,Min,
1991-01,NDWI,Max,
1991-02,BWDRVI,Mean,
1991-02,BWDRVI,Min,
1991-02,BWDRVI,Max,
1991-02,EVI,Mean,
1991-02,EVI,Min,
1991-02,EVI,Max,
1991-02,EVI2,Mean,
1991-02,EVI2,Min,
1991-02,EVI2,Max,
1991-02,GEMI,Mean,
1991-02,GEMI,Min,
1991-02,GEMI,Max,
1991-02,NDVI,Mean,
1991-02,NDVI,Min,
1991-02,NDVI,Max,
1991-02,NDWI,Mean,
1991-02,NDWI,Min,
1991-02,NDWI,Max,
1991-03,BWDRVI,Mean,
1991-03,BWDRVI,Min,
1991-03,BWDRVI,Max,
1991-03,EVI,Mean,
1991-03,EVI,Min,
1991-03,EVI,Max,
1991-03,EVI2,Mean,
1991-03,EVI2,Min,
1991-03,EVI2,Max,
1991-03,GEMI,Mean,
1991-03,GEMI,Min,
1991-03,GEMI,Max,
1991-03,NDVI,Mean,
1991-03,NDVI,Min,
1991-03,NDVI,Max,
1991-03,NDWI,Mean,
1991-03,NDWI,Min,
1991-03,NDWI,Max,
1991-04,BWDRVI,Mean,
1991-04,BWDRVI,Min,
1991-04,BWDRVI,Max,
1991-04,EVI,Mean,
1991-04,EVI,Min,
1991-04,EVI,Max,
1991-04,EVI2,Mean,
1991-04,EVI2,Min,
1991-04,EVI2,Max,
1991-04,GEMI,Mean,
1991-04,GEMI,Min,
1991-04,GEMI,Max,
1991-04,NDVI,Mean,
1991-04,NDVI,Min,
1991-04,NDVI,Max,
1991-04,NDWI,Mean,
1991-04,NDWI,Min,
1991-04,NDWI,Max,
1991-05,BWDRVI,Mean,
1991-05,BWDRVI,Min,
1991-05,BWDRVI,Max,
1991-05,EVI,Mean,
1991-05,EVI,Min,
1991-05,EVI,Max,
1991-05,EVI2,Mean,
1991-05,EVI2,Min,
1991-05,EVI2,Max,
1991-05,GEMI,Mean,
1991-05,GEMI,Min,
1991-05,GEMI,Max,
1991-05,NDVI,Mean,
1991-05,NDVI,Min,
1991-05,NDVI,Max,
1991-05,NDWI,Mean,
1991-05,NDWI,Min,
1991-05,NDWI,Max,
1991-06,BWDRVI,Mean,
1991-06,BWDRVI,Min,
1991-06,BWDRVI,Max,
1991-06,EVI,Mean,
1991-06,EVI,Min,
1991-06,EVI,Max,
1991-06,EVI2,Mean,
1991-06,EVI2,Min,
1991-06,EVI2,Max,
1991-06,GEMI,Mean,
1991-06,GEMI,Min,
1991-06,GEMI,Max,
1991-06,NDVI,Mean,
1991-06,NDVI,Min,
1991-06,NDVI,Max,
1991-06,NDWI,Mean,
1991-06,NDWI,Min,
1991-06,NDWI,Max,
1991-07,BWDRVI,Mean,
1991-07,BWDRVI,Min,
1991-07,BWDRVI,Max,
1991-07,EVI,Mean,
1991-07,EVI,Min,
1991-07,EVI,Max,
1991-07,EVI2,Mean,
1991-07,EVI2,Min,
1991-07,EVI2,Max,
1991-07,GEMI,Mean,
1991-07,GEMI,Min,
1991-07,GEMI,Max,
1991-07,NDVI,Mean,
1991-07,NDVI,Min,
1991-07,NDVI,Max,
1991-07,NDWI,Mean,
1991-07,NDWI,Min,
1991-07,NDWI,Max,
1991-08,BWDRVI,Mean,
1991-08,BWDRVI,Min,
1991-08,BWDRVI,Max,
1991-08,EVI,Mean,
1991-08,EVI,Min,
1991-08,EVI,Max,
1991-08,EVI2,Mean,
1991-08,EVI2,Min,
1991-08,EVI2,Max,
1991-08,GEMI,Mean,
1991-08,GEMI,Min,
1991-08,GEMI,Max,
1991-08,NDVI,Mean,
1991-08,NDVI,Min,
1991-08,NDVI,Max,
1991-08,NDWI,Mean,
1991-08,NDWI,Min,
1991-08,NDWI,Max,
1991-09,BWDRVI,Mean,
1991-09,BWDRVI,Min,
1991-09,BWDRVI,Max,
1991-09,EVI,Mean,
1991-09,EVI,Min,
1991-09,EVI,Max,
1991-09,EVI2,Mean,
1991-09,EVI2,Min,
1991-09,EVI2,Max,
1991-09,GEMI,Mean,
1991-09,GEMI,Min,
1991-09,GEMI,Max,
1991-09,NDVI,Mean,
1991-09,NDVI,Min,
1991-09,NDVI,Max,
1991-09,NDWI,Mean,
1991-09,NDWI,Min,
1991-09,NDWI,Max,
1991-10,BWDRVI,Mean,
1991-10,BWDRVI,Min,
1991-10,BWDRVI,Max,
1991-10,EVI,Mean,
1991-10,EVI,Min,
1991-10,EVI,Max,
1991-10,EVI2,Mean,
1991-10,EVI2,Min,
1991-10,EVI2,Max,
1991-10,GEMI,Mean,
1991-10,GEMI,Min,
1991-10,GEMI,Max,
1991-10,NDVI,Mean,
1991-10,NDVI,Min,
1991-10,NDVI,Max,
1991-10,NDWI,Mean,
1991-10,NDWI,Min,
1991-10,NDWI,Max,
1991-11,BWDRVI,Mean,
1991-11,BWDRVI,Min,
1991-11,BWDRVI,Max,
1991-11,EVI,Mean,
1991-11,EVI,Min,
1991-11,EVI,Max,
1991-11,EVI2,Mean,
1991-11,EVI2,Min,
1991-11,EVI2,Max,
1991-11,GEMI,Mean,
1991-11,GEMI,Min,
1991-11,GEMI,Max,
1991-11,NDVI,Mean,
1991-11,NDVI,Min,
1991-11,NDVI,Max,
1991-11,NDWI,Mean,
1991-11,NDWI,Min,
1991-11,NDWI,Max,
1991-12,BWDRVI,Mean,
1991-12,BWDRVI,Min,
1991-12,BWDRVI,Max,
1991-12,EVI,Mean,
1991-12,EVI,Min,
1991-12,EVI,Max,
1991-12,EVI2,Mean,
1991-12,EVI2,Min,
1991-12,EVI2,Max,
1991-12,GEMI,Mean,
1991-12,GEMI,Min,
1991-12,GEMI,Max,
1991-12,NDVI,Mean,
1991-12,NDVI,Min,
1991-12,NDVI,Max,
1991-12,NDWI,Mean,
1991-12,NDWI,Min,
1991-12,NDWI,Max,
1992-01,BWDRVI,Mean,
1992-01,BWDRVI,Min,
1992-01,BWDRVI,Max,
1992-01,EVI,Mean,
1992-01,EVI,Min,
1992-01,EVI,Max,
1992-01,EVI2,Mean,
1992-01,EVI2,Min,
1992-01,EVI2,Max,
1992-01,GEMI,Mean,
1992-01,GEMI,Min,
1992-01,GEMI,Max,
1992-01,NDVI,Mean,
1992-01,NDVI,Min,
1992-01,NDVI,Max,
1992-01,NDWI,Mean,
1992-01,NDWI,Min,
1992-01,NDWI,Max,
1992-02,BWDRVI,Mean,
1992-02,BWDRVI,Min,
1992-02,BWDRVI,Max,
1992-02,EVI,Mean,
1992-02,EVI,Min,
1992-02,EVI,Max,
1992-02,EVI2,Mean,
1992-02,EVI2,Min,
1992-02,EVI2,Max,
1992-02,GEMI,Mean,
1992-02,GEMI,Min,
1992-02,GEMI,Max,
1992-02,NDVI,Mean,
1992-02,NDVI,Min,
1992-02,NDVI,Max,
1992-02,NDWI,Mean,
1992-02,NDWI,Min,
1992-02,NDWI,Max,
1992-03,BWDRVI,Mean,
1992-03,BWDRVI,Min,
1992-03,BWDRVI,Max,
1992-03,EVI,Mean,
1992-03,EVI,Min,
1992-03,EVI,Max,
1992-03,EVI2,Mean,
1992-03,EVI2,Min,
1992-03,EVI2,Max,
1992-03,GEMI,Mean,
1992-03,GEMI,Min,
1992-03,GEMI,Max,
1992-03,NDVI,Mean,
1992-03,NDVI,Min,
1992-03,NDVI,Max,
1992-03,NDWI,Mean,
1992-03,NDWI,Min,
1992-03,NDWI,Max,
1992-04,BWDRVI,Mean,
1992-04,BWDRVI,Min,
1992-04,BWDRVI,Max,
1992-04,EVI,Mean,
1992-04,EVI,Min,
1992-04,EVI,Max,
1992-04,EVI2,Mean,
1992-04,EVI2,Min,
1992-04,EVI2,Max,
1992-04,GEMI,Mean,
1992-04,GEMI,Min,
1992-04,GEMI,Max,
1992-04,NDVI,Mean,
1992-04,NDVI,Min,
1992-04,NDVI,Max,
1992-04,NDWI,Mean,
1992-04,NDWI,Min,
1992-04,NDWI,Max,
1992-05,BWDRVI,Mean,
1992-05,BWDRVI,Min,
1992-05,BWDRVI,Max,
1992-05,EVI,Mean,
1992-05,EVI,Min,
1992-05,EVI,Max,
1992-05,EVI2,Mean,
1992-05,EVI2,Min,
1992-05,EVI2,Max,
1992-05,GEMI,Mean,
1992-05,GEMI,Min,
1992-05,GEMI,Max,
1992-05,NDVI,Mean,
1992-05,NDVI,Min,
1992-05,NDVI,Max,
1992-05,NDWI,Mean,
1992-05,NDWI,Min,
1992-05,NDWI,Max,
1992-06,BWDRVI,Mean,
1992-06,BWDRVI,Min,
1992-06,BWDRVI,Max,
1992-06,EVI,Mean,
1992-06,EVI,Min,
1992-06,EVI,Max,
1992-06,EVI2,Mean,
1992-06,EVI2,Min,
1992-06,EVI2,Max,
1992-06,GEMI,Mean,
1992-06,GEMI,Min,
1992-06,GEMI,Max,
1992-06,NDVI,Mean,
1992-06,NDVI,Min,
1992-06,NDVI,Max,
1992-06,NDWI,Mean,
1992-06,NDWI,Min,
1992-06,NDWI,Max,
1992-07,BWDRVI,Mean,
1992-07,BWDRVI,Min,
1992-07,BWDRVI,Max,
1992-07,EVI,Mean,
1992-07,EVI,Min,
1992-07,EVI,Max,
1992-07,EVI2,Mean,
1992-07,EVI2,Min,
1992-07,EVI2,Max,
1992-07,GEMI,Mean,
1992-07,GEMI,Min,
1992-07,GEMI,Max,
1992-07,NDVI,Mean,
1992-07,NDVI,Min,
1992-07,NDVI,Max,
1992-07,NDWI,Mean,
1992-07,NDWI,Min,
1992-07,NDWI,Max,
1992-08,BWDRVI,Mean,
1992-08,BWDRVI,Min,
1992-08,BWDRVI,Max,
1992-08,EVI,Mean,
1992-08,EVI,Min,
1992-08,EVI,Max,
1992-08,EVI2,Mean,
1992-08,EVI2,Min,
1992-08,EVI2,Max,
1992-08,GEMI,Mean,
1992-08,GEMI,Min,
1992-08,GEMI,Max,
1992-08,NDVI,Mean,
1992-08,NDVI,Min,
1992-08,NDVI,Max,
1992-08,NDWI,Mean,
1992-08,NDWI,Min,
1992-08,NDWI,Max,
1992-09,BWDRVI,Mean,
1992-09,BWDRVI,Min,
1992-09,BWDRVI,Max,
1992-09,EVI,Mean,
1992-09,EVI,Min,
1992-09,EVI,Max,
1992-09,EVI2,Mean,
1992-09,EVI2,Min,
1992-09,EVI2,Max,
1992-09,GEMI,Mean,
1992-09,GEMI,Min,
1992-09,GEMI,Max,
1992-09,NDVI,Mean,
1992-09,NDVI,Min,
1992-09,NDVI,Max,
1992-09,NDWI,Mean,
1992-09,NDWI,Min,
1992-09,NDWI,Max,
1992-10,BWDRVI,Mean,
1992-10,BWDRVI,Min,
1992-10,BWDRVI,Max,
1992-10,EVI,Mean,
1992-10,EVI,Min,
1992-10,EVI,Max,
1992-10,EVI2,Mean,
1992-10,EVI2,Min,
1992-10,EVI2,Max,
1992-10,GEMI,Mean,
1992-10,GEMI,Min,
1992-10,GEMI,Max,
1992-10,NDVI,Mean,
1992-10,NDVI,Min,
1992-10,NDVI,Max,
1992-10,NDWI,Mean,
1992-10,NDWI,Min,
1992-10,NDWI,Max,
1992-11,BWDRVI,Mean,
1992-11,BWDRVI,Min,
1992-11,BWDRVI,Max,
1992-11,EVI,Mean,
1992-11,EVI,Min,
1992-11,EVI,Max,
1992-11,EVI2,Mean,
1992-11,EVI2,Min,
1992-11,EVI2,Max,
1992-11,GEMI,Mean,
1992-11,GEMI,Min,
1992-11,GEMI,Max,
1992-11,NDVI,Mean,
1992-11,NDVI,Min,
1992-11,NDVI,Max,
1992-11,NDWI,Mean,
1992-11,NDWI,Min,
1992-11,NDWI,Max,
1992-12,BWDRVI,Mean,
1992-12,BWDRVI,Min,
1992-12,BWDRVI,Max,
1992-12,EVI,Mean,
1992-12,EVI,Min,
1992-12,EVI,Max,
1992-12,EVI2,Mean,
1992-12,EVI2,Min,
1992-12,EVI2,Max,
1992-12,GEMI,Mean,
1992-12,GEMI,Min,
1992-12,GEMI,Max,
1992-12,NDVI,Mean,
1992-12,NDVI,Min,
1992-12,NDVI,Max,
1992-12,NDWI,Mean,
1992-12,NDWI,Min,
1992-12,NDWI,Max,
1993-01,BWDRVI,Mean,
1993-01,BWDRVI,Min,
1993-01,BWDRVI,Max,
1993-01,EVI,Mean,
1993-01,EVI,Min,
1993-01,EVI,Max,
1993-01,EVI2,Mean,
1993-01,EVI2,Min,
1993-01,EVI2,Max,
1993-01,GEMI,Mean,
1993-01,GEMI,Min,
1993-01,GEMI,Max,
1993-01,NDVI,Mean,
1993-01,NDVI,Min,
1993-01,NDVI,Max,
1993-01,NDWI,Mean,
1993-01,NDWI,Min,
1993-01,NDWI,Max,
1993-02,BWDRVI,Mean,
1993-02,BWDRVI,Min,
1993-02,BWDRVI,Max,
1993-02,EVI,Mean,
1993-02,EVI,Min,
1993-02,EVI,Max,
1993-02,EVI2,Mean,
1993-02,EVI2,Min,
1993-02,EVI2,Max,
1993-02,GEMI,Mean,
1993-02,GEMI,Min,
1993-02,GEMI,Max,
1993-02,NDVI,Mean,
1993-02,NDVI,Min,
1993-02,NDVI,Max,
1993-02,NDWI,Mean,
1993-02,NDWI,Min,
1993-02,NDWI,Max,
1993-03,BWDRVI,Mean,
1993-03,BWDRVI,Min,
1993-03,BWDRVI,Max,
1993-03,EVI,Mean,
1993-03,EVI,Min,
1993-03,EVI,Max,
1993-03,EVI2,Mean,
1993-03,EVI2,Min,
1993-03,EVI2,Max,
1993-03,GEMI,Mean,
1993-03,GEMI,Min,
1993-03,GEMI,Max,
1993-03,NDVI,Mean,
1993-03,NDVI,Min,
1993-03,NDVI,Max,
1993-03,NDWI,Mean,
1993-03,NDWI,Min,
1993-03,NDWI,Max,
1993-04,BWDRVI,Mean,
1993-04,BWDRVI,Min,
1993-04,BWDRVI,Max,
1993-04,EVI,Mean,
1993-04,EVI,Min,
1993-04,EVI,Max,
1993-04,EVI2,Mean,
1993-04,EVI2,Min,
1993-04,EVI2,Max,
1993-04,GEMI,Mean,
1993-04,GEMI,Min,
1993-04,GEMI,Max,
1993-04,NDVI,Mean,
1993-04,NDVI,Min,
1993-04,NDVI,Max,
1993-04,NDWI,Mean,
1993-04,NDWI,Min,
1993-04,NDWI,Max,
1993-05,BWDRVI,Mean,
1993-05,BWDRVI,Min,
1993-05,BWDRVI,Max,
1993-05,EVI,Mean,
1993-05,EVI,Min,
1993-05,EVI,Max,
1993-05,EVI2,Mean,
1993-05,EVI2,Min,
1993-05,EVI2,Max,
1993-05,GEMI,Mean,
1993-05,GEMI,Min,
1993-05,GEMI,Max,
1993-05,NDVI,Mean,
1993-05,NDVI,Min,
1993-05,NDVI,Max,
1993-05,NDWI,Mean,
1993-05,NDWI,Min,
1993-05,NDWI,Max,
1993-06,BWDRVI,Mean,
1993-06,BWDRVI,Min,
1993-06,BWDRVI,Max,
1993-06,EVI,Mean,
1993-06,EVI,Min,
1993-06,EVI,Max,
1993-06,EVI2,Mean,
1993-06,EVI2,Min,
1993-06,EVI2,Max,
1993-06,GEMI,Mean,
1993-06,GEMI,Min,
1993-06,GEMI,Max,
1993-06,NDVI,Mean,
1993-06,NDVI,Min,
1993-06,NDVI,Max,
1993-06,NDWI,Mean,
1993-06,NDWI,Min,
1993-06,NDWI,Max,
1993-07,BWDRVI,Mean,
1993-07,BWDRVI,Min,
1993-07,BWDRVI,Max,
1993-07,EVI,Mean,
1993-07,EVI,Min,
1993-07,EVI,Max,
1993-07,EVI2,Mean,
1993-07,EVI2,Min,
1993-07,EVI2,Max,
1993-07,GEMI,Mean,
1993-07,GEMI,Min,
1993-07,GEMI,Max,
1993-07,NDVI,Mean,
1993-07,NDVI,Min,
1993-07,NDVI,Max,
1993-07,NDWI,Mean,
1993-07,NDWI,Min,
1993-07,NDWI,Max,
1993-08,BWDRVI,Mean,
1993-08,BWDRVI,Min,
1993-08,BWDRVI,Max,
1993-08,EVI,Mean,
1993-08,EVI,Min,
1993-08,EVI,Max,
1993-08,EVI2,Mean,
1993-08,EVI2,Min,
1993-08,EVI2,Max,
1993-08,GEMI,Mean,
1993-08,GEMI,Min,
1993-08,GEMI,Max,
1993-08,NDVI,Mean,
1993-08,NDVI,Min,
1993-08,NDVI,Max,
1993-08,NDWI,Mean,
1993-08,NDWI,Min,
1993-08,NDWI,Max,
1993-09,BWDRVI,Mean,
1993-09,BWDRVI,Min,
1993-09,BWDRVI,Max,
1993-09,EVI,Mean,
1993-09,EVI,Min,
1993-09,EVI,Max,
1993-09,EVI2,Mean,
1993-09,EVI2,Min,
1993-09,EVI2,Max,
1993-09,GEMI,Mean,
1993-09,GEMI,Min,
1993-09,GEMI,Max,
1993-09,NDVI,Mean,
1993-09,NDVI,Min,
1993-09,NDVI,Max,
1993-09,NDWI,Mean,
1993-09,NDWI,Min,
1993-09,NDWI,Max,
1993-10,BWDRVI,Mean,
1993-10,BWDRVI,Min,
1993-10,BWDRVI,Max,
1993-10,EVI,Mean,
1993-10,EVI,Min,
1993-10,EVI,Max,
1993-10,EVI2,Mean,
1993-10,EVI2,Min,
1993-10,EVI2,Max,
1993-10,GEMI,Mean,
1993-10,GEMI,Min,
1993-10,GEMI,Max,
1993-10,NDVI,Mean,
1993-10,NDVI,Min,
1993-10,NDVI,Max,
1993-10,NDWI,Mean,
1993-10,NDWI,Min,
1993-10,NDWI,Max,
1993-11,BWDRVI,Mean,
1993-11,BWDRVI,Min,
1993-11,BWDRVI,Max,
1993-11,EVI,Mean,
1993-11,EVI,Min,
1993-11,EVI,Max,
1993-11,EVI2,Mean,
1993-11,EVI2,Min,
1993-11,EVI2,Max,
1993-11,GEMI,Mean,
1993-11,GEMI,Min,
1993-11,GEMI,Max,
1993-11,NDVI,Mean,
1993-11,NDVI,Min,
1993-11,NDVI,Max,
1993-11,NDWI,Mean,
1993-11,NDWI,Min,
1993-11,NDWI,Max,
1993-12,BWDRVI,Mean,
1993-12,BWDRVI,Min,
1993-12,BWDRVI,Max,
1993-12,EVI,Mean,
1993-12,EVI,Min,
1993-12,EVI,Max,
1993-12,EVI2,Mean,
1993-12,EVI2,Min,
1993-12,EVI2,Max,
1993-12,GEMI,Mean,
1993-12,GEMI,Min,
1993-12,GEMI,Max,
1993-12,NDVI,Mean,
1993-12,NDVI,Min,
1993-12,NDVI,Max,
1993-12,NDWI,Mean,
1993-12,NDWI,Min,
1993-12,NDWI,Max,
1994-01,BWDRVI,Mean,
1994-01,BWDRVI,Min,
1994-01,BWDRVI,Max,
1994-01,EVI,Mean,
1994-01,EVI,Min,
1994-01,EVI,Max,
1994-01,EVI2,Mean,
1994-01,EVI2,Min,
1994-01,EVI2,Max,
1994-01,GEMI,Mean,
1994-01,GEMI,Min,
1994-01,GEMI,Max,
1994-01,NDVI,Mean,
1994-01,NDVI,Min,
1994-01,NDVI,Max,
1994-01,NDWI,Mean,
1994-01,NDWI,Min,
1994-01,NDWI,Max,
1994-02,BWDRVI,Mean,
1994-02,BWDRVI,Min,
1994-02,BWDRVI,Max,
1994-02,EVI,Mean,
1994-02,EVI,Min,
1994-02,EVI,Max,
1994-02,EVI2,Mean,
1994-02,EVI2,Min,
1994-02,EVI2,Max,
1994-02,GEMI,Mean,
1994-02,GEMI,Min,
1994-02,GEMI,Max,
1994-02,NDVI,Mean,
1994-02,NDVI,Min,
1994-02,NDVI,Max,
1994-02,NDWI,Mean,
1994-02,NDWI,Min,
1994-02,NDWI,Max,
1994-03,BWDRVI,Mean,
1994-03,BWDRVI,Min,
1994-03,BWDRVI,Max,
1994-03,EVI,Mean,
1994-03,EVI,Min,
1994-03,EVI,Max,
1994-03,EVI2,Mean,
1994-03,EVI2,Min,
1994-03,EVI2,Max,
1994-03,GEMI,Mean,
1994-03,GEMI,Min,
1994-03,GEMI,Max,
1994-03,NDVI,Mean,
1994-03,NDVI,Min,
1994-03,NDVI,Max,
1994-03,NDWI,Mean,
1994-03,NDWI,Min,
1994-03,NDWI,Max,
1994-04,BWDRVI,Mean,
1994-04,BWDRVI,Min,
1994-04,BWDRVI,Max,
1994-04,EVI,Mean,
1994-04,EVI,Min,
1994-04,EVI,Max,
1994-04,EVI2,Mean,
1994-04,EVI2,Min,
1994-04,EVI2,Max,
1994-04,GEMI,Mean,
1994-04,GEMI,Min,
1994-04,GEMI,Max,
1994-04,NDVI,Mean,
1994-04,NDVI,Min,
1994-04,NDVI,Max,
1994-04,NDWI,Mean,
1994-04,NDWI,Min,
1994-04,NDWI,Max,
1994-05,BWDRVI,Mean,
1994-05,BWDRVI,Min,
1994-05,BWDRVI,Max,
1994-05,EVI,Mean,
1994-05,EVI,Min,
1994-05,EVI,Max,
1994-05,EVI2,Mean,
1994-05,EVI2,Min,
1994-05,EVI2,Max,
1994-05,GEMI,Mean,
1994-05,GEMI,Min,
1994-05,GEMI,Max,
1994-05,NDVI,Mean,
1994-05,NDVI,Min,
1994-05,NDVI,Max,
1994-05,NDWI,Mean,
1994-05,NDWI,Min,
1994-05,NDWI,Max,
1994-06,BWDRVI,Mean,
1994-06,BWDRVI,Min,
1994-06,BWDRVI,Max,
1994-06,EVI,Mean,
1994-06,EVI,Min,
1994-06,EVI,Max,
1994-06,EVI2,Mean,
1994-06,EVI2,Min,
1994-06,EVI2,Max,
1994-06,GEMI,Mean,
1994-06,GEMI,Min,
1994-06,GEMI,Max,
1994-06,NDVI,Mean,
1994-06,NDVI,Min,
1994-06,NDVI,Max,
1994-06,NDWI,Mean,
1994-06,NDWI,Min,
1994-06,NDWI,Max,
1994-07,BWDRVI,Mean,
1994-07,BWDRVI,Min,
1994-07,BWDRVI,Max,
1994-07,EVI,Mean,
1994-07,EVI,Min,
1994-07,EVI,Max,
1994-07,EVI2,Mean,
1994-07,EVI2,Min,
1994-07,EVI2,Max,
1994-07,GEMI,Mean,
1994-07,GEMI,Min,
1994-07,GEMI,Max,
1994-07,NDVI,Mean,
1994-07,NDVI,Min,
1994-07,NDVI,Max,
1994-07,NDWI,Mean,
1994-07,NDWI,Min,
1994-07,NDWI,Max,
1994-08,BWDRVI,Mean,
1994-08,BWDRVI,Min,
1994-08,BWDRVI,Max,
1994-08,EVI,Mean,
1994-08,EVI,Min,
1994-08,EVI,Max,
1994-08,EVI2,Mean,
1994-08,EVI2,Min,
1994-08,EVI2,Max,
1994-08,GEMI,Mean,
1994-08,GEMI,Min,
1994-08,GEMI,Max,
1994-08,NDVI,Mean,
1994-08,NDVI,Min,
1994-08,NDVI,Max,
1994-08,NDWI,Mean,
1994-08,NDWI,Min,
1994-08,NDWI,Max,
1994-09,BWDRVI,Mean,
1994-09,BWDRVI,Min,
1994-09,BWDRVI,Max,
1994-09,EVI,Mean,
1994-09,EVI,Min,
1994-09,EVI,Max,
1994-09,EVI2,Mean,
1994-09,EVI2,Min,
1994-09,EVI2,Max,
1994-09,GEMI,Mean,
1994-09,GEMI,Min,
1994-09,GEMI,Max,
1994-09,NDVI,Mean,
1994-09,NDVI,Min,
1994-09,NDVI,Max,
1994-09,NDWI,Mean,
1994-09,NDWI,Min,
1994-09,NDWI,Max,
1994-10,BWDRVI,Mean,
1994-10,BWDRVI,Min,
1994-10,BWDRVI,Max,
1994-10,EVI,Mean,
1994-10,EVI,Min,
1994-10,EVI,Max,
1994-10,EVI2,Mean,
1994-10,EVI2,Min,
1994-10,EVI2,Max,
1994-10,GEMI,Mean,
1994-10,GEMI,Min,
1994-10,GEMI,Max,
1994-10,NDVI,Mean,
1994-10,NDVI,Min,
1994-10,NDVI,Max,
1994-10,NDWI,Mean,
1994-10,NDWI,Min,
1994-10,NDWI,Max,
1994-11,BWDRVI,Mean,
1994-11,BWDRVI,Min,
1994-11,BWDRVI,Max,
1994-11,EVI,Mean,
1994-11,EVI,Min,
1994-11,EVI,Max,
1994-11,EVI2,Mean,
1994-11,EVI2,Min,
1994-11,EVI2,Max,
1994-11,GEMI,Mean,
1994-11,GEMI,Min,
1994-11,GEMI,Max,
1994-11,NDVI,Mean,
1994-11,NDVI,Min,
1994-11,NDVI,Max,
1994-11,NDWI,Mean,
1994-11,NDWI,Min,
1994-11,NDWI,Max,
1994-12,BWDRVI,Mean,
1994-12,BWDRVI,Min,
1994-12,BWDRVI,Max,
1994-12,EVI,Mean,
1994-12,EVI,Min,
1994-12,EVI,Max,
1994-12,EVI2,Mean,
1994-12,EVI2,Min,
1994-12,EVI2,Max,
1994-12,GEMI,Mean,
1994-12,GEMI,Min,
1994-12,GEMI,Max,
1994-12,NDVI,Mean,
1994-12,NDVI,Min,
1994-12,NDVI,Max,
1994-12,NDWI,Mean,
1994-12,NDWI,Min,
1994-12,NDWI,Max,
1995-01,BWDRVI,Mean,
1995-01,BWDRVI,Min,
1995-01,BWDRVI,Max,
1995-01,EVI,Mean,
1995-01,EVI,Min,
1995-01,EVI,Max,
1995-01,EVI2,Mean,
1995-01,EVI2,Min,
1995-01,EVI2,Max,
1995-01,GEMI,Mean,
1995-01,GEMI,Min,
1995-01,GEMI,Max,
1995-01,NDVI,Mean,
1995-01,NDVI,Min,
1995-01,NDVI,Max,
1995-01,NDWI,Mean,
1995-01,NDWI,Min,
1995-01,NDWI,Max,
1995-02,BWDRVI,Mean,
1995-02,BWDRVI,Min,
1995-02,BWDRVI,Max,
1995-02,EVI,Mean,
1995-02,EVI,Min,
1995-02,EVI,Max,
1995-02,EVI2,Mean,
1995-02,EVI2,Min,
1995-02,EVI2,Max,
1995-02,GEMI,Mean,
1995-02,GEMI,Min,
1995-02,GEMI,Max,
1995-02,NDVI,Mean,
1995-02,NDVI,Min,
1995-02,NDVI,Max,
1995-02,NDWI,Mean,
1995-02,NDWI,Min,
1995-02,NDWI,Max,
1995-03,BWDRVI,Mean,
1995-03,BWDRVI,Min,
1995-03,BWDRVI,Max,
1995-03,EVI,Mean,
1995-03,EVI,Min,
1995-03,EVI,Max,
1995-03,EVI2,Mean,
1995-03,EVI2,Min,
1995-03,EVI2,Max,
1995-03,GEMI,Mean,
1995-03,GEMI,Min,
1995-03,GEMI,Max,
1995-03,NDVI,Mean,
1995-03,NDVI,Min,
1995-03,NDVI,Max,
1995-03,NDWI,Mean,
1995-03,NDWI,Min,
1995-03,NDWI,Max,
1995-04,BWDRVI,Mean,
1995-04,BWDRVI,Min,
1995-04,BWDRVI,Max,
1995-04,EVI,Mean,
1995-04,EVI,Min,
1995-04,EVI,Max,
1995-04,EVI2,Mean,
1995-04,EVI2,Min,
1995-04,EVI2,Max,
1995-04,GEMI,Mean,
1995-04,GEMI,Min,
1995-04,GEMI,Max,
1995-04,NDVI,Mean,
1995-04,NDVI,Min,
1995-04,NDVI,Max,
1995-04,NDWI,Mean,
1995-04,NDWI,Min,
1995-04,NDWI,Max,
1995-05,BWDRVI,Mean,
1995-05,BWDRVI,Min,
1995-05,BWDRVI,Max,
1995-05,EVI,Mean,
1995-05,EVI,Min,
1995-05,EVI,Max,
1995-05,EVI2,Mean,
1995-05,EVI2,Min,
1995-05,EVI2,Max,
1995-05,GEMI,Mean,
1995-05,GEMI,Min,
1995-05,GEMI,Max,
1995-05,NDVI,Mean,
1995-05,NDVI,Min,
1995-05,NDVI,Max,
1995-05,NDWI,Mean,
1995-05,NDWI,Min,
1995-05,NDWI,Max,
1995-06,BWDRVI,Mean,
1995-06,BWDRVI,Min,
1995-06,BWDRVI,Max,
1995-06,EVI,Mean,
1995-06,EVI,Min,
1995-06,EVI,Max,
1995-06,EVI2,Mean,
1995-06,EVI2,Min,
1995-06,EVI2,Max,
1995-06,GEMI,Mean,
1995-06,GEMI,Min,
1995-06,GEMI,Max,
1995-06,NDVI,Mean,
1995-06,NDVI,Min,
1995-06,NDVI,Max,
1995-06,NDWI,Mean,
1995-06,NDWI,Min,
1995-06,NDWI,Max,
1995-07,BWDRVI,Mean,
1995-07,BWDRVI,Min,
1995-07,BWDRVI,Max,
1995-07,EVI,Mean,
1995-07,EVI,Min,
1995-07,EVI,Max,
1995-07,EVI2,Mean,
1995-07,EVI2,Min,
1995-07,EVI2,Max,
1995-07,GEMI,Mean,
1995-07,GEMI,Min,
1995-07,GEMI,Max,
1995-07,NDVI,Mean,
1995-07,NDVI,Min,
1995-07,NDVI,Max,
1995-07,NDWI,Mean,
1995-07,NDWI,Min,
1995-07,NDWI,Max,
1995-08,BWDRVI,Mean,
1995-08,BWDRVI,Min,
1995-08,BWDRVI,Max,
1995-08,EVI,Mean,
1995-08,EVI,Min,
1995-08,EVI,Max,
1995-08,EVI2,Mean,
1995-08,EVI2,Min,
1995-08,EVI2,Max,
1995-08,GEMI,Mean,
1995-08,GEMI,Min,
1995-08,GEMI,Max,
1995-08,NDVI,Mean,
1995-08,NDVI,Min,
1995-08,NDVI,Max,
1995-08,NDWI,Mean,
1995-08,NDWI,Min,
1995-08,NDWI,Max,
1995-09,BWDRVI,Mean,
1995-09,BWDRVI,Min,
1995-09,BWDRVI,Max,
1995-09,EVI,Mean,
1995-09,EVI,Min,
1995-09,EVI,Max,
1995-09,EVI2,Mean,
1995-09,EVI2,Min,
1995-09,EVI2,Max,
1995-09,GEMI,Mean,
1995-09,GEMI,Min,
1995-09,GEMI,Max,
1995-09,NDVI,Mean,
1995-09,NDVI,Min,
1995-09,NDVI,Max,
1995-09,NDWI,Mean,
1995-09,NDWI,Min,
1995-09,NDWI,Max,
1995-10,BWDRVI,Mean,
1995-10,BWDRVI,Min,
1995-10,BWDRVI,Max,
1995-10,EVI,Mean,
1995-10,EVI,Min,
1995-10,EVI,Max,
1995-10,EVI2,Mean,
1995-10,EVI2,Min,
1995-10,EVI2,Max,
1995-10,GEMI,Mean,
1995-10,GEMI,Min,
1995-10,GEMI,Max,
1995-10,NDVI,Mean,
1995-10,NDVI,Min,
1995-10,NDVI,Max,
1995-10,NDWI,Mean,
1995-10,NDWI,Min,
1995-10,NDWI,Max,
1995-11,BWDRVI,Mean,
1995-11,BWDRVI,Min,
1995-11,BWDRVI,Max,
1995-11,EVI,Mean,
1995-11,EVI,Min,
1995-11,EVI,Max,
1995-11,EVI2,Mean,
1995-11,EVI2,Min,
1995-11,EVI2,Max,
1995-11,GEMI,Mean,
1995-11,GEMI,Min,
1995-11,GEMI,Max,
1995-11,NDVI,Mean,
1995-11,NDVI,Min,
1995-11,NDVI,Max,
1995-11,NDWI,Mean,
1995-11,NDWI,Min,
1995-11,NDWI,Max,
1995-12,BWDRVI,Mean,
1995-12,BWDRVI,Min,
1995-12,BWDRVI,Max,
1995-12,EVI,Mean,
1995-12,EVI,Min,
1995-12,EVI,Max,
1995-12,EVI2,Mean,
1995-12,EVI2,Min,
1995-12,EVI2,Max,
1995-12,GEMI,Mean,
1995-12,GEMI,Min,
1995-12,GEMI,Max,
1995-12,NDVI,Mean,
1995-12,NDVI,Min,
1995-12,NDVI,Max,
1995-12,NDWI,Mean,
1995-12,NDWI,Min,
1995-12,NDWI,Max,
1996-01,BWDRVI,Mean,
1996-01,BWDRVI,Min,
1996-01,BWDRVI,Max,
1996-01,EVI,Mean,
1996-01,EVI,Min,
1996-01,EVI,Max,
1996-01,EVI2,Mean,
1996-01,EVI2,Min,
1996-01,EVI2,Max,
1996-01,GEMI,Mean,
1996-01,GEMI,Min,
1996-01,GEMI,Max,
1996-01,NDVI,Mean,
1996-01,NDVI,Min,
1996-01,NDVI,Max,
1996-01,NDWI,Mean,
1996-01,NDWI,Min,
1996-01,NDWI,Max,
1996-02,BWDRVI,Mean,
1996-02,BWDRVI,Min,
1996-02,BWDRVI,Max,
1996-02,EVI,Mean,
1996-02,EVI,Min,
1996-02,EVI,Max,
1996-02,EVI2,Mean,
1996-02,EVI2,Min,
1996-02,EVI2,Max,
1996-02,GEMI,Mean,
1996-02,GEMI,Min,
1996-02,GEMI,Max,
1996-02,NDVI,Mean,
1996-02,NDVI,Min,
1996-02,NDVI,Max,
1996-02,NDWI,Mean,
1996-02,NDWI,Min,
1996-02,NDWI,Max,
1996-03,BWDRVI,Mean,
1996-03,BWDRVI,Min,
1996-03,BWDRVI,Max,
1996-03,EVI,Mean,
1996-03,EVI,Min,
1996-03,EVI,Max,
1996-03,EVI2,Mean,
1996-03,EVI2,Min,
1996-03,EVI2,Max,
1996-03,GEMI,Mean,
1996-03,GEMI,Min,
1996-03,GEMI,Max,
1996-03,NDVI,Mean,
1996-03,NDVI,Min,
1996-03,NDVI,Max,
1996-03,NDWI,Mean,
1996-03,NDWI,Min,
1996-03,NDWI,Max,
1996-04,BWDRVI,Mean,
1996-04,BWDRVI,Min,
1996-04,BWDRVI,Max,
1996-04,EVI,Mean,
1996-04,EVI,Min,
1996-04,EVI,Max,
1996-04,EVI2,Mean,
1996-04,EVI2,Min,
1996-04,EVI2,Max,
1996-04,GEMI,Mean,
1996-04,GEMI,Min,
1996-04,GEMI,Max,
1996-04,NDVI,Mean,
1996-04,NDVI,Min,
1996-04,NDVI,Max,
1996-04,NDWI,Mean,
1996-04,NDWI,Min,
1996-04,NDWI,Max,
1996-05,BWDRVI,Mean,
1996-05,BWDRVI,Min,
1996-05,BWDRVI,Max,
1996-05,EVI,Mean,
1996-05,EVI,Min,
1996-05,EVI,Max,
1996-05,EVI2,Mean,
1996-05,EVI2,Min,
1996-05,EVI2,Max,
1996-05,GEMI,Mean,
1996-05,GEMI,Min,
1996-05,GEMI,Max,
1996-05,NDVI,Mean,
1996-05,NDVI,Min,
1996-05,NDVI,Max,
1996-05,NDWI,Mean,
1996-05,NDWI,Min,
1996-05,NDWI,Max,
1996-06,BWDRVI,Mean,
1996-06,BWDRVI,Min,
1996-06,BWDRVI,Max,
1996-06,EVI,Mean,
1996-06,EVI,Min,
1996-06,EVI,Max,
1996-06,EVI2,Mean,
1996-06,EVI2,Min,
1996-06,EVI2,Max,
1996-06,GEMI,Mean,
1996-06,GEMI,Min,
1996-06,GEMI,Max,
1996-06,NDVI,Mean,
1996-06,NDVI,Min,
1996-06,NDVI,Max,
1996-06,NDWI,Mean,
1996-06,NDWI,Min,
1996-06,NDWI,Max,
1996-07,BWDRVI,Mean,
1996-07,BWDRVI,Min,
1996-07,BWDRVI,Max,
1996-07,EVI,Mean,
1996-07,EVI,Min,
1996-07,EVI,Max,
1996-07,EVI2,Mean,
1996-07,EVI2,Min,
1996-07,EVI2,Max,
1996-07,GEMI,Mean,
1996-07,GEMI,Min,
1996-07,GEMI,Max,
1996-07,NDVI,Mean,
1996-07,NDVI,Min,
1996-07,NDVI,Max,
1996-07,NDWI,Mean,
1996-07,NDWI,Min,
1996-07,NDWI,Max,
1996-08,BWDRVI,Mean,
1996-08,BWDRVI,Min,
1996-08,BWDRVI,Max,
1996-08,EVI,Mean,
1996-08,EVI,Min,
1996-08,EVI,Max,
1996-08,EVI2,Mean,
1996-08,EVI2,Min,
1996-08,EVI2,Max,
1996-08,GEMI,Mean,
1996-08,GEMI,Min,
1996-08,GEMI,Max,
1996-08,NDVI,Mean,
1996-08,NDVI,Min,
1996-08,NDVI,Max,
1996-08,NDWI,Mean,
1996-08,NDWI,Min,
1996-08,NDWI,Max,
1996-09,BWDRVI,Mean,
1996-09,BWDRVI,Min,
1996-09,BWDRVI,Max,
1996-09,EVI,Mean,
1996-09,EVI,Min,
1996-09,EVI,Max,
1996-09,EVI2,Mean,
1996-09,EVI2,Min,
1996-09,EVI2,Max,
1996-09,GEMI,Mean,
1996-09,GEMI,Min,
1996-09,GEMI,Max,
1996-09,NDVI,Mean,
1996-09,NDVI,Min,
1996-09,NDVI,Max,
1996-09,NDWI,Mean,
1996-09,NDWI,Min,
1996-09,NDWI,Max,
1996-10,BWDRVI,Mean,
1996-10,BWDRVI,Min,
1996-10,BWDRVI,Max,
1996-10,EVI,Mean,
1996-10,EVI,Min,
1996-10,EVI,Max,
1996-10,EVI2,Mean,
1996-10,EVI2,Min,
1996-10,EVI2,Max,
1996-10,GEMI,Mean,
1996-10,GEMI,Min,
1996-10,GEMI,Max,
1996-10,NDVI,Mean,
1996-10,NDVI,Min,
1996-10,NDVI,Max,
1996-10,NDWI,Mean,
1996-10,NDWI,Min,
1996-10,NDWI,Max,
1996-11,BWDRVI,Mean,
1996-11,BWDRVI,Min,
1996-11,BWDRVI,Max,
1996-11,EVI,Mean,
1996-11,EVI,Min,
1996-11,EVI,Max,
1996-11,EVI2,Mean,
1996-11,EVI2,Min,
1996-11,EVI2,Max,
1996-11,GEMI,Mean,
1996-11,GEMI,Min,
1996-11,GEMI,Max,
1996-11,NDVI,Mean,
1996-11,NDVI,Min,
1996-11,NDVI,Max,
1996-11,NDWI,Mean,
1996-11,NDWI,Min,
1996-11,NDWI,Max,
1996-12,BWDRVI,Mean,
1996-12,BWDRVI,Min,
1996-12,BWDRVI,Max,
1996-12,EVI,Mean,
1996-12,EVI,Min,
1996-12,EVI,Max,
1996-12,EVI2,Mean,
1996-12,EVI2,Min,
1996-12,EVI2,Max,
1996-12,GEMI,Mean,
1996-12,GEMI,Min,
1996-12,GEMI,Max,
1996-12,NDVI,Mean,
1996-12,NDVI,Min,
1996-12,NDVI,Max,
1996-12,NDWI,Mean,
1996-12,NDWI,Min,
1996-12,NDWI,Max,
1997-01,BWDRVI,Mean,
1997-01,BWDRVI,Min,
1997-01,BWDRVI,Max,
1997-01,EVI,Mean,
1997-01,EVI,Min,
1997-01,EVI,Max,
1997-01,EVI2,Mean,
1997-01,EVI2,Min,
1997-01,EVI2,Max,
1997-01,GEMI,Mean,
1997-01,GEMI,Min,
1997-01,GEMI,Max,
1997-01,NDVI,Mean,
1997-01,NDVI,Min,
1997-01,NDVI,Max,
1997-01,NDWI,Mean,
1997-01,NDWI,Min,
1997-01,NDWI,Max,
1997-02,BWDRVI,Mean,
1997-02,BWDRVI,Min,
1997-02,BWDRVI,Max,
1997-02,EVI,Mean,
1997-02,EVI,Min,
1997-02,EVI,Max,
1997-02,EVI2,Mean,
1997-02,EVI2,Min,
1997-02,EVI2,Max,
1997-02,GEMI,Mean,
1997-02,GEMI,Min,
1997-02,GEMI,Max,
1997-02,NDVI,Mean,
1997-02,NDVI,Min,
1997-02,NDVI,Max,
1997-02,NDWI,Mean,
1997-02,NDWI,Min,
1997-02,NDWI,Max,
1997-03,BWDRVI,Mean,
1997-03,BWDRVI,Min,
1997-03,BWDRVI,Max,
1997-03,EVI,Mean,
1997-03,EVI,Min,
1997-03,EVI,Max,
1997-03,EVI2,Mean,
1997-03,EVI2,Min,
1997-03,EVI2,Max,
1997-03,GEMI,Mean,
1997-03,GEMI,Min,
1997-03,GEMI,Max,
1997-03,NDVI,Mean,
1997-03,NDVI,Min,
1997-03,NDVI,Max,
1997-03,NDWI,Mean,
1997-03,NDWI,Min,
1997-03,NDWI,Max,
1997-04,BWDRVI,Mean,
1997-04,BWDRVI,Min,
1997-04,BWDRVI,Max,
1997-04,EVI,Mean,
1997-04,EVI,Min,
1997-04,EVI,Max,
1997-04,EVI2,Mean,
1997-04,EVI2,Min,
1997-04,EVI2,Max,
1997-04,GEMI,Mean,
1997-04,GEMI,Min,
1997-04,GEMI,Max,
1997-04,NDVI,Mean,
1997-04,NDVI,Min,
1997-04,NDVI,Max,
1997-04,NDWI,Mean,
1997-04,NDWI,Min,
1997-04,NDWI,Max,
1997-05,BWDRVI,Mean,
1997-05,BWDRVI,Min,
1997-05,BWDRVI,Max,
1997-05,EVI,Mean,
1997-05,EVI,Min,
1997-05,EVI,Max,
1997-05,EVI2,Mean,
1997-05,EVI2,Min,
1997-05,EVI2,Max,
1997-05,GEMI,Mean,
1997-05,GEMI,Min,
1997-05,GEMI,Max,
1997-05,NDVI,Mean,
1997-05,NDVI,Min,
1997-05,NDVI,Max,
1997-05,NDWI,Mean,
1997-05,NDWI,Min,
1997-05,NDWI,Max,
1997-06,BWDRVI,Mean,
1997-06,BWDRVI,Min,
1997-06,BWDRVI,Max,
1997-06,EVI,Mean,
1997-06,EVI,Min,
1997-06,EVI,Max,
1997-06,EVI2,Mean,
1997-06,EVI2,Min,
1997-06,EVI2,Max,
1997-06,GEMI,Mean,
1997-06,GEMI,Min,
1997-06,GEMI,Max,
1997-06,NDVI,Mean,
1997-06,NDVI,Min,
1997-06,NDVI,Max,
1997-06,NDWI,Mean,
1997-06,NDWI,Min,
1997-06,NDWI,Max,
1997-07,BWDRVI,Mean,
1997-07,BWDRVI,Min,
1997-07,BWDRVI,Max,
1997-07,EVI,Mean,
1997-07,EVI,Min,
1997-07,EVI,Max,
1997-07,EVI2,Mean,
1997-07,EVI2,Min,
1997-07,EVI2,Max,
1997-07,GEMI,Mean,
1997-07,GEMI,Min,
1997-07,GEMI,Max,
1997-07,NDVI,Mean,
1997-07,NDVI,Min,
1997-07,NDVI,Max,
1997-07,NDWI,Mean,
1997-07,NDWI,Min,
1997-07,NDWI,Max,
1997-08,BWDRVI,Mean,
1997-08,BWDRVI,Min,
1997-08,BWDRVI,Max,
1997-08,EVI,Mean,
1997-08,EVI,Min,
1997-08,EVI,Max,
1997-08,EVI2,Mean,
1997-08,EVI2,Min,
1997-08,EVI2,Max,
1997-08,GEMI,Mean,
1997-08,GEMI,Min,
1997-08,GEMI,Max,
1997-08,NDVI,Mean,
1997-08,NDVI,Min,
1997-08,NDVI,Max,
1997-08,NDWI,Mean,
1997-08,NDWI,Min,
1997-08,NDWI,Max,
1997-09,BWDRVI,Mean,
1997-09,BWDRVI,Min,
1997-09,BWDRVI,Max,
1997-09,EVI,Mean,
1997-09,EVI,Min,
1997-09,EVI,Max,
1997-09,EVI2,Mean,
1997-09,EVI2,Min,
1997-09,EVI2,Max,
1997-09,GEMI,Mean,
1997-09,GEMI,Min,
1997-09,GEMI,Max,
1997-09,NDVI,Mean,
1997-09,NDVI,Min,
1997-09,NDVI,Max,
1997-09,NDWI,Mean,
1997-09,NDWI,Min,
1997-09,NDWI,Max,
1997-10,BWDRVI,Mean,
1997-10,BWDRVI,Min,
1997-10,BWDRVI,Max,
1997-10,EVI,Mean,
1997-10,EVI,Min,
1997-10,EVI,Max,
1997-10,EVI2,Mean,
1997-10,EVI2,Min,
1997-10,EVI2,Max,
1997-10,GEMI,Mean,
1997-10,GEMI,Min,
1997-10,GEMI,Max,
1997-10,NDVI,Mean,
1997-10,NDVI,Min,
1997-10,NDVI,Max,
1997-10,NDWI,Mean,
1997-10,NDWI,Min,
1997-10,NDWI,Max,
1997-11,BWDRVI,Mean,
1997-11,BWDRVI,Min,
1997-11,BWDRVI,Max,
1997-11,EVI,Mean,
1997-11,EVI,Min,
1997-11,EVI,Max,
1997-11,EVI2,Mean,
1997-11,EVI2,Min,
1997-11,EVI2,Max,
1997-11,GEMI,Mean,
1997-11,GEMI,Min,
1997-11,GEMI,Max,
1997-11,NDVI,Mean,
1997-11,NDVI,Min,
1997-11,NDVI,Max,
1997-11,NDWI,Mean,
1997-11,NDWI,Min,
1997-11,NDWI,Max,
1997-12,BWDRVI,Mean,
1997-12,BWDRVI,Min,
1997-12,BWDRVI,Max,
1997-12,EVI,Mean,
1997-12,EVI,Min,
1997-12,EVI,Max,
1997-12,EVI2,Mean,
1997-12,EVI2,Min,
1997-12,EVI2,Max,
1997-12,GEMI,Mean,
1997-12,GEMI,Min,
1997-12,GEMI,Max,
1997-12,NDVI,Mean,
1997-12,NDVI,Min,
1997-12,NDVI,Max,
1997-12,NDWI,Mean,
1997-12,NDWI,Min,
1997-12,NDWI,Max,
1998-01,BWDRVI,Mean,
1998-01,BWDRVI,Min,
1998-01,BWDRVI,Max,
1998-01,EVI,Mean,
1998-01,EVI,Min,
1998-01,EVI,Max,
1998-01,EVI2,Mean,
1998-01,EVI2,Min,
1998-01,EVI2,Max,
1998-01,GEMI,Mean,
1998-01,GEMI,Min,
1998-01,GEMI,Max,
1998-01,NDVI,Mean,
1998-01,NDVI,Min,
1998-01,NDVI,Max,
1998-01,NDWI,Mean,
1998-01,NDWI,Min,
1998-01,NDWI,Max,
1998-02,BWDRVI,Mean,
1998-02,BWDRVI,Min,
1998-02,BWDRVI,Max,
1998-02,EVI,Mean,
1998-02,EVI,Min,
1998-02,EVI,Max,
1998-02,EVI2,Mean,
1998-02,EVI2,Min,
1998-02,EVI2,Max,
1998-02,GEMI,Mean,
1998-02,GEMI,Min,
1998-02,GEMI,Max,
1998-02,NDVI,Mean,
1998-02,NDVI,Min,
1998-02,NDVI,Max,
1998-02,NDWI,Mean,
1998-02,NDWI,Min,
1998-02,NDWI,Max,
1998-03,BWDRVI,Mean,
1998-03,BWDRVI,Min,
1998-03,BWDRVI,Max,
1998-03,EVI,Mean,
1998-03,EVI,Min,
1998-03,EVI,Max,
1998-03,EVI2,Mean,
1998-03,EVI2,Min,
1998-03,EVI2,Max,
1998-03,GEMI,Mean,
1998-03,GEMI,Min,
1998-03,GEMI,Max,
1998-03,NDVI,Mean,
1998-03,NDVI,Min,
1998-03,NDVI,Max,
1998-03,NDWI,Mean,
1998-03,NDWI,Min,
1998-03,NDWI,Max,
1998-04,BWDRVI,Mean,
1998-04,BWDRVI,Min,
1998-04,BWDRVI,Max,
1998-04,EVI,Mean,
1998-04,EVI,Min,
1998-04,EVI,Max,
1998-04,EVI2,Mean,
1998-04,EVI2,Min,
1998-04,EVI2,Max,
1998-04,GEMI,Mean,
1998-04,GEMI,Min,
1998-04,GEMI,Max,
1998-04,NDVI,Mean,
1998-04,NDVI,Min,
1998-04,NDVI,Max,
1998-04,NDWI,Mean,
1998-04,NDWI,Min,
1998-04,NDWI,Max,
1998-05,BWDRVI,Mean,
1998-05,BWDRVI,Min,
1998-05,BWDRVI,Max,
1998-05,EVI,Mean,
1998-05,EVI,Min,
1998-05,EVI,Max,
1998-05,EVI2,Mean,
1998-05,EVI2,Min,
1998-05,EVI2,Max,
1998-05,GEMI,Mean,
1998-05,GEMI,Min,
1998-05,GEMI,Max,
1998-05,NDVI,Mean,
1998-05,NDVI,Min,
1998-05,NDVI,Max,
1998-05,NDWI,Mean,
1998-05,NDWI,Min,
1998-05,NDWI,Max,
1998-06,BWDRVI,Mean,
1998-06,BWDRVI,Min,
1998-06,BWDRVI,Max,
1998-06,EVI,Mean,
1998-06,EVI,Min,
1998-06,EVI,Max,
1998-06,EVI2,Mean,
1998-06,EVI2,Min,
1998-06,EVI2,Max,
1998-06,GEMI,Mean,
1998-06,GEMI,Min,
1998-06,GEMI,Max,
1998-06,NDVI,Mean,
1998-06,NDVI,Min,
1998-06,NDVI,Max,
1998-06,NDWI,Mean,
1998-06,NDWI,Min,
1998-06,NDWI,Max,
1998-07,BWDRVI,Mean,
1998-07,BWDRVI,Min,
1998-07,BWDRVI,Max,
1998-07,EVI,Mean,
1998-07,EVI,Min,
1998-07,EVI,Max,
1998-07,EVI2,Mean,
1998-07,EVI2,Min,
1998-07,EVI2,Max,
1998-07,GEMI,Mean,
1998-07,GEMI,Min,
1998-07,GEMI,Max,
1998-07,NDVI,Mean,
1998-07,NDVI,Min,
1998-07,NDVI,Max,
1998-07,NDWI,Mean,
1998-07,NDWI,Min,
1998-07,NDWI,Max,
1998-08,BWDRVI,Mean,
1998-08,BWDRVI,Min,
1998-08,BWDRVI,Max,
1998-08,EVI,Mean,
1998-08,EVI,Min,
1998-08,EVI,Max,
1998-08,EVI2,Mean,
1998-08,EVI2,Min,
1998-08,EVI2,Max,
1998-08,GEMI,Mean,
1998-08,GEMI,Min,
1998-08,GEMI,Max,
1998-08,NDVI,Mean,
1998-08,NDVI,Min,
1998-08,NDVI,Max,
1998-08,NDWI,Mean,
1998-08,NDWI,Min,
1998-08,NDWI,Max,
1998-09,BWDRVI,Mean,
1998-09,BWDRVI,Min,
1998-09,BWDRVI,Max,
1998-09,EVI,Mean,
1998-09,EVI,Min,
1998-09,EVI,Max,
1998-09,EVI2,Mean,
1998-09,EVI2,Min,
1998-09,EVI2,Max,
1998-09,GEMI,Mean,
1998-09,GEMI,Min,
1998-09,GEMI,Max,
1998-09,NDVI,Mean,
1998-09,NDVI,Min,
1998-09,NDVI,Max,
1998-09,NDWI,Mean,
1998-09,NDWI,Min,
1998-09,NDWI,Max,
1998-10,BWDRVI,Mean,
1998-10,BWDRVI,Min,
1998-10,BWDRVI,Max,
1998-10,EVI,Mean,
1998-10,EVI,Min,
1998-10,EVI,Max,
1998-10,EVI2,Mean,
1998-10,EVI2,Min,
1998-10,EVI2,Max,
1998-10,GEMI,Mean,
1998-10,GEMI,Min,
1998-10,GEMI,Max,
1998-10,NDVI,Mean,
1998-10,NDVI,Min,
1998-10,NDVI,Max,
1998-10,NDWI,Mean,
1998-10,NDWI,Min,
1998-10,NDWI,Max,
1998-11,BWDRVI,Mean,
1998-11,BWDRVI,Min,
1998-11,BWDRVI,Max,
1998-11,EVI,Mean,
1998-11,EVI,Min,
1998-11,EVI,Max,
1998-11,EVI2,Mean,
1998-11,EVI2,Min,
1998-11,EVI2,Max,
1998-11,GEMI,Mean,
1998-11,GEMI,Min,
1998-11,GEMI,Max,
1998-11,NDVI,Mean,
1998-11,NDVI,Min,
1998-11,NDVI,Max,
1998-11,NDWI,Mean,
1998-11,NDWI,Min,
1998-11,NDWI,Max,
1998-12,BWDRVI,Mean,
1998-12,BWDRVI,Min,
1998-12,BWDRVI,Max,
1998-12,EVI,Mean,
1998-12,EVI,Min,
1998-12,EVI,Max,
1998-12,EVI2,Mean,
1998-12,EVI2,Min,
1998-12,EVI2,Max,
1998-12,GEMI,Mean,
1998-12,GEMI,Min,
1998-12,GEMI,Max,
1998-12,NDVI,Mean,
1998-12,NDVI,Min,
1998-12,NDVI,Max,
1998-12,NDWI,Mean,
1998-12,NDWI,Min,
1998-12,NDWI,Max,
1999-01,BWDRVI,Mean,
1999-01,BWDRVI,Min,
1999-01,BWDRVI,Max,
1999-01,EVI,Mean,
1999-01,EVI,Min,
1999-01,EVI,Max,
1999-01,EVI2,Mean,
1999-01,EVI2,Min,
1999-01,EVI2,Max,
1999-01,GEMI,Mean,
1999-01,GEMI,Min,
1999-01,GEMI,Max,
1999-01,NDVI,Mean,
1999-01,NDVI,Min,
1999-01,NDVI,Max,
1999-01,NDWI,Mean,
1999-01,NDWI,Min,
1999-01,NDWI,Max,
1999-02,BWDRVI,Mean,
1999-02,BWDRVI,Min,
1999-02,BWDRVI,Max,
1999-02,EVI,Mean,
1999-02,EVI,Min,
1999-02,EVI,Max,
1999-02,EVI2,Mean,
1999-02,EVI2,Min,
1999-02,EVI2,Max,
1999-02,GEMI,Mean,
1999-02,GEMI,Min,
1999-02,GEMI,Max,
1999-02,NDVI,Mean,
1999-02,NDVI,Min,
1999-02,NDVI,Max,
1999-02,NDWI,Mean,
1999-02,NDWI,Min,
1999-02,NDWI,Max,
1999-03,BWDRVI,Mean,
1999-03,BWDRVI,Min,
1999-03,BWDRVI,Max,
1999-03,EVI,Mean,
1999-03,EVI,Min,
1999-03,EVI,Max,
1999-03,EVI2,Mean,
1999-03,EVI2,Min,
1999-03,EVI2,Max,
1999-03,GEMI,Mean,
1999-03,GEMI,Min,
1999-03,GEMI,Max,
1999-03,NDVI,Mean,
1999-03,NDVI,Min,
1999-03,NDVI,Max,
1999-03,NDWI,Mean,
1999-03,NDWI,Min,
1999-03,NDWI,Max,
1999-04,BWDRVI,Mean,
1999-04,BWDRVI,Min,
1999-04,BWDRVI,Max,
1999-04,EVI,Mean,
1999-04,EVI,Min,
1999-04,EVI,Max,
1999-04,EVI2,Mean,
1999-04,EVI2,Min,
1999-04,EVI2,Max,
1999-04,GEMI,Mean,
1999-04,GEMI,Min,
1999-04,GEMI,Max,
1999-04,NDVI,Mean,
1999-04,NDVI,Min,
1999-04,NDVI,Max,
1999-04,NDWI,Mean,
1999-04,NDWI,Min,
1999-04,NDWI,Max,
1999-05,BWDRVI,Mean,
1999-05,BWDRVI,Min,
1999-05,BWDRVI,Max,
1999-05,EVI,Mean,
1999-05,EVI,Min,
1999-05,EVI,Max,
1999-05,EVI2,Mean,
1999-05,EVI2,Min,
1999-05,EVI2,Max,
1999-05,GEMI,Mean,
1999-05,GEMI,Min,
1999-05,GEMI,Max,
1999-05,NDVI,Mean,
1999-05,NDVI,Min,
1999-05,NDVI,Max,
1999-05,NDWI,Mean,
1999-05,NDWI,Min,
1999-05,NDWI,Max,
1999-06,BWDRVI,Mean,
1999-06,BWDRVI,Min,
1999-06,BWDRVI,Max,
1999-06,EVI,Mean,
1999-06,EVI,Min,
1999-06,EVI,Max,
1999-06,EVI2,Mean,
1999-06,EVI2,Min,
1999-06,EVI2,Max,
1999-06,GEMI,Mean,
1999-06,GEMI,Min,
1999-06,GEMI,Max,
1999-06,NDVI,Mean,
1999-06,NDVI,Min,
1999-06,NDVI,Max,
1999-06,NDWI,Mean,
1999-06,NDWI,Min,
1999-06,NDWI,Max,
1999-07,BWDRVI,Mean,
1999-07,BWDRVI,Min,
1999-07,BWDRVI,Max,
1999-07,EVI,Mean,
1999-07,EVI,Min,
1999-07,EVI,Max,
1999-07,EVI2,Mean,
1999-07,EVI2,Min,
1999-07,EVI2,Max,
1999-07,GEMI,Mean,
1999-07,GEMI,Min,
1999-07,GEMI,Max,
1999-07,NDVI,Mean,
1999-07,NDVI,Min,
1999-07,NDVI,Max,
1999-07,NDWI,Mean,
1999-07,NDWI,Min,
1999-07,NDWI,Max,
1999-08,BWDRVI,Mean,
1999-08,BWDRVI,Min,
1999-08,BWDRVI,Max,
1999-08,EVI,Mean,
1999-08,EVI,Min,
1999-08,EVI,Max,
1999-08,EVI2,Mean,
1999-08,EVI2,Min,
1999-08,EVI2,Max,
1999-08,GEMI,Mean,
1999-08,GEMI,Min,
1999-08,GEMI,Max,
1999-08,NDVI,Mean,
1999-08,NDVI,Min,
1999-08,NDVI,Max,
1999-08,NDWI,Mean,
1999-08,NDWI,Min,
1999-08,NDWI,Max,
1999-09,BWDRVI,Mean,
1999-09,BWDRVI,Min,
1999-09,BWDRVI,Max,
1999-09,EVI,Mean,
1999-09,EVI,Min,
1999-09,EVI,Max,
1999-09,EVI2,Mean,
1999-09,EVI2,Min,
1999-09,EVI2,Max,
1999-09,GEMI,Mean,
1999-09,GEMI,Min,
1999-09,GEMI,Max,
1999-09,NDVI,Mean,
1999-09,NDVI,Min,
1999-09,NDVI,Max,
1999-09,NDWI,Mean,
1999-09,NDWI,Min,
1999-09,NDWI,Max,
1999-10,BWDRVI,Mean,
1999-10,BWDRVI,Min,
1999-10,BWDRVI,Max,
1999-10,EVI,Mean,
1999-10,EVI,Min,
1999-10,EVI,Max,
1999-10,EVI2,Mean,
1999-10,EVI2,Min,
1999-10,EVI2,Max,
1999-10,GEMI,Mean,
1999-10,GEMI,Min,
1999-10,GEMI,Max,
1999-10,NDVI,Mean,
1999-10,NDVI,Min,
1999-10,NDVI,Max,
1999-10,NDWI,Mean,
1999-10,NDWI,Min,
1999-10,NDWI,Max,
1999-11,BWDRVI,Mean,
1999-11,BWDRVI,Min,
1999-11,BWDRVI,Max,
1999-11,EVI,Mean,
1999-11,EVI,Min,
1999-11,EVI,Max,
1999-11,EVI2,Mean,
1999-11,EVI2,Min,
1999-11,EVI2,Max,
1999-11,GEMI,Mean,
1999-11,GEMI,Min,
1999-11,GEMI,Max,
1999-11,NDVI,Mean,
1999-11,NDVI,Min,
1999-11,NDVI,Max,
1999-11,NDWI,Mean,
1999-11,NDWI,Min,
1999-11,NDWI,Max,
1999-12,BWDRVI,Mean,
1999-12,BWDRVI,Min,
1999-12,BWDRVI,Max,
1999-12,EVI,Mean,
1999-12,EVI,Min,
1999-12,EVI,Max,
1999-12,EVI2,Mean,
1999-12,EVI2,Min,
1999-12,EVI2,Max,
1999-12,GEMI,Mean,
1999-12,GEMI,Min,
1999-12,GEMI,Max,
1999-12,NDVI,Mean,
1999-12,NDVI,Min,
1999-12,NDVI,Max,
1999-12,NDWI,Mean,
1999-12,NDWI,Min,
1999-12,NDWI,Max,
2000-01,BWDRVI,Mean,
2000-01,BWDRVI,Min,
2000-01,BWDRVI,Max,
2000-01,EVI,Mean,
2000-01,EVI,Min,
2000-01,EVI,Max,
2000-01,EVI2,Mean,
2000-01,EVI2,Min,
2000-01,EVI2,Max,
2000-01,GEMI,Mean,
2000-01,GEMI,Min,
2000-01,GEMI,Max,
2000-01,NDVI,Mean,
2000-01,NDVI,Min,
2000-01,NDVI,Max,
2000-01,NDWI,Mean,
2000-01,NDWI,Min,
2000-01,NDWI,Max,
2000-02,BWDRVI,Mean,
2000-02,BWDRVI,Min,
2000-02,BWDRVI,Max,
2000-02,EVI,Mean,
2000-02,EVI,Min,
2000-02,EVI,Max,
2000-02,EVI2,Mean,
2000-02,EVI2,Min,
2000-02,EVI2,Max,
2000-02,GEMI,Mean,
2000-02,GEMI,Min,
2000-02,GEMI,Max,
2000-02,NDVI,Mean,
2000-02,NDVI,Min,
2000-02,NDVI,Max,
2000-02,NDWI,Mean,
2000-02,NDWI,Min,
2000-02,NDWI,Max,
2000-03,BWDRVI,Mean,
2000-03,BWDRVI,Min,
2000-03,BWDRVI,Max,
2000-03,EVI,Mean,
2000-03,EVI,Min,
2000-03,EVI,Max,
2000-03,EVI2,Mean,
2000-03,EVI2,Min,
2000-03,EVI2,Max,
2000-03,GEMI,Mean,
2000-03,GEMI,Min,
2000-03,GEMI,Max,
2000-03,NDVI,Mean,
2000-03,NDVI,Min,
2000-03,NDVI,Max,
2000-03,NDWI,Mean,
2000-03,NDWI,Min,
2000-03,NDWI,Max,
2000-04,BWDRVI,Mean,
2000-04,BWDRVI,Min,
2000-04,BWDRVI,Max,
2000-04,EVI,Mean,
2000-04,EVI,Min,
2000-04,EVI,Max,
2000-04,EVI2,Mean,
2000-04,EVI2,Min,
2000-04,EVI2,Max,
2000-04,GEMI,Mean,
2000-04,GEMI,Min,
2000-04,GEMI,Max,
2000-04,NDVI,Mean,
2000-04,NDVI,Min,
2000-04,NDVI,Max,
2000-04,NDWI,Mean,
2000-04,NDWI,Min,
2000-04,NDWI,Max,
2000-05,BWDRVI,Mean,
2000-05,BWDRVI,Min,
2000-05,BWDRVI,Max,
2000-05,EVI,Mean,
2000-05,EVI,Min,
2000-05,EVI,Max,
2000-05,EVI2,Mean,
2000-05,EVI2,Min,
2000-05,EVI2,Max,
2000-05,GEMI,Mean,
2000-05,GEMI,Min,
2000-05,GEMI,Max,
2000-05,NDVI,Mean,
2000-05,NDVI,Min,
2000-05,NDVI,Max,
2000-05,NDWI,Mean,
2000-05,NDWI,Min,
2000-05,NDWI,Max,
2000-06,BWDRVI,Mean,
2000-06,BWDRVI,Min,
2000-06,BWDRVI,Max,
2000-06,EVI,Mean,
2000-06,EVI,Min,
2000-06,EVI,Max,
2000-06,EVI2,Mean,
2000-06,EVI2,Min,
2000-06,EVI2,Max,
2000-06,GEMI,Mean,
2000-06,GEMI,Min,
2000-06,GEMI,Max,
2000-06,NDVI,Mean,
2000-06,NDVI,Min,
2000-06,NDVI,Max,
2000-06,NDWI,Mean,
2000-06,NDWI,Min,
2000-06,NDWI,Max,
2000-07,BWDRVI,Mean,
2000-07,BWDRVI,Min,
2000-07,BWDRVI,Max,
2000-07,EVI,Mean,
2000-07,EVI,Min,
2000-07,EVI,Max,
2000-07,EVI2,Mean,
2000-07,EVI2,Min,
2000-07,EVI2,Max,
2000-07,GEMI,Mean,
2000-07,GEMI,Min,
2000-07,GEMI,Max,
2000-07,NDVI,Mean,
2000-07,NDVI,Min,
2000-07,NDVI,Max,
2000-07,NDWI,Mean,
2000-07,NDWI,Min,
2000-07,NDWI,Max,
2000-08,BWDRVI,Mean,
2000-08,BWDRVI,Min,
2000-08,BWDRVI,Max,
2000-08,EVI,Mean,
2000-08,EVI,Min,
2000-08,EVI,Max,
2000-08,EVI2,Mean,
2000-08,EVI2,Min,
2000-08,EVI2,Max,
2000-08,GEMI,Mean,
2000-08,GEMI,Min,
2000-08,GEMI,Max,
2000-08,NDVI,Mean,
2000-08,NDVI,Min,
2000-08,NDVI,Max,
2000-08,NDWI,Mean,
2000-08,NDWI,Min,
2000-08,NDWI,Max,
2000-09,BWDRVI,Mean,
2000-09,BWDRVI,Min,
2000-09,BWDRVI,Max,
2000-09,EVI,Mean,
2000-09,EVI,Min,
2000-09,EVI,Max,
2000-09,EVI2,Mean,
2000-09,EVI2,Min,
2000-09,EVI2,Max,
2000-09,GEMI,Mean,
2000-09,GEMI,Min,
2000-09,GEMI,Max,
2000-09,NDVI,Mean,
2000-09,NDVI,Min,
2000-09,NDVI,Max,
2000-09,NDWI,Mean,
2000-09,NDWI,Min,
2000-09,NDWI,Max,
2000-10,BWDRVI,Mean,
2000-10,BWDRVI,Min,
2000-10,BWDRVI,Max,
2000-10,EVI,Mean,
2000-10,EVI,Min,
2000-10,EVI,Max,
2000-10,EVI2,Mean,
2000-10,EVI2,Min,
2000-10,EVI2,Max,
2000-10,GEMI,Mean,
2000-10,GEMI,Min,
2000-10,GEMI,Max,
2000-10,NDVI,Mean,
2000-10,NDVI,Min,
2000-10,NDVI,Max,
2000-10,NDWI,Mean,
2000-10,NDWI,Min,
2000-10,NDWI,Max,
2000-11,BWDRVI,Mean,
2000-11,BWDRVI,Min,
2000-11,BWDRVI,Max,
2000-11,EVI,Mean,
2000-11,EVI,Min,
2000-11,EVI,Max,
2000-11,EVI2,Mean,
2000-11,EVI2,Min,
2000-11,EVI2,Max,
2000-11,GEMI,Mean,
2000-11,GEMI,Min,
2000-11,GEMI,Max,
2000-11,NDVI,Mean,
2000-11,NDVI,Min,
2000-11,NDVI,Max,
2000-11,NDWI,Mean,
2000-11,NDWI,Min,
2000-11,NDWI,Max,
2000-12,BWDRVI,Mean,
2000-12,BWDRVI,Min,
2000-12,BWDRVI,Max,
2000-12,EVI,Mean,
2000-12,EVI,Min,
2000-12,EVI,Max,
2000-12,EVI2,Mean,
2000-12,EVI2,Min,
2000-12,EVI2,Max,
2000-12,GEMI,Mean,
2000-12,GEMI,Min,
2000-12,GEMI,Max,
2000-12,NDVI,Mean,
2000-12,NDVI,Min,
2000-12,NDVI,Max,
2000-12,NDWI,Mean,
2000-12,NDWI,Min,
2000-12,NDWI,Max,
2001-01,BWDRVI,Mean,
2001-01,BWDRVI,Min,
2001-01,BWDRVI,Max,
2001-01,EVI,Mean,
2001-01,EVI,Min,
2001-01,EVI,Max,
2001-01,EVI2,Mean,
2001-01,EVI2,Min,
2001-01,EVI2,Max,
2001-01,GEMI,Mean,
2001-01,GEMI,Min,
2001-01,GEMI,Max,
2001-01,NDVI,Mean,
2001-01,NDVI,Min,
2001-01,NDVI,Max,
2001-01,NDWI,Mean,
2001-01,NDWI,Min,
2001-01,NDWI,Max,
2001-02,BWDRVI,Mean,
2001-02,BWDRVI,Min,
2001-02,BWDRVI,Max,
2001-02,EVI,Mean,
2001-02,EVI,Min,
2001-02,EVI,Max,
2001-02,EVI2,Mean,
2001-02,EVI2,Min,
2001-02,EVI2,Max,
2001-02,GEMI,Mean,
2001-02,GEMI,Min,
2001-02,GEMI,Max,
2001-02,NDVI,Mean,
2001-02,NDVI,Min,
2001-02,NDVI,Max,
2001-02,NDWI,Mean,
2001-02,NDWI,Min,
2001-02,NDWI,Max,
2001-03,BWDRVI,Mean,
2001-03,BWDRVI,Min,
2001-03,BWDRVI,Max,
2001-03,EVI,Mean,
2001-03,EVI,Min,
2001-03,EVI,Max,
2001-03,EVI2,Mean,
2001-03,EVI2,Min,
2001-03,EVI2,Max,
2001-03,GEMI,Mean,
2001-03,GEMI,Min,
2001-03,GEMI,Max,
2001-03,NDVI,Mean,
2001-03,NDVI,Min,
2001-03,NDVI,Max,
2001-03,NDWI,Mean,
2001-03,NDWI,Min,
2001-03,NDWI,Max,
2001-04,BWDRVI,Mean,
2001-04,BWDRVI,Min,
2001-04,BWDRVI,Max,
2001-04,EVI,Mean,
2001-04,EVI,Min,
2001-04,EVI,Max,
2001-04,EVI2,Mean,
2001-04,EVI2,Min,
2001-04,EVI2,Max,
2001-04,GEMI,Mean,
2001-04,GEMI,Min,
2001-04,GEMI,Max,
2001-04,NDVI,Mean,
2001-04,NDVI,Min,
2001-04,NDVI,Max,
2001-04,NDWI,Mean,
2001-04,NDWI,Min,
2001-04,NDWI,Max,
2001-05,BWDRVI,Mean,
2001-05,BWDRVI,Min,
2001-05,BWDRVI,Max,
2001-05,EVI,Mean,
2001-05,EVI,Min,
2001-05,EVI,Max,
2001-05,EVI2,Mean,
2001-05,EVI2,Min,
2001-05,EVI2,Max,
2001-05,GEMI,Mean,
2001-05,GEMI,Min,
2001-05,GEMI,Max,
2001-05,NDVI,Mean,
2001-05,NDVI,Min,
2001-05,NDVI,Max,
2001-05,NDWI,Mean,
2001-05,NDWI,Min,
2001-05,NDWI,Max,
2001-06,BWDRVI,Mean,
2001-06,BWDRVI,Min,
2001-06,BWDRVI,Max,
2001-06,EVI,Mean,
2001-06,EVI,Min,
2001-06,EVI,Max,
2001-06,EVI2,Mean,
2001-06,EVI2,Min,
2001-06,EVI2,Max,
2001-06,GEMI,Mean,
2001-06,GEMI,Min,
2001-06,GEMI,Max,
2001-06,NDVI,Mean,
2001-06,NDVI,Min,
2001-06,NDVI,Max,
2001-06,NDWI,Mean,
2001-06,NDWI,Min,
2001-06,NDWI,Max,
2001-07,BWDRVI,Mean,
2001-07,BWDRVI,Min,
2001-07,BWDRVI,Max,
2001-07,EVI,Mean,
2001-07,EVI,Min,
2001-07,EVI,Max,
2001-07,EVI2,Mean,
2001-07,EVI2,Min,
2001-07,EVI2,Max,
2001-07,GEMI,Mean,
2001-07,GEMI,Min,
2001-07,GEMI,Max,
2001-07,NDVI,Mean,
2001-07,NDVI,Min,
2001-07,NDVI,Max,
2001-07,NDWI,Mean,
2001-07,NDWI,Min,
2001-07,NDWI,Max,
2001-08,BWDRVI,Mean,
2001-08,BWDRVI,Min,
2001-08,BWDRVI,Max,
2001-08,EVI,Mean,
2001-08,EVI,Min,
2001-08,EVI,Max,
2001-08,EVI2,Mean,
2001-08,EVI2,Min,
2001-08,EVI2,Max,
2001-08,GEMI,Mean,
2001-08,GEMI,Min,
2001-08,GEMI,Max,
2001-08,NDVI,Mean,
2001-08,NDVI,Min,
2001-08,NDVI,Max,
2001-08,NDWI,Mean,
2001-08,NDWI,Min,
2001-08,NDWI,Max,
2001-09,BWDRVI,Mean,
2001-09,BWDRVI,Min,
2001-09,BWDRVI,Max,
2001-09,EVI,Mean,
2001-09,EVI,Min,
2001-09,EVI,Max,
2001-09,EVI2,Mean,
2001-09,EVI2,Min,
2001-09,EVI2,Max,
2001-09,GEMI,Mean,
2001-09,GEMI,Min,
2001-09,GEMI,Max,
2001-09,NDVI,Mean,
2001-09,NDVI,Min,
2001-09,NDVI,Max,
2001-09,NDWI,Mean,
2001-09,NDWI,Min,
2001-09,NDWI,Max,
2001-10,BWDRVI,Mean,
2001-10,BWDRVI,Min,
2001-10,BWDRVI,Max,
2001-10,EVI,Mean,
2001-10,EVI,Min,
2001-10,EVI,Max,
2001-10,EVI2,Mean,
2001-10,EVI2,Min,
2001-10,EVI2,Max,
2001-10,GEMI,Mean,
2001-10,GEMI,Min,
2001-10,GEMI,Max,
2001-10,NDVI,Mean,
2001-10,NDVI,Min,
2001-10,NDVI,Max,
2001-10,NDWI,Mean,
2001-10,NDWI,Min,
2001-10,NDWI,Max,
2001-11,BWDRVI,Mean,
2001-11,BWDRVI,Min,
2001-11,BWDRVI,Max,
2001-11,EVI,Mean,
2001-11,EVI,Min,
2001-11,EVI,Max,
2001-11,EVI2,Mean,
2001-11,EVI2,Min,
2001-11,EVI2,Max,
2001-11,GEMI,Mean,
2001-11,GEMI,Min,
2001-11,GEMI,Max,
2001-11,NDVI,Mean,
2001-11,NDVI,Min,
2001-11,NDVI,Max,
2001-11,NDWI,Mean,
2001-11,NDWI,Min,
2001-11,NDWI,Max,
2001-12,BWDRVI,Mean,
2001-12,BWDRVI,Min,
2001-12,BWDRVI,Max,
2001-12,EVI,Mean,
2001-12,EVI,Min,
2001-12,EVI,Max,
2001-12,EVI2,Mean,
2001-12,EVI2,Min,
2001-12,EVI2,Max,
2001-12,GEMI,Mean,
2001-12,GEMI,Min,
2001-12,GEMI,Max,
2001-12,NDVI,Mean,
2001-12,NDVI,Min,
2001-12,NDVI,Max,
2001-12,NDWI,Mean,
2001-12,NDWI,Min,
2001-12,NDWI,Max,
2002-01,BWDRVI,Mean,
2002-01,BWDRVI,Min,
2002-01,BWDRVI,Max,
2002-01,EVI,Mean,
2002-01,EVI,Min,
2002-01,EVI,Max,
2002-01,EVI2,Mean,
2002-01,EVI2,Min,
2002-01,EVI2,Max,
2002-01,GEMI,Mean,
2002-01,GEMI,Min,
2002-01,GEMI,Max,
2002-01,NDVI,Mean,
2002-01,NDVI,Min,
2002-01,NDVI,Max,
2002-01,NDWI,Mean,
2002-01,NDWI,Min,
2002-01,NDWI,Max,
2002-02,BWDRVI,Mean,
2002-02,BWDRVI,Min,
2002-02,BWDRVI,Max,
2002-02,EVI,Mean,
2002-02,EVI,Min,
2002-02,EVI,Max,
2002-02,EVI2,Mean,
2002-02,EVI2,Min,
2002-02,EVI2,Max,
2002-02,GEMI,Mean,
2002-02,GEMI,Min,
2002-02,GEMI,Max,
2002-02,NDVI,Mean,
2002-02,NDVI,Min,
2002-02,NDVI,Max,
2002-02,NDWI,Mean,
2002-02,NDWI,Min,
2002-02,NDWI,Max,
2002-03,BWDRVI,Mean,
2002-03,BWDRVI,Min,
2002-03,BWDRVI,Max,
2002-03,EVI,Mean,
2002-03,EVI,Min,
2002-03,EVI,Max,
2002-03,EVI2,Mean,
2002-03,EVI2,Min,
2002-03,EVI2,Max,
2002-03,GEMI,Mean,
2002-03,GEMI,Min,
2002-03,GEMI,Max,
2002-03,NDVI,Mean,
2002-03,NDVI,Min,
2002-03,NDVI,Max,
2002-03,NDWI,Mean,
2002-03,NDWI,Min,
2002-03,NDWI,Max,
2002-04,BWDRVI,Mean,
2002-04,BWDRVI,Min,
2002-04,BWDRVI,Max,
2002-04,EVI,Mean,
2002-04,EVI,Min,
2002-04,EVI,Max,
2002-04,EVI2,Mean,
2002-04,EVI2,Min,
2002-04,EVI2,Max,
2002-04,GEMI,Mean,
2002-04,GEMI,Min,
2002-04,GEMI,Max,
2002-04,NDVI,Mean,
2002-04,NDVI,Min,
2002-04,NDVI,Max,
2002-04,NDWI,Mean,
2002-04,NDWI,Min,
2002-04,NDWI,Max,
2002-05,BWDRVI,Mean,
2002-05,BWDRVI,Min,
2002-05,BWDRVI,Max,
2002-05,EVI,Mean,
2002-05,EVI,Min,
2002-05,EVI,Max,
2002-05,EVI2,Mean,
2002-05,EVI2,Min,
2002-05,EVI2,Max,
2002-05,GEMI,Mean,
2002-05,GEMI,Min,
2002-05,GEMI,Max,
2002-05,NDVI,Mean,
2002-05,NDVI,Min,
2002-05,NDVI,Max,
2002-05,NDWI,Mean,
2002-05,NDWI,Min,
2002-05,NDWI,Max,
2002-06,BWDRVI,Mean,
2002-06,BWDRVI,Min,
2002-06,BWDRVI,Max,
2002-06,EVI,Mean,
2002-06,EVI,Min,
2002-06,EVI,Max,
2002-06,EVI2,Mean,
2002-06,EVI2,Min,
2002-06,EVI2,Max,
2002-06,GEMI,Mean,
2002-06,GEMI,Min,
2002-06,GEMI,Max,
2002-06,NDVI,Mean,
2002-06,NDVI,Min,
2002-06,NDVI,Max,
2002-06,NDWI,Mean,
2002-06,NDWI,Min,
2002-06,NDWI,Max,
2002-07,BWDRVI,Mean,
2002-07,BWDRVI,Min,
2002-07,BWDRVI,Max,
2002-07,EVI,Mean,
2002-07,EVI,Min,
2002-07,EVI,Max,
2002-07,EVI2,Mean,
2002-07,EVI2,Min,
2002-07,EVI2,Max,
2002-07,GEMI,Mean,
2002-07,GEMI,Min,
2002-07,GEMI,Max,
2002-07,NDVI,Mean,
2002-07,NDVI,Min,
2002-07,NDVI,Max,
2002-07,NDWI,Mean,
2002-07,NDWI,Min,
2002-07,NDWI,Max,
2002-08,BWDRVI,Mean,
2002-08,BWDRVI,Min,
2002-08,BWDRVI,Max,
2002-08,EVI,Mean,
2002-08,EVI,Min,
2002-08,EVI,Max,
2002-08,EVI2,Mean,
2002-08,EVI2,Min,
2002-08,EVI2,Max,
2002-08,GEMI,Mean,
2002-08,GEMI,Min,
2002-08,GEMI,Max,
2002-08,NDVI,Mean,
2002-08,NDVI,Min,
2002-08,NDVI,Max,
2002-08,NDWI,Mean,
2002-08,NDWI,Min,
2002-08,NDWI,Max,
2002-09,BWDRVI,Mean,
2002-09,BWDRVI,Min,
2002-09,BWDRVI,Max,
2002-09,EVI,Mean,
2002-09,EVI,Min,
2002-09,EVI,Max,
2002-09,EVI2,Mean,
2002-09,EVI2,Min,
2002-09,EVI2,Max,
2002-09,GEMI,Mean,
2002-09,GEMI,Min,
2002-09,GEMI,Max,
2002-09,NDVI,Mean,
2002-09,NDVI,Min,
2002-09,NDVI,Max,
2002-09,NDWI,Mean,
2002-09,NDWI,Min,
2002-09,NDWI,Max,
2002-10,BWDRVI,Mean,
2002-10,BWDRVI,Min,
2002-10,BWDRVI,Max,
2002-10,EVI,Mean,
2002-10,EVI,Min,
2002-10,EVI,Max,
2002-10,EVI2,Mean,
2002-10,EVI2,Min,
2002-10,EVI2,Max,
2002-10,GEMI,Mean,
2002-10,GEMI,Min,
2002-10,GEMI,Max,
2002-10,NDVI,Mean,
2002-10,NDVI,Min,
2002-10,NDVI,Max,
2002-10,NDWI,Mean,
2002-10,NDWI,Min,
2002-10,NDWI,Max,
2002-11,BWDRVI,Mean,
2002-11,BWDRVI,Min,
2002-11,BWDRVI,Max,
2002-11,EVI,Mean,
2002-11,EVI,Min,
2002-11,EVI,Max,
2002-11,EVI2,Mean,
2002-11,EVI2,Min,
2002-11,EVI2,Max,
2002-11,GEMI,Mean,
2002-11,GEMI,Min,
2002-11,GEMI,Max,
2002-11,NDVI,Mean,
2002-11,NDVI,Min,
2002-11,NDVI,Max,
2002-11,NDWI,Mean,
2002-11,NDWI,Min,
2002-11,NDWI,Max,
2002-12,BWDRVI,Mean,
2002-12,BWDRVI,Min,
2002-12,BWDRVI,Max,
2002-12,EVI,Mean,
2002-12,EVI,Min,
2002-12,EVI,Max,
2002-12,EVI2,Mean,
2002-12,EVI2,Min,
2002-12,EVI2,Max,
2002-12,GEMI,Mean,
2002-12,GEMI,Min,
2002-12,GEMI,Max,
2002-12,NDVI,Mean,
2002-12,NDVI,Min,
2002-12,NDVI,Max,
2002-12,NDWI,Mean,
2002-12,NDWI,Min,
2002-12,NDWI,Max,
2003-01,BWDRVI,Mean,
2003-01,BWDRVI,Min,
2003-01,BWDRVI,Max,
2003-01,EVI,Mean,
2003-01,EVI,Min,
2003-01,EVI,Max,
2003-01,EVI2,Mean,
2003-01,EVI2,Min,
2003-01,EVI2,Max,
2003-01,GEMI,Mean,
2003-01,GEMI,Min,
2003-01,GEMI,Max,
2003-01,NDVI,Mean,
2003-01,NDVI,Min,
2003-01,NDVI,Max,
2003-01,NDWI,Mean,
2003-01,NDWI,Min,
2003-01,NDWI,Max,
2003-02,BWDRVI,Mean,
2003-02,BWDRVI,Min,
2003-02,BWDRVI,Max,
2003-02,EVI,Mean,
2003-02,EVI,Min,
2003-02,EVI,Max,
2003-02,EVI2,Mean,
2003-02,EVI2,Min,
2003-02,EVI2,Max,
2003-02,GEMI,Mean,
2003-02,GEMI,Min,
2003-02,GEMI,Max,
2003-02,NDVI,Mean,
2003-02,NDVI,Min,
2003-02,NDVI,Max,
2003-02,NDWI,Mean,
2003-02,NDWI,Min,
2003-02,NDWI,Max,
2003-03,BWDRVI,Mean,
2003-03,BWDRVI,Min,
2003-03,BWDRVI,Max,
2003-03,EVI,Mean,
2003-03,EVI,Min,
2003-03,EVI,Max,
2003-03,EVI2,Mean,
2003-03,EVI2,Min,
2003-03,EVI2,Max,
2003-03,GEMI,Mean,
2003-03,GEMI,Min,
2003-03,GEMI,Max,
2003-03,NDVI,Mean,
2003-03,NDVI,Min,
2003-03,NDVI,Max,
2003-03,NDWI,Mean,
2003-03,NDWI,Min,
2003-03,NDWI,Max,
2003-04,BWDRVI,Mean,
2003-04,BWDRVI,Min,
2003-04,BWDRVI,Max,
2003-04,EVI,Mean,
2003-04,EVI,Min,
2003-04,EVI,Max,
2003-04,EVI2,Mean,
2003-04,EVI2,Min,
2003-04,EVI2,Max,
2003-04,GEMI,Mean,
2003-04,GEMI,Min,
2003-04,GEMI,Max,
2003-04,NDVI,Mean,
2003-04,NDVI,Min,
2003-04,NDVI,Max,
2003-04,NDWI,Mean,
2003-04,NDWI,Min,
2003-04,NDWI,Max,
2003-05,BWDRVI,Mean,
2003-05,BWDRVI,Min,
2003-05,BWDRVI,Max,
2003-05,EVI,Mean,
2003-05,EVI,Min,
2003-05,EVI,Max,
2003-05,EVI2,Mean,
2003-05,EVI2,Min,
2003-05,EVI2,Max,
2003-05,GEMI,Mean,
2003-05,GEMI,Min,
2003-05,GEMI,Max,
2003-05,NDVI,Mean,
2003-05,NDVI,Min,
2003-05,NDVI,Max,
2003-05,NDWI,Mean,
2003-05,NDWI,Min,
2003-05,NDWI,Max,
2003-06,BWDRVI,Mean,
2003-06,BWDRVI,Min,
2003-06,BWDRVI,Max,
2003-06,EVI,Mean,
2003-06,EVI,Min,
2003-06,EVI,Max,
2003-06,EVI2,Mean,
2003-06,EVI2,Min,
2003-06,EVI2,Max,
2003-06,GEMI,Mean,
2003-06,GEMI,Min,
2003-06,GEMI,Max,
2003-06,NDVI,Mean,
2003-06,NDVI,Min,
2003-06,NDVI,Max,
2003-06,NDWI,Mean,
2003-06,NDWI,Min,
2003-06,NDWI,Max,
2003-07,BWDRVI,Mean,
2003-07,BWDRVI,Min,
2003-07,BWDRVI,Max,
2003-07,EVI,Mean,
2003-07,EVI,Min,
2003-07,EVI,Max,
2003-07,EVI2,Mean,
2003-07,EVI2,Min,
2003-07,EVI2,Max,
2003-07,GEMI,Mean,
2003-07,GEMI,Min,
2003-07,GEMI,Max,
2003-07,NDVI,Mean,
2003-07,NDVI,Min,
2003-07,NDVI,Max,
2003-07,NDWI,Mean,
2003-07,NDWI,Min,
2003-07,NDWI,Max,
2003-08,BWDRVI,Mean,
2003-08,BWDRVI,Min,
2003-08,BWDRVI,Max,
2003-08,EVI,Mean,
2003-08,EVI,Min,
2003-08,EVI,Max,
2003-08,EVI2,Mean,
2003-08,EVI2,Min,
2003-08,EVI2,Max,
2003-08,GEMI,Mean,
2003-08,GEMI,Min,
2003-08,GEMI,Max,
2003-08,NDVI,Mean,
2003-08,NDVI,Min,
2003-08,NDVI,Max,
2003-08,NDWI,Mean,
2003-08,NDWI,Min,
2003-08,NDWI,Max,
2003-09,BWDRVI,Mean,
2003-09,BWDRVI,Min,
2003-09,BWDRVI,Max,
2003-09,EVI,Mean,
2003-09,EVI,Min,
2003-09,EVI,Max,
2003-09,EVI2,Mean,
2003-09,EVI2,Min,
2003-09,EVI2,Max,
2003-09,GEMI,Mean,
2003-09,GEMI,Min,
2003-09,GEMI,Max,
2003-09,NDVI,Mean,
2003-09,NDVI,Min,
2003-09,NDVI,Max,
2003-09,NDWI,Mean,
2003-09,NDWI,Min,
2003-09,NDWI,Max,
2003-10,BWDRVI,Mean,
2003-10,BWDRVI,Min,
2003-10,BWDRVI,Max,
2003-10,EVI,Mean,
2003-10,EVI,Min,
2003-10,EVI,Max,
2003-10,EVI2,Mean,
2003-10,EVI2,Min,
2003-10,EVI2,Max,
2003-10,GEMI,Mean,
2003-10,GEMI,Min,
2003-10,GEMI,Max,
2003-10,NDVI,Mean,
2003-10,NDVI,Min,
2003-10,NDVI,Max,
2003-10,NDWI,Mean,
2003-10,NDWI,Min,
2003-10,NDWI,Max,
2003-11,BWDRVI,Mean,
2003-11,BWDRVI,Min,
2003-11,BWDRVI,Max,
2003-11,EVI,Mean,
2003-11,EVI,Min,
2003-11,EVI,Max,
2003-11,EVI2,Mean,
2003-11,EVI2,Min,
2003-11,EVI2,Max,
2003-11,GEMI,Mean,
2003-11,GEMI,Min,
2003-11,GEMI,Max,
2003-11,NDVI,Mean,
2003-11,NDVI,Min,
2003-11,NDVI,Max,
2003-11,NDWI,Mean,
2003-11,NDWI,Min,
2003-11,NDWI,Max,
2003-12,BWDRVI,Mean,
2003-12,BWDRVI,Min,
2003-12,BWDRVI,Max,
2003-12,EVI,Mean,
2003-12,EVI,Min,
2003-12,EVI,Max,
2003-12,EVI2,Mean,
2003-12,EVI2,Min,
2003-12,EVI2,Max,
2003-12,GEMI,Mean,
2003-12,GEMI,Min,
2003-12,GEMI,Max,
2003-12,NDVI,Mean,
2003-12,NDVI,Min,
2003-12,NDVI,Max,
2003-12,NDWI,Mean,
2003-12,NDWI,Min,
2003-12,NDWI,Max,
2004-01,BWDRVI,Mean,
2004-01,BWDRVI,Min,
2004-01,BWDRVI,Max,
2004-01,EVI,Mean,
2004-01,EVI,Min,
2004-01,EVI,Max,
2004-01,EVI2,Mean,
2004-01,EVI2,Min,
2004-01,EVI2,Max,
2004-01,GEMI,Mean,
2004-01,GEMI,Min,
2004-01,GEMI,Max,
2004-01,NDVI,Mean,
2004-01,NDVI,Min,
2004-01,NDVI,Max,
2004-01,NDWI,Mean,
2004-01,NDWI,Min,
2004-01,NDWI,Max,
2004-02,BWDRVI,Mean,
2004-02,BWDRVI,Min,
2004-02,BWDRVI,Max,
2004-02,EVI,Mean,
2004-02,EVI,Min,
2004-02,EVI,Max,
2004-02,EVI2,Mean,
2004-02,EVI2,Min,
2004-02,EVI2,Max,
2004-02,GEMI,Mean,
2004-02,GEMI,Min,
2004-02,GEMI,Max,
2004-02,NDVI,Mean,
2004-02,NDVI,Min,
2004-02,NDVI,Max,
2004-02,NDWI,Mean,
2004-02,NDWI,Min,
2004-02,NDWI,Max,
2004-03,BWDRVI,Mean,
2004-03,BWDRVI,Min,
2004-03,BWDRVI,Max,
2004-03,EVI,Mean,
2004-03,EVI,Min,
2004-03,EVI,Max,
2004-03,EVI2,Mean,
2004-03,EVI2,Min,
2004-03,EVI2,Max,
2004-03,GEMI,Mean,
2004-03,GEMI,Min,
2004-03,GEMI,Max,
2004-03,NDVI,Mean,
2004-03,NDVI,Min,
2004-03,NDVI,Max,
2004-03,NDWI,Mean,
2004-03,NDWI,Min,
2004-03,NDWI,Max,
2004-04,BWDRVI,Mean,
2004-04,BWDRVI,Min,
2004-04,BWDRVI,Max,
2004-04,EVI,Mean,
2004-04,EVI,Min,
2004-04,EVI,Max,
2004-04,EVI2,Mean,
2004-04,EVI2,Min,
2004-04,EVI2,Max,
2004-04,GEMI,Mean,
2004-04,GEMI,Min,
2004-04,GEMI,Max,
2004-04,NDVI,Mean,
2004-04,NDVI,Min,
2004-04,NDVI,Max,
2004-04,NDWI,Mean,
2004-04,NDWI,Min,
2004-04,NDWI,Max,
2004-05,BWDRVI,Mean,
2004-05,BWDRVI,Min,
2004-05,BWDRVI,Max,
2004-05,EVI,Mean,
2004-05,EVI,Min,
2004-05,EVI,Max,
2004-05,EVI2,Mean,
2004-05,EVI2,Min,
2004-05,EVI2,Max,
2004-05,GEMI,Mean,
2004-05,GEMI,Min,
2004-05,GEMI,Max,
2004-05,NDVI,Mean,
2004-05,NDVI,Min,
2004-05,NDVI,Max,
2004-05,NDWI,Mean,
2004-05,NDWI,Min,
2004-05,NDWI,Max,
2004-06,BWDRVI,Mean,
2004-06,BWDRVI,Min,
2004-06,BWDRVI,Max,
2004-06,EVI,Mean,
2004-06,EVI,Min,
2004-06,EVI,Max,
2004-06,EVI2,Mean,
2004-06,EVI2,Min,
2004-06,EVI2,Max,
2004-06,GEMI,Mean,
2004-06,GEMI,Min,
2004-06,GEMI,Max,
2004-06,NDVI,Mean,
2004-06,NDVI,Min,
2004-06,NDVI,Max,
2004-06,NDWI,Mean,
2004-06,NDWI,Min,
2004-06,NDWI,Max,
2004-07,BWDRVI,Mean,
2004-07,BWDRVI,Min,
2004-07,BWDRVI,Max,
2004-07,EVI,Mean,
2004-07,EVI,Min,
2004-07,EVI,Max,
2004-07,EVI2,Mean,
2004-07,EVI2,Min,
2004-07,EVI2,Max,
2004-07,GEMI,Mean,
2004-07,GEMI,Min,
2004-07,GEMI,Max,
2004-07,NDVI,Mean,
2004-07,NDVI,Min,
2004-07,NDVI,Max,
2004-07,NDWI,Mean,
2004-07,NDWI,Min,
2004-07,NDWI,Max,
2004-08,BWDRVI,Mean,
2004-08,BWDRVI,Min,
2004-08,BWDRVI,Max,
2004-08,EVI,Mean,
2004-08,EVI,Min,
2004-08,EVI,Max,
2004-08,EVI2,Mean,
2004-08,EVI2,Min,
2004-08,EVI2,Max,
2004-08,GEMI,Mean,
2004-08,GEMI,Min,
2004-08,GEMI,Max,
2004-08,NDVI,Mean,
2004-08,NDVI,Min,
2004-08,NDVI,Max,
2004-08,NDWI,Mean,
2004-08,NDWI,Min,
2004-08,NDWI,Max,
2004-09,BWDRVI,Mean,
2004-09,BWDRVI,Min,
2004-09,BWDRVI,Max,
2004-09,EVI,Mean,
2004-09,EVI,Min,
2004-09,EVI,Max,
2004-09,EVI2,Mean,
2004-09,EVI2,Min,
2004-09,EVI2,Max,
2004-09,GEMI,Mean,
2004-09,GEMI,Min,
2004-09,GEMI,Max,
2004-09,NDVI,Mean,
2004-09,NDVI,Min,
2004-09,NDVI,Max,
2004-09,NDWI,Mean,
2004-09,NDWI,Min,
2004-09,NDWI,Max,
2004-10,BWDRVI,Mean,
2004-10,BWDRVI,Min,
2004-10,BWDRVI,Max,
2004-10,EVI,Mean,
2004-10,EVI,Min,
2004-10,EVI,Max,
2004-10,EVI2,Mean,
2004-10,EVI2,Min,
2004-10,EVI2,Max,
2004-10,GEMI,Mean,
2004-10,GEMI,Min,
2004-10,GEMI,Max,
2004-10,NDVI,Mean,
2004-10,NDVI,Min,
2004-10,NDVI,Max,
2004-10,NDWI,Mean,
2004-10,NDWI,Min,
2004-10,NDWI,Max,
2004-11,BWDRVI,Mean,
2004-11,BWDRVI,Min,
2004-11,BWDRVI,Max,
2004-11,EVI,Mean,
2004-11,EVI,Min,
2004-11,EVI,Max,
2004-11,EVI2,Mean,
2004-11,EVI2,Min,
2004-11,EVI2,Max,
2004-11,GEMI,Mean,
2004-11,GEMI,Min,
2004-11,GEMI,Max,
2004-11,NDVI,Mean,
2004-11,NDVI,Min,
2004-11,NDVI,Max,
2004-11,NDWI,Mean,
2004-11,NDWI,Min,
2004-11,NDWI,Max,
2004-12,BWDRVI,Mean,
2004-12,BWDRVI,Min,
2004-12,BWDRVI,Max,
2004-12,EVI,Mean,
2004-12,EVI,Min,
2004-12,EVI,Max,
2004-12,EVI2,Mean,
2004-12,EVI2,Min,
2004-12,EVI2,Max,
2004-12,GEMI,Mean,
2004-12,GEMI,Min,
2004-12,GEMI,Max,
2004-12,NDVI,Mean,
2004-12,NDVI,Min,
2004-12,NDVI,Max,
2004-12,NDWI,Mean,
2004-12,NDWI,Min,
2004-12,NDWI,Max,
2005-01,BWDRVI,Mean,
2005-01,BWDRVI,Min,
2005-01,BWDRVI,Max,
2005-01,EVI,Mean,
2005-01,EVI,Min,
2005-01,EVI,Max,
2005-01,EVI2,Mean,
2005-01,EVI2,Min,
2005-01,EVI2,Max,
2005-01,GEMI,Mean,
2005-01,GEMI,Min,
2005-01,GEMI,Max,
2005-01,NDVI,Mean,
2005-01,NDVI,Min,
2005-01,NDVI,Max,
2005-01,NDWI,Mean,
2005-01,NDWI,Min,
2005-01,NDWI,Max,
2005-02,BWDRVI,Mean,
2005-02,BWDRVI,Min,
2005-02,BWDRVI,Max,
2005-02,EVI,Mean,
2005-02,EVI,Min,
2005-02,EVI,Max,
2005-02,EVI2,Mean,
2005-02,EVI2,Min,
2005-02,EVI2,Max,
2005-02,GEMI,Mean,
2005-02,GEMI,Min,
2005-02,GEMI,Max,
2005-02,NDVI,Mean,
2005-02,NDVI,Min,
2005-02,NDVI,Max,
2005-02,NDWI,Mean,
2005-02,NDWI,Min,
2005-02,NDWI,Max,
2005-03,BWDRVI,Mean,
2005-03,BWDRVI,Min,
2005-03,BWDRVI,Max,
2005-03,EVI,Mean,
2005-03,EVI,Min,
2005-03,EVI,Max,
2005-03,EVI2,Mean,
2005-03,EVI2,Min,
2005-03,EVI2,Max,
2005-03,GEMI,Mean,
2005-03,GEMI,Min,
2005-03,GEMI,Max,
2005-03,NDVI,Mean,
2005-03,NDVI,Min,
2005-03,NDVI,Max,
2005-03,NDWI,Mean,
2005-03,NDWI,Min,
2005-03,NDWI,Max,
2005-04,BWDRVI,Mean,
2005-04,BWDRVI,Min,
2005-04,BWDRVI,Max,
2005-04,EVI,Mean,
2005-04,EVI,Min,
2005-04,EVI,Max,
2005-04,EVI2,Mean,
2005-04,EVI2,Min,
2005-04,EVI2,Max,
2005-04,GEMI,Mean,
2005-04,GEMI,Min,
2005-04,GEMI,Max,
2005-04,NDVI,Mean,
2005-04,NDVI,Min,
2005-04,NDVI,Max,
2005-04,NDWI,Mean,
2005-04,NDWI,Min,
2005-04,NDWI,Max,
2005-05,BWDRVI,Mean,
2005-05,BWDRVI,Min,
2005-05,BWDRVI,Max,
2005-05,EVI,Mean,
2005-05,EVI,Min,
2005-05,EVI,Max,
2005-05,EVI2,Mean,
2005-05,EVI2,Min,
2005-05,EVI2,Max,
2005-05,GEMI,Mean,
2005-05,GEMI,Min,
2005-05,GEMI,Max,
2005-05,NDVI,Mean,
2005-05,NDVI,Min,
2005-05,NDVI,Max,
2005-05,NDWI,Mean,
2005-05,NDWI,Min,
2005-05,NDWI,Max,
2005-06,BWDRVI,Mean,
2005-06,BWDRVI,Min,
2005-06,BWDRVI,Max,
2005-06,EVI,Mean,
2005-06,EVI,Min,
2005-06,EVI,Max,
2005-06,EVI2,Mean,
2005-06,EVI2,Min,
2005-06,EVI2,Max,
2005-06,GEMI,Mean,
2005-06,GEMI,Min,
2005-06,GEMI,Max,
2005-06,NDVI,Mean,
2005-06,NDVI,Min,
2005-06,NDVI,Max,
2005-06,NDWI,Mean,
2005-06,NDWI,Min,
2005-06,NDWI,Max,
2005-07,BWDRVI,Mean,
2005-07,BWDRVI,Min,
2005-07,BWDRVI,Max,
2005-07,EVI,Mean,
2005-07,EVI,Min,
2005-07,EVI,Max,
2005-07,EVI2,Mean,
2005-07,EVI2,Min,
2005-07,EVI2,Max,
2005-07,GEMI,Mean,
2005-07,GEMI,Min,
2005-07,GEMI,Max,
2005-07,NDVI,Mean,
2005-07,NDVI,Min,
2005-07,NDVI,Max,
2005-07,NDWI,Mean,
2005-07,NDWI,Min,
2005-07,NDWI,Max,
2005-08,BWDRVI,Mean,
2005-08,BWDRVI,Min,
2005-08,BWDRVI,Max,
2005-08,EVI,Mean,
2005-08,EVI,Min,
2005-08,EVI,Max,
2005-08,EVI2,Mean,
2005-08,EVI2,Min,
2005-08,EVI2,Max,
2005-08,GEMI,Mean,
2005-08,GEMI,Min,
2005-08,GEMI,Max,
2005-08,NDVI,Mean,
2005-08,NDVI,Min,
2005-08,NDVI,Max,
2005-08,NDWI,Mean,
2005-08,NDWI,Min,
2005-08,NDWI,Max,
2005-09,BWDRVI,Mean,
2005-09,BWDRVI,Min,
2005-09,BWDRVI,Max,
2005-09,EVI,Mean,
2005-09,EVI,Min,
2005-09,EVI,Max,
2005-09,EVI2,Mean,
2005-09,EVI2,Min,
2005-09,EVI2,Max,
2005-09,GEMI,Mean,
2005-09,GEMI,Min,
2005-09,GEMI,Max,
2005-09,NDVI,Mean,
2005-09,NDVI,Min,
2005-09,NDVI,Max,
2005-09,NDWI,Mean,
2005-09,NDWI,Min,
2005-09,NDWI,Max,
2005-10,BWDRVI,Mean,
2005-10,BWDRVI,Min,
2005-10,BWDRVI,Max,
2005-10,EVI,Mean,
2005-10,EVI,Min,
2005-10,EVI,Max,
2005-10,EVI2,Mean,
2005-10,EVI2,Min,
2005-10,EVI2,Max,
2005-10,GEMI,Mean,
2005-10,GEMI,Min,
2005-10,GEMI,Max,
2005-10,NDVI,Mean,
2005-10,NDVI,Min,
2005-10,NDVI,Max,
2005-10,NDWI,Mean,
2005-10,NDWI,Min,
2005-10,NDWI,Max,
2005-11,BWDRVI,Mean,
2005-11,BWDRVI,Min,
2005-11,BWDRVI,Max,
2005-11,EVI,Mean,
2005-11,EVI,Min,
2005-11,EVI,Max,
2005-11,EVI2,Mean,
2005-11,EVI2,Min,
2005-11,EVI2,Max,
2005-11,GEMI,Mean,
2005-11,GEMI,Min,
2005-11,GEMI,Max,
2005-11,NDVI,Mean,
2005-11,NDVI,Min,
2005-11,NDVI,Max,
2005-11,NDWI,Mean,
2005-11,NDWI,Min,
2005-11,NDWI,Max,
2005-12,BWDRVI,Mean,
2005-12,BWDRVI,Min,
2005-12,BWDRVI,Max,
2005-12,EVI,Mean,
2005-12,EVI,Min,
2005-12,EVI,Max,
2005-12,EVI2,Mean,
2005-12,EVI2,Min,
2005-12,EVI2,Max,
2005-12,GEMI,Mean,
2005-12,GEMI,Min,
2005-12,GEMI,Max,
2005-12,NDVI,Mean,
2005-12,NDVI,Min,
2005-12,NDVI,Max,
2005-12,NDWI,Mean,
2005-12,NDWI,Min,
2005-12,NDWI,Max,
2006-01,BWDRVI,Mean,
2006-01,BWDRVI,Min,
2006-01,BWDRVI,Max,
2006-01,EVI,Mean,
2006-01,EVI,Min,
2006-01,EVI,Max,
2006-01,EVI2,Mean,
2006-01,EVI2,Min,
2006-01,EVI2,Max,
2006-01,GEMI,Mean,
2006-01,GEMI,Min,
2006-01,GEMI,Max,
2006-01,NDVI,Mean,
2006-01,NDVI,Min,
2006-01,NDVI,Max,
2006-01,NDWI,Mean,
2006-01,NDWI,Min,
2006-01,NDWI,Max,
2006-02,BWDRVI,Mean,
2006-02,BWDRVI,Min,
2006-02,BWDRVI,Max,
2006-02,EVI,Mean,
2006-02,EVI,Min,
2006-02,EVI,Max,
2006-02,EVI2,Mean,
2006-02,EVI2,Min,
2006-02,EVI2,Max,
2006-02,GEMI,Mean,
2006-02,GEMI,Min,
2006-02,GEMI,Max,
2006-02,NDVI,Mean,
2006-02,NDVI,Min,
2006-02,NDVI,Max,
2006-02,NDWI,Mean,
2006-02,NDWI,Min,
2006-02,NDWI,Max,
2006-03,BWDRVI,Mean,
2006-03,BWDRVI,Min,
2006-03,BWDRVI,Max,
2006-03,EVI,Mean,
2006-03,EVI,Min,
2006-03,EVI,Max,
2006-03,EVI2,Mean,
2006-03,EVI2,Min,
2006-03,EVI2,Max,
2006-03,GEMI,Mean,
2006-03,GEMI,Min,
2006-03,GEMI,Max,
2006-03,NDVI,Mean,
2006-03,NDVI,Min,
2006-03,NDVI,Max,
2006-03,NDWI,Mean,
2006-03,NDWI,Min,
2006-03,NDWI,Max,
2006-04,BWDRVI,Mean,
2006-04,BWDRVI,Min,
2006-04,BWDRVI,Max,
2006-04,EVI,Mean,
2006-04,EVI,Min,
2006-04,EVI,Max,
2006-04,EVI2,Mean,
2006-04,EVI2,Min,
2006-04,EVI2,Max,
2006-04,GEMI,Mean,
2006-04,GEMI,Min,
2006-04,GEMI,Max,
2006-04,NDVI,Mean,
2006-04,NDVI,Min,
2006-04,NDVI,Max,
2006-04,NDWI,Mean,
2006-04,NDWI,Min,
2006-04,NDWI,Max,
2006-05,BWDRVI,Mean,
2006-05,BWDRVI,Min,
2006-05,BWDRVI,Max,
2006-05,EVI,Mean,
2006-05,EVI,Min,
2006-05,EVI,Max,
2006-05,EVI2,Mean,
2006-05,EVI2,Min,
2006-05,EVI2,Max,
2006-05,GEMI,Mean,
2006-05,GEMI,Min,
2006-05,GEMI,Max,
2006-05,NDVI,Mean,
2006-05,NDVI,Min,
2006-05,NDVI,Max,
2006-05,NDWI,Mean,
2006-05,NDWI,Min,
2006-05,NDWI,Max,
2006-06,BWDRVI,Mean,
2006-06,BWDRVI,Min,
2006-06,BWDRVI,Max,
2006-06,EVI,Mean,
2006-06,EVI,Min,
2006-06,EVI,Max,
2006-06,EVI2,Mean,
2006-06,EVI2,Min,
2006-06,EVI2,Max,
2006-06,GEMI,Mean,
2006-06,GEMI,Min,
2006-06,GEMI,Max,
2006-06,NDVI,Mean,
2006-06,NDVI,Min,
2006-06,NDVI,Max,
2006-06,NDWI,Mean,
2006-06,NDWI,Min,
2006-06,NDWI,Max,
2006-07,BWDRVI,Mean,
2006-07,BWDRVI,Min,
2006-07,BWDRVI,Max,
2006-07,EVI,Mean,
2006-07,EVI,Min,
2006-07,EVI,Max,
2006-07,EVI2,Mean,
2006-07,EVI2,Min,
2006-07,EVI2,Max,
2006-07,GEMI,Mean,
2006-07,GEMI,Min,
2006-07,GEMI,Max,
2006-07,NDVI,Mean,
2006-07,NDVI,Min,
2006-07,NDVI,Max,
2006-07,NDWI,Mean,
2006-07,NDWI,Min,
2006-07,NDWI,Max,
2006-08,BWDRVI,Mean,
2006-08,BWDRVI,Min,
2006-08,BWDRVI,Max,
2006-08,EVI,Mean,
2006-08,EVI,Min,
2006-08,EVI,Max,
2006-08,EVI2,Mean,
2006-08,EVI2,Min,
2006-08,EVI2,Max,
2006-08,GEMI,Mean,
2006-08,GEMI,Min,
2006-08,GEMI,Max,
2006-08,NDVI,Mean,
2006-08,NDVI,Min,
2006-08,NDVI,Max,
2006-08,NDWI,Mean,
2006-08,NDWI,Min,
2006-08,NDWI,Max,
2006-09,BWDRVI,Mean,
2006-09,BWDRVI,Min,
2006-09,BWDRVI,Max,
2006-09,EVI,Mean,
2006-09,EVI,Min,
2006-09,EVI,Max,
2006-09,EVI2,Mean,
2006-09,EVI2,Min,
2006-09,EVI2,Max,
2006-09,GEMI,Mean,
2006-09,GEMI,Min,
2006-09,GEMI,Max,
2006-09,NDVI,Mean,
2006-09,NDVI,Min,
2006-09,NDVI,Max,
2006-09,NDWI,Mean,
2006-09,NDWI,Min,
2006-09,NDWI,Max,
2006-10,BWDRVI,Mean,
2006-10,BWDRVI,Min,
2006-10,BWDRVI,Max,
2006-10,EVI,Mean,
2006-10,EVI,Min,
2006-10,EVI,Max,
2006-10,EVI2,Mean,
2006-10,EVI2,Min,
2006-10,EVI2,Max,
2006-10,GEMI,Mean,
2006-10,GEMI,Min,
2006-10,GEMI,Max,
2006-10,NDVI,Mean,
2006-10,NDVI,Min,
2006-10,NDVI,Max,
2006-10,NDWI,Mean,
2006-10,NDWI,Min,
2006-10,NDWI,Max,
2006-11,BWDRVI,Mean,
2006-11,BWDRVI,Min,
2006-11,BWDRVI,Max,
2006-11,EVI,Mean,
2006-11,EVI,Min,
2006-11,EVI,Max,
2006-11,EVI2,Mean,
2006-11,EVI2,Min,
2006-11,EVI2,Max,
2006-11,GEMI,Mean,
2006-11,GEMI,Min,
2006-11,GEMI,Max,
2006-11,NDVI,Mean,
2006-11,NDVI,Min,
2006-11,NDVI,Max,
2006-11,NDWI,Mean,
2006-11,NDWI,Min,
2006-11,NDWI,Max,
2006-12,BWDRVI,Mean,
2006-12,BWDRVI,Min,
2006-12,BWDRVI,Max,
2006-12,EVI,Mean,
2006-12,EVI,Min,
2006-12,EVI,Max,
2006-12,EVI2,Mean,
2006-12,EVI2,Min,
2006-12,EVI2,Max,
2006-12,GEMI,Mean,
2006-12,GEMI,Min,
2006-12,GEMI,Max,
2006-12,NDVI,Mean,
2006-12,NDVI,Min,
2006-12,NDVI,Max,
2006-12,NDWI,Mean,
2006-12,NDWI,Min,
2006-12,NDWI,Max,
2007-01,BWDRVI,Mean,
2007-01,BWDRVI,Min,
2007-01,BWDRVI,Max,
2007-01,EVI,Mean,
2007-01,EVI,Min,
2007-01,EVI,Max,
2007-01,EVI2,Mean,
2007-01,EVI2,Min,
2007-01,EVI2,Max,
2007-01,GEMI,Mean,
2007-01,GEMI,Min,
2007-01,GEMI,Max,
2007-01,NDVI,Mean,
2007-01,NDVI,Min,
2007-01,NDVI,Max,
2007-01,NDWI,Mean,
2007-01,NDWI,Min,
2007-01,NDWI,Max,
2007-02,BWDRVI,Mean,
2007-02,BWDRVI,Min,
2007-02,BWDRVI,Max,
2007-02,EVI,Mean,
2007-02,EVI,Min,
2007-02,EVI,Max,
2007-02,EVI2,Mean,
2007-02,EVI2,Min,
2007-02,EVI2,Max,
2007-02,GEMI,Mean,
2007-02,GEMI,Min,
2007-02,GEMI,Max,
2007-02,NDVI,Mean,
2007-02,NDVI,Min,
2007-02,NDVI,Max,
2007-02,NDWI,Mean,
2007-02,NDWI,Min,
2007-02,NDWI,Max,
2007-03,BWDRVI,Mean,
2007-03,BWDRVI,Min,
2007-03,BWDRVI,Max,
2007-03,EVI,Mean,
2007-03,EVI,Min,
2007-03,EVI,Max,
2007-03,EVI2,Mean,
2007-03,EVI2,Min,
2007-03,EVI2,Max,
2007-03,GEMI,Mean,
2007-03,GEMI,Min,
2007-03,GEMI,Max,
2007-03,NDVI,Mean,
2007-03,NDVI,Min,
2007-03,NDVI,Max,
2007-03,NDWI,Mean,
2007-03,NDWI,Min,
2007-03,NDWI,Max,
2007-04,BWDRVI,Mean,
2007-04,BWDRVI,Min,
2007-04,BWDRVI,Max,
2007-04,EVI,Mean,
2007-04,EVI,Min,
2007-04,EVI,Max,
2007-04,EVI2,Mean,
2007-04,EVI2,Min,
2007-04,EVI2,Max,
2007-04,GEMI,Mean,
2007-04,GEMI,Min,
2007-04,GEMI,Max,
2007-04,NDVI,Mean,
2007-04,NDVI,Min,
2007-04,NDVI,Max,
2007-04,NDWI,Mean,
2007-04,NDWI,Min,
2007-04,NDWI,Max,
2007-05,BWDRVI,Mean,
2007-05,BWDRVI,Min,
2007-05,BWDRVI,Max,
2007-05,EVI,Mean,
2007-05,EVI,Min,
2007-05,EVI,Max,
2007-05,EVI2,Mean,
2007-05,EVI2,Min,
2007-05,EVI2,Max,
2007-05,GEMI,Mean,
2007-05,GEMI,Min,
2007-05,GEMI,Max,
2007-05,NDVI,Mean,
2007-05,NDVI,Min,
2007-05,NDVI,Max,
2007-05,NDWI,Mean,
2007-05,NDWI,Min,
2007-05,NDWI,Max,
2007-06,BWDRVI,Mean,
2007-06,BWDRVI,Min,
2007-06,BWDRVI,Max,
2007-06,EVI,Mean,
2007-06,EVI,Min,
2007-06,EVI,Max,
2007-06,EVI2,Mean,
2007-06,EVI2,Min,
2007-06,EVI2,Max,
2007-06,GEMI,Mean,
2007-06,GEMI,Min,
2007-06,GEMI,Max,
2007-06,NDVI,Mean,
2007-06,NDVI,Min,
2007-06,NDVI,Max,
2007-06,NDWI,Mean,
2007-06,NDWI,Min,
2007-06,NDWI,Max,
2007-07,BWDRVI,Mean,
2007-07,BWDRVI,Min,
2007-07,BWDRVI,Max,
2007-07,EVI,Mean,
2007-07,EVI,Min,
2007-07,EVI,Max,
2007-07,EVI2,Mean,
2007-07,EVI2,Min,
2007-07,EVI2,Max,
2007-07,GEMI,Mean,
2007-07,GEMI,Min,
2007-07,GEMI,Max,
2007-07,NDVI,Mean,
2007-07,NDVI,Min,
2007-07,NDVI,Max,
2007-07,NDWI,Mean,
2007-07,NDWI,Min,
2007-07,NDWI,Max,
2007-08,BWDRVI,Mean,
2007-08,BWDRVI,Min,
2007-08,BWDRVI,Max,
2007-08,EVI,Mean,
2007-08,EVI,Min,
2007-08,EVI,Max,
2007-08,EVI2,Mean,
2007-08,EVI2,Min,
2007-08,EVI2,Max,
2007-08,GEMI,Mean,
2007-08,GEMI,Min,
2007-08,GEMI,Max,
2007-08,NDVI,Mean,
2007-08,NDVI,Min,
2007-08,NDVI,Max,
2007-08,NDWI,Mean,
2007-08,NDWI,Min,
2007-08,NDWI,Max,
2007-09,BWDRVI,Mean,
2007-09,BWDRVI,Min,
2007-09,BWDRVI,Max,
2007-09,EVI,Mean,
2007-09,EVI,Min,
2007-09,EVI,Max,
2007-09,EVI2,Mean,
2007-09,EVI2,Min,
2007-09,EVI2,Max,
2007-09,GEMI,Mean,
2007-09,GEMI,Min,
2007-09,GEMI,Max,
2007-09,NDVI,Mean,
2007-09,NDVI,Min,
2007-09,NDVI,Max,
2007-09,NDWI,Mean,
2007-09,NDWI,Min,
2007-09,NDWI,Max,
2007-10,BWDRVI,Mean,
2007-10,BWDRVI,Min,
2007-10,BWDRVI,Max,
2007-10,EVI,Mean,
2007-10,EVI,Min,
2007-10,EVI,Max,
2007-10,EVI2,Mean,
2007-10,EVI2,Min,
2007-10,EVI2,Max,
2007-10,GEMI,Mean,
2007-10,GEMI,Min,
2007-10,GEMI,Max,
2007-10,NDVI,Mean,
2007-10,NDVI,Min,
2007-10,NDVI,Max,
2007-10,NDWI,Mean,
2007-10,NDWI,Min,
2007-10,NDWI,Max,
2007-11,BWDRVI,Mean,
2007-11,BWDRVI,Min,
2007-11,BWDRVI,Max,
2007-11,EVI,Mean,
2007-11,EVI,Min,
2007-11,EVI,Max,
2007-11,EVI2,Mean,
2007-11,EVI2,Min,
2007-11,EVI2,Max,
2007-11,GEMI,Mean,
2007-11,GEMI,Min,
2007-11,GEMI,Max,
2007-11,NDVI,Mean,
2007-11,NDVI,Min,
2007-11,NDVI,Max,
2007-11,NDWI,Mean,
2007-11,NDWI,Min,
2007-11,NDWI,Max,
2007-12,BWDRVI,Mean,
2007-12,BWDRVI,Min,
2007-12,BWDRVI,Max,
2007-12,EVI,Mean,
2007-12,EVI,Min,
2007-12,EVI,Max,
2007-12,EVI2,Mean,
2007-12,EVI2,Min,
2007-12,EVI2,Max,
2007-12,GEMI,Mean,
2007-12,GEMI,Min,
2007-12,GEMI,Max,
2007-12,NDVI,Mean,
2007-12,NDVI,Min,
2007-12,NDVI,Max,
2007-12,NDWI,Mean,
2007-12,NDWI,Min,
2007-12,NDWI,Max,
2008-01,BWDRVI,Mean,
2008-01,BWDRVI,Min,
2008-01,BWDRVI,Max,
2008-01,EVI,Mean,
2008-01,EVI,Min,
2008-01,EVI,Max,
2008-01,EVI2,Mean,
2008-01,EVI2,Min,
2008-01,EVI2,Max,
2008-01,GEMI,Mean,
2008-01,GEMI,Min,
2008-01,GEMI,Max,
2008-01,NDVI,Mean,
2008-01,NDVI,Min,
2008-01,NDVI,Max,
2008-01,NDWI,Mean,
2008-01,NDWI,Min,
2008-01,NDWI,Max,
2008-02,BWDRVI,Mean,
2008-02,BWDRVI,Min,
2008-02,BWDRVI,Max,
2008-02,EVI,Mean,
2008-02,EVI,Min,
2008-02,EVI,Max,
2008-02,EVI2,Mean,
2008-02,EVI2,Min,
2008-02,EVI2,Max,
2008-02,GEMI,Mean,
2008-02,GEMI,Min,
2008-02,GEMI,Max,
2008-02,NDVI,Mean,
2008-02,NDVI,Min,
2008-02,NDVI,Max,
2008-02,NDWI,Mean,
2008-02,NDWI,Min,
2008-02,NDWI,Max,
2008-03,BWDRVI,Mean,
2008-03,BWDRVI,Min,
2008-03,BWDRVI,Max,
2008-03,EVI,Mean,
2008-03,EVI,Min,
2008-03,EVI,Max,
2008-03,EVI2,Mean,
2008-03,EVI2,Min,
2008-03,EVI2,Max,
2008-03,GEMI,Mean,
2008-03,GEMI,Min,
2008-03,GEMI,Max,
2008-03,NDVI,Mean,
2008-03,NDVI,Min,
2008-03,NDVI,Max,
2008-03,NDWI,Mean,
2008-03,NDWI,Min,
2008-03,NDWI,Max,
2008-04,BWDRVI,Mean,
2008-04,BWDRVI,Min,
2008-04,BWDRVI,Max,
2008-04,EVI,Mean,
2008-04,EVI,Min,
2008-04,EVI,Max,
2008-04,EVI2,Mean,
2008-04,EVI2,Min,
2008-04,EVI2,Max,
2008-04,GEMI,Mean,
2008-04,GEMI,Min,
2008-04,GEMI,Max,
2008-04,NDVI,Mean,
2008-04,NDVI,Min,
2008-04,NDVI,Max,
2008-04,NDWI,Mean,
2008-04,NDWI,Min,
2008-04,NDWI,Max,
2008-05,BWDRVI,Mean,
2008-05,BWDRVI,Min,
2008-05,BWDRVI,Max,
2008-05,EVI,Mean,
2008-05,EVI,Min,
2008-05,EVI,Max,
2008-05,EVI2,Mean,
2008-05,EVI2,Min,
2008-05,EVI2,Max,
2008-05,GEMI,Mean,
2008-05,GEMI,Min,
2008-05,GEMI,Max,
2008-05,NDVI,Mean,
2008-05,NDVI,Min,
2008-05,NDVI,Max,
2008-05,NDWI,Mean,
2008-05,NDWI,Min,
2008-05,NDWI,Max,
2008-06,BWDRVI,Mean,
2008-06,BWDRVI,Min,
2008-06,BWDRVI,Max,
2008-06,EVI,Mean,
2008-06,EVI,Min,
2008-06,EVI,Max,
2008-06,EVI2,Mean,
2008-06,EVI2,Min,
2008-06,EVI2,Max,
2008-06,GEMI,Mean,
2008-06,GEMI,Min,
2008-06,GEMI,Max,
2008-06,NDVI,Mean,
2008-06,NDVI,Min,
2008-06,NDVI,Max,
2008-06,NDWI,Mean,
2008-06,NDWI,Min,
2008-06,NDWI,Max,
2008-07,BWDRVI,Mean,
2008-07,BWDRVI,Min,
2008-07,BWDRVI,Max,
2008-07,EVI,Mean,
2008-07,EVI,Min,
2008-07,EVI,Max,
2008-07,EVI2,Mean,
2008-07,EVI2,Min,
2008-07,EVI2,Max,
2008-07,GEMI,Mean,
2008-07,GEMI,Min,
2008-07,GEMI,Max,
2008-07,NDVI,Mean,
2008-07,NDVI,Min,
2008-07,NDVI,Max,
2008-07,NDWI,Mean,
2008-07,NDWI,Min,
2008-07,NDWI,Max,
2008-08,BWDRVI,Mean,
2008-08,BWDRVI,Min,
2008-08,BWDRVI,Max,
2008-08,EVI,Mean,
2008-08,EVI,Min,
2008-08,EVI,Max,
2008-08,EVI2,Mean,
2008-08,EVI2,Min,
2008-08,EVI2,Max,
2008-08,GEMI,Mean,
2008-08,GEMI,Min,
2008-08,GEMI,Max,
2008-08,NDVI,Mean,
2008-08,NDVI,Min,
2008-08,NDVI,Max,
2008-08,NDWI,Mean,
2008-08,NDWI,Min,
2008-08,NDWI,Max,
2008-09,BWDRVI,Mean,
2008-09,BWDRVI,Min,
2008-09,BWDRVI,Max,
2008-09,EVI,Mean,
2008-09,EVI,Min,
2008-09,EVI,Max,
2008-09,EVI2,Mean,
2008-09,EVI2,Min,
2008-09,EVI2,Max,
2008-09,GEMI,Mean,
2008-09,GEMI,Min,
2008-09,GEMI,Max,
2008-09,NDVI,Mean,
2008-09,NDVI,Min,
2008-09,NDVI,Max,
2008-09,NDWI,Mean,
2008-09,NDWI,Min,
2008-09,NDWI,Max,
2008-10,BWDRVI,Mean,
2008-10,BWDRVI,Min,
2008-10,BWDRVI,Max,
2008-10,EVI,Mean,
2008-10,EVI,Min,
2008-10,EVI,Max,
2008-10,EVI2,Mean,
2008-10,EVI2,Min,
2008-10,EVI2,Max,
2008-10,GEMI,Mean,
2008-10,GEMI,Min,
2008-10,GEMI,Max,
2008-10,NDVI,Mean,
2008-10,NDVI,Min,
2008-10,NDVI,Max,
2008-10,NDWI,Mean,
2008-10,NDWI,Min,
2008-10,NDWI,Max,
2008-11,BWDRVI,Mean,
2008-11,BWDRVI,Min,
2008-11,BWDRVI,Max,
2008-11,EVI,Mean,
2008-11,EVI,Min,
2008-11,EVI,Max,
2008-11,EVI2,Mean,
2008-11,EVI2,Min,
2008-11,EVI2,Max,
2008-11,GEMI,Mean,
2008-11,GEMI,Min,
2008-11,GEMI,Max,
2008-11,NDVI,Mean,
2008-11,NDVI,Min,
2008-11,NDVI,Max,
2008-11,NDWI,Mean,
2008-11,NDWI,Min,
2008-11,NDWI,Max,
2008-12,BWDRVI,Mean,
2008-12,BWDRVI,Min,
2008-12,BWDRVI,Max,
2008-12,EVI,Mean,
2008-12,EVI,Min,
2008-12,EVI,Max,
2008-12,EVI2,Mean,
2008-12,EVI2,Min,
2008-12,EVI2,Max,
2008-12,GEMI,Mean,
2008-12,GEMI,Min,
2008-12,GEMI,Max,
2008-12,NDVI,Mean,
2008-12,NDVI,Min,
2008-12,NDVI,Max,
2008-12,NDWI,Mean,
2008-12,NDWI,Min,
2008-12,NDWI,Max,
2009-01,BWDRVI,Mean,
2009-01,BWDRVI,Min,
2009-01,BWDRVI,Max,
2009-01,EVI,Mean,
2009-01,EVI,Min,
2009-01,EVI,Max,
2009-01,EVI2,Mean,
2009-01,EVI2,Min,
2009-01,EVI2,Max,
2009-01,GEMI,Mean,
2009-01,GEMI,Min,
2009-01,GEMI,Max,
2009-01,NDVI,Mean,
2009-01,NDVI,Min,
2009-01,NDVI,Max,
2009-01,NDWI,Mean,
2009-01,NDWI,Min,
2009-01,NDWI,Max,
2009-02,BWDRVI,Mean,
2009-02,BWDRVI,Min,
2009-02,BWDRVI,Max,
2009-02,EVI,Mean,
2009-02,EVI,Min,
2009-02,EVI,Max,
2009-02,EVI2,Mean,
2009-02,EVI2,Min,
2009-02,EVI2,Max,
2009-02,GEMI,Mean,
2009-02,GEMI,Min,
2009-02,GEMI,Max,
2009-02,NDVI,Mean,
2009-02,NDVI,Min,
2009-02,NDVI,Max,
2009-02,NDWI,Mean,
2009-02,NDWI,Min,
2009-02,NDWI,Max,
2009-03,BWDRVI,Mean,
2009-03,BWDRVI,Min,
2009-03,BWDRVI,Max,
2009-03,EVI,Mean,
2009-03,EVI,Min,
2009-03,EVI,Max,
2009-03,EVI2,Mean,
2009-03,EVI2,Min,
2009-03,EVI2,Max,
2009-03,GEMI,Mean,
2009-03,GEMI,Min,
2009-03,GEMI,Max,
2009-03,NDVI,Mean,
2009-03,NDVI,Min,
2009-03,NDVI,Max,
2009-03,NDWI,Mean,
2009-03,NDWI,Min,
2009-03,NDWI,Max,
2009-04,BWDRVI,Mean,
2009-04,BWDRVI,Min,
2009-04,BWDRVI,Max,
2009-04,EVI,Mean,
2009-04,EVI,Min,
2009-04,EVI,Max,
2009-04,EVI2,Mean,
2009-04,EVI2,Min,
2009-04,EVI2,Max,
2009-04,GEMI,Mean,
2009-04,GEMI,Min,
2009-04,GEMI,Max,
2009-04,NDVI,Mean,
2009-04,NDVI,Min,
2009-04,NDVI,Max,
2009-04,NDWI,Mean,
2009-04,NDWI,Min,
2009-04,NDWI,Max,
2009-05,BWDRVI,Mean,
2009-05,BWDRVI,Min,
2009-05,BWDRVI,Max,
2009-05,EVI,Mean,
2009-05,EVI,Min,
2009-05,EVI,Max,
2009-05,EVI2,Mean,
2009-05,EVI2,Min,
2009-05,EVI2,Max,
2009-05,GEMI,Mean,
2009-05,GEMI,Min,
2009-05,GEMI,Max,
2009-05,NDVI,Mean,
2009-05,NDVI,Min,
2009-05,NDVI,Max,
2009-05,NDWI,Mean,
2009-05,NDWI,Min,
2009-05,NDWI,Max,
2009-06,BWDRVI,Mean,
2009-06,BWDRVI,Min,
2009-06,BWDRVI,Max,
2009-06,EVI,Mean,
2009-06,EVI,Min,
2009-06,EVI,Max,
2009-06,EVI2,Mean,
2009-06,EVI2,Min,
2009-06,EVI2,Max,
2009-06,GEMI,Mean,
2009-06,GEMI,Min,
2009-06,GEMI,Max,
2009-06,NDVI,Mean,
2009-06,NDVI,Min,
2009-06,NDVI,Max,
2009-06,NDWI,Mean,
2009-06,NDWI,Min,
2009-06,NDWI,Max,
2009-07,BWDRVI,Mean,
2009-07,BWDRVI,Min,
2009-07,BWDRVI,Max,
2009-07,EVI,Mean,
2009-07,EVI,Min,
2009-07,EVI,Max,
2009-07,EVI2,Mean,
2009-07,EVI2,Min,
2009-07,EVI2,Max,
2009-07,GEMI,Mean,
2009-07,GEMI,Min,
2009-07,GEMI,Max,
2009-07,NDVI,Mean,
2009-07,NDVI,Min,
2009-07,NDVI,Max,
2009-07,NDWI,Mean,
2009-07,NDWI,Min,
2009-07,NDWI,Max,
2009-08,BWDRVI,Mean,
2009-08,BWDRVI,Min,
2009-08,BWDRVI,Max,
2009-08,EVI,Mean,
2009-08,EVI,Min,
2009-08,EVI,Max,
2009-08,EVI2,Mean,
2009-08,EVI2,Min,
2009-08,EVI2,Max,
2009-08,GEMI,Mean,
2009-08,GEMI,Min,
2009-08,GEMI,Max,
2009-08,NDVI,Mean,
2009-08,NDVI,Min,
2009-08,NDVI,Max,
2009-08,NDWI,Mean,
2009-08,NDWI,Min,
2009-08,NDWI,Max,
2009-09,BWDRVI,Mean,
2009-09,BWDRVI,Min,
2009-09,BWDRVI,Max,
2009-09,EVI,Mean,
2009-09,EVI,Min,
2009-09,EVI,Max,
2009-09,EVI2,Mean,
2009-09,EVI2,Min,
2009-09,EVI2,Max,
2009-09,GEMI,Mean,
2009-09,GEMI,Min,
2009-09,GEMI,Max,
2009-09,NDVI,Mean,
2009-09,NDVI,Min,
2009-09,NDVI,Max,
2009-09,NDWI,Mean,
2009-09,NDWI,Min,
2009-09,NDWI,Max,
2009-10,BWDRVI,Mean,
2009-10,BWDRVI,Min,
2009-10,BWDRVI,Max,
2009-10,EVI,Mean,
2009-10,EVI,Min,
2009-10,EVI,Max,
2009-10,EVI2,Mean,
2009-10,EVI2,Min,
2009-10,EVI2,Max,
2009-10,GEMI,Mean,
2009-10,GEMI,Min,
2009-10,GEMI,Max,
2009-10,NDVI,Mean,
2009-10,NDVI,Min,
2009-10,NDVI,Max,
2009-10,NDWI,Mean,
2009-10,NDWI,Min,
2009-10,NDWI,Max,
2009-11,BWDRVI,Mean,
2009-11,BWDRVI,Min,
2009-11,BWDRVI,Max,
2009-11,EVI,Mean,
2009-11,EVI,Min,
2009-11,EVI,Max,
2009-11,EVI2,Mean,
2009-11,EVI2,Min,
2009-11,EVI2,Max,
2009-11,GEMI,Mean,
2009-11,GEMI,Min,
2009-11,GEMI,Max,
2009-11,NDVI,Mean,
2009-11,NDVI,Min,
2009-11,NDVI,Max,
2009-11,NDWI,Mean,
2009-11,NDWI,Min,
2009-11,NDWI,Max,
2009-12,BWDRVI,Mean,
2009-12,BWDRVI,Min,
2009-12,BWDRVI,Max,
2009-12,EVI,Mean,
2009-12,EVI,Min,
2009-12,EVI,Max,
2009-12,EVI2,Mean,
2009-12,EVI2,Min,
2009-12,EVI2,Max,
2009-12,GEMI,Mean,
2009-12,GEMI,Min,
2009-12,GEMI,Max,
2009-12,NDVI,Mean,
2009-12,NDVI,Min,
2009-12,NDVI,Max,
2009-12,NDWI,Mean,
2009-12,NDWI,Min,
2009-12,NDWI,Max,
2010-01,BWDRVI,Mean,
2010-01,BWDRVI,Min,
2010-01,BWDRVI,Max,
2010-01,EVI,Mean,
2010-01,EVI,Min,
2010-01,EVI,Max,
2010-01,EVI2,Mean,
2010-01,EVI2,Min,
2010-01,EVI2,Max,
2010-01,GEMI,Mean,
2010-01,GEMI,Min,
2010-01,GEMI,Max,
2010-01,NDVI,Mean,
2010-01,NDVI,Min,
2010-01,NDVI,Max,
2010-01,NDWI,Mean,
2010-01,NDWI,Min,
2010-01,NDWI,Max,
2010-02,BWDRVI,Mean,
2010-02,BWDRVI,Min,
2010-02,BWDRVI,Max,
2010-02,EVI,Mean,
2010-02,EVI,Min,
2010-02,EVI,Max,
2010-02,EVI2,Mean,
2010-02,EVI2,Min,
2010-02,EVI2,Max,
2010-02,GEMI,Mean,
2010-02,GEMI,Min,
2010-02,GEMI,Max,
2010-02,NDVI,Mean,
2010-02,NDVI,Min,
2010-02,NDVI,Max,
2010-02,NDWI,Mean,
2010-02,NDWI,Min,
2010-02,NDWI,Max,
2010-03,BWDRVI,Mean,
2010-03,BWDRVI,Min,
2010-03,BWDRVI,Max,
2010-03,EVI,Mean,
2010-03,EVI,Min,
2010-03,EVI,Max,
2010-03,EVI2,Mean,
2010-03,EVI2,Min,
2010-03,EVI2,Max,
2010-03,GEMI,Mean,
2010-03,GEMI,Min,
2010-03,GEMI,Max,
2010-03,NDVI,Mean,
2010-03,NDVI,Min,
2010-03,NDVI,Max,
2010-03,NDWI,Mean,
2010-03,NDWI,Min,
2010-03,NDWI,Max,
2010-04,BWDRVI,Mean,
2010-04,BWDRVI,Min,
2010-04,BWDRVI,Max,
2010-04,EVI,Mean,
2010-04,EVI,Min,
2010-04,EVI,Max,
2010-04,EVI2,Mean,
2010-04,EVI2,Min,
2010-04,EVI2,Max,
2010-04,GEMI,Mean,
2010-04,GEMI,Min,
2010-04,GEMI,Max,
2010-04,NDVI,Mean,
2010-04,NDVI,Min,
2010-04,NDVI,Max,
2010-04,NDWI,Mean,
2010-04,NDWI,Min,
2010-04,NDWI,Max,
2010-05,BWDRVI,Mean,
2010-05,BWDRVI,Min,
2010-05,BWDRVI,Max,
2010-05,EVI,Mean,
2010-05,EVI,Min,
2010-05,EVI,Max,
2010-05,EVI2,Mean,
2010-05,EVI2,Min,
2010-05,EVI2,Max,
2010-05,GEMI,Mean,
2010-05,GEMI,Min,
2010-05,GEMI,Max,
2010-05,NDVI,Mean,
2010-05,NDVI,Min,
2010-05,NDVI,Max,
2010-05,NDWI,Mean,
2010-05,NDWI,Min,
2010-05,NDWI,Max,
2010-06,BWDRVI,Mean,
2010-06,BWDRVI,Min,
2010-06,BWDRVI,Max,
2010-06,EVI,Mean,
2010-06,EVI,Min,
2010-06,EVI,Max,
2010-06,EVI2,Mean,
2010-06,EVI2,Min,
2010-06,EVI2,Max,
2010-06,GEMI,Mean,
2010-06,GEMI,Min,
2010-06,GEMI,Max,
2010-06,NDVI,Mean,
2010-06,NDVI,Min,
2010-06,NDVI,Max,
2010-06,NDWI,Mean,
2010-06,NDWI,Min,
2010-06,NDWI,Max,
2010-07,BWDRVI,Mean,
2010-07,BWDRVI,Min,
2010-07,BWDRVI,Max,
2010-07,EVI,Mean,
2010-07,EVI,Min,
2010-07,EVI,Max,
2010-07,EVI2,Mean,
2010-07,EVI2,Min,
2010-07,EVI2,Max,
2010-07,GEMI,Mean,
2010-07,GEMI,Min,
2010-07,GEMI,Max,
2010-07,NDVI,Mean,
2010-07,NDVI,Min,
2010-07,NDVI,Max,
2010-07,NDWI,Mean,
2010-07,NDWI,Min,
2010-07,NDWI,Max,
2010-08,BWDRVI,Mean,
2010-08,BWDRVI,Min,
2010-08,BWDRVI,Max,
2010-08,EVI,Mean,
2010-08,EVI,Min,
2010-08,EVI,Max,
2010-08,EVI2,Mean,
2010-08,EVI2,Min,
2010-08,EVI2,Max,
2010-08,GEMI,Mean,
2010-08,GEMI,Min,
2010-08,GEMI,Max,
2010-08,NDVI,Mean,
2010-08,NDVI,Min,
2010-08,NDVI,Max,
2010-08,NDWI,Mean,
2010-08,NDWI,Min,
2010-08,NDWI,Max,
2010-09,BWDRVI,Mean,
2010-09,BWDRVI,Min,
2010-09,BWDRVI,Max,
2010-09,EVI,Mean,
2010-09,EVI,Min,
2010-09,EVI,Max,
2010-09,EVI2,Mean,
2010-09,EVI2,Min,
2010-09,EVI2,Max,
2010-09,GEMI,Mean,
2010-09,GEMI,Min,
2010-09,GEMI,Max,
2010-09,NDVI,Mean,
2010-09,NDVI,Min,
2010-09,NDVI,Max,
2010-09,NDWI,Mean,
2010-09,NDWI,Min,
2010-09,NDWI,Max,
2010-10,BWDRVI,Mean,
2010-10,BWDRVI,Min,
2010-10,BWDRVI,Max,
2010-10,EVI,Mean,
2010-10,EVI,Min,
2010-10,EVI,Max,
2010-10,EVI2,Mean,
2010-10,EVI2,Min,
2010-10,EVI2,Max,
2010-10,GEMI,Mean,
2010-10,GEMI,Min,
2010-10,GEMI,Max,
2010-10,NDVI,Mean,
2010-10,NDVI,Min,
2010-10,NDVI,Max,
2010-10,NDWI,Mean,
2010-10,NDWI,Min,
2010-10,NDWI,Max,
2010-11,BWDRVI,Mean,
2010-11,BWDRVI,Min,
2010-11,BWDRVI,Max,
2010-11,EVI,Mean,
2010-11,EVI,Min,
2010-11,EVI,Max,
2010-11,EVI2,Mean,
2010-11,EVI2,Min,
2010-11,EVI2,Max,
2010-11,GEMI,Mean,
2010-11,GEMI,Min,
2010-11,GEMI,Max,
2010-11,NDVI,Mean,
2010-11,NDVI,Min,
2010-11,NDVI,Max,
2010-11,NDWI,Mean,
2010-11,NDWI,Min,
2010-11,NDWI,Max,
2010-12,BWDRVI,Mean,
2010-12,BWDRVI,Min,
2010-12,BWDRVI,Max,
2010-12,EVI,Mean,
2010-12,EVI,Min,
2010-12,EVI,Max,
2010-12,EVI2,Mean,
2010-12,EVI2,Min,
2010-12,EVI2,Max,
2010-12,GEMI,Mean,
2010-12,GEMI,Min,
2010-12,GEMI,Max,
2010-12,NDVI,Mean,
2010-12,NDVI,Min,
2010-12,NDVI,Max,
2010-12,NDWI,Mean,
2010-12,NDWI,Min,
2010-12,NDWI,Max,
2011-01,BWDRVI,Mean,
2011-01,BWDRVI,Min,
2011-01,BWDRVI,Max,
2011-01,EVI,Mean,
2011-01,EVI,Min,
2011-01,EVI,Max,
2011-01,EVI2,Mean,
2011-01,EVI2,Min,
2011-01,EVI2,Max,
2011-01,GEMI,Mean,
2011-01,GEMI,Min,
2011-01,GEMI,Max,
2011-01,NDVI,Mean,
2011-01,NDVI,Min,
2011-01,NDVI,Max,
2011-01,NDWI,Mean,
2011-01,NDWI,Min,
2011-01,NDWI,Max,
2011-02,BWDRVI,Mean,
2011-02,BWDRVI,Min,
2011-02,BWDRVI,Max,
2011-02,EVI,Mean,
2011-02,EVI,Min,
2011-02,EVI,Max,
2011-02,EVI2,Mean,
2011-02,EVI2,Min,
2011-02,EVI2,Max,
2011-02,GEMI,Mean,
2011-02,GEMI,Min,
2011-02,GEMI,Max,
2011-02,NDVI,Mean,
2011-02,NDVI,Min,
2011-02,NDVI,Max,
2011-02,NDWI,Mean,
2011-02,NDWI,Min,
2011-02,NDWI,Max,
2011-03,BWDRVI,Mean,
2011-03,BWDRVI,Min,
2011-03,BWDRVI,Max,
2011-03,EVI,Mean,
2011-03,EVI,Min,
2011-03,EVI,Max,
2011-03,EVI2,Mean,
2011-03,EVI2,Min,
2011-03,EVI2,Max,
2011-03,GEMI,Mean,
2011-03,GEMI,Min,
2011-03,GEMI,Max,
2011-03,NDVI,Mean,
2011-03,NDVI,Min,
2011-03,NDVI,Max,
2011-03,NDWI,Mean,
2011-03,NDWI,Min,
2011-03,NDWI,Max,
2011-04,BWDRVI,Mean,
2011-04,BWDRVI,Min,
2011-04,BWDRVI,Max,
2011-04,EVI,Mean,
2011-04,EVI,Min,
2011-04,EVI,Max,
2011-04,EVI2,Mean,
2011-04,EVI2,Min,
2011-04,EVI2,Max,
2011-04,GEMI,Mean,
2011-04,GEMI,Min,
2011-04,GEMI,Max,
2011-04,NDVI,Mean,
2011-04,NDVI,Min,
2011-04,NDVI,Max,
2011-04,NDWI,Mean,
2011-04,NDWI,Min,
2011-04,NDWI,Max,
2011-05,BWDRVI,Mean,
2011-05,BWDRVI,Min,
2011-05,BWDRVI,Max,
2011-05,EVI,Mean,
2011-05,EVI,Min,
2011-05,EVI,Max,
2011-05,EVI2,Mean,
2011-05,EVI2,Min,
2011-05,EVI2,Max,
2011-05,GEMI,Mean,
2011-05,GEMI,Min,
2011-05,GEMI,Max,
2011-05,NDVI,Mean,
2011-05,NDVI,Min,
2011-05,NDVI,Max,
2011-05,NDWI,Mean,
2011-05,NDWI,Min,
2011-05,NDWI,Max,
2011-06,BWDRVI,Mean,
2011-06,BWDRVI,Min,
2011-06,BWDRVI,Max,
2011-06,EVI,Mean,
2011-06,EVI,Min,
2011-06,EVI,Max,
2011-06,EVI2,Mean,
2011-06,EVI2,Min,
2011-06,EVI2,Max,
2011-06,GEMI,Mean,
2011-06,GEMI,Min,
2011-06,GEMI,Max,
2011-06,NDVI,Mean,
2011-06,NDVI,Min,
2011-06,NDVI,Max,
2011-06,NDWI,Mean,
2011-06,NDWI,Min,
2011-06,NDWI,Max,
2011-07,BWDRVI,Mean,
2011-07,BWDRVI,Min,
2011-07,BWDRVI,Max,
2011-07,EVI,Mean,
2011-07,EVI,Min,
2011-07,EVI,Max,
2011-07,EVI2,Mean,
2011-07,EVI2,Min,
2011-07,EVI2,Max,
2011-07,GEMI,Mean,
2011-07,GEMI,Min,
2011-07,GEMI,Max,
2011-07,NDVI,Mean,
2011-07,NDVI,Min,
2011-07,NDVI,Max,
2011-07,NDWI,Mean,
2011-07,NDWI,Min,
2011-07,NDWI,Max,
2011-08,BWDRVI,Mean,
2011-08,BWDRVI,Min,
2011-08,BWDRVI,Max,
2011-08,EVI,Mean,
2011-08,EVI,Min,
2011-08,EVI,Max,
2011-08,EVI2,Mean,
2011-08,EVI2,Min,
2011-08,EVI2,Max,
2011-08,GEMI,Mean,
2011-08,GEMI,Min,
2011-08,GEMI,Max,
2011-08,NDVI,Mean,
2011-08,NDVI,Min,
2011-08,NDVI,Max,
2011-08,NDWI,Mean,
2011-08,NDWI,Min,
2011-08,NDWI,Max,
2011-09,BWDRVI,Mean,
2011-09,BWDRVI,Min,
2011-09,BWDRVI,Max,
2011-09,EVI,Mean,
2011-09,EVI,Min,
2011-09,EVI,Max,
2011-09,EVI2,Mean,
2011-09,EVI2,Min,
2011-09,EVI2,Max,
2011-09,GEMI,Mean,
2011-09,GEMI,Min,
2011-09,GEMI,Max,
2011-09,NDVI,Mean,
2011-09,NDVI,Min,
2011-09,NDVI,Max,
2011-09,NDWI,Mean,
2011-09,NDWI,Min,
2011-09,NDWI,Max,
2011-10,BWDRVI,Mean,
2011-10,BWDRVI,Min,
2011-10,BWDRVI,Max,
2011-10,EVI,Mean,
2011-10,EVI,Min,
2011-10,EVI,Max,
2011-10,EVI2,Mean,
2011-10,EVI2,Min,
2011-10,EVI2,Max,
2011-10,GEMI,Mean,
2011-10,GEMI,Min,
2011-10,GEMI,Max,
2011-10,NDVI,Mean,
2011-10,NDVI,Min,
2011-10,NDVI,Max,
2011-10,NDWI,Mean,
2011-10,NDWI,Min,
2011-10,NDWI,Max,
2011-11,BWDRVI,Mean,
2011-11,BWDRVI,Min,
2011-11,BWDRVI,Max,
2011-11,EVI,Mean,
2011-11,EVI,Min,
2011-11,EVI,Max,
2011-11,EVI2,Mean,
2011-11,EVI2,Min,
2011-11,EVI2,Max,
2011-11,GEMI,Mean,
2011-11,GEMI,Min,
2011-11,GEMI,Max,
2011-11,NDVI,Mean,
2011-11,NDVI,Min,
2011-11,NDVI,Max,
2011-11,NDWI,Mean,
2011-11,NDWI,Min,
2011-11,NDWI,Max,
2011-12,BWDRVI,Mean,
2011-12,BWDRVI,Min,
2011-12,BWDRVI,Max,
2011-12,EVI,Mean,
2011-12,EVI,Min,
2011-12,EVI,Max,
2011-12,EVI2,Mean,
2011-12,EVI2,Min,
2011-12,EVI2,Max,
2011-12,GEMI,Mean,
2011-12,GEMI,Min,
2011-12,GEMI,Max,
2011-12,NDVI,Mean,
2011-12,NDVI,Min,
2011-12,NDVI,Max,
2011-12,NDWI,Mean,
2011-12,NDWI,Min,
2011-12,NDWI,Max,
2012-01,BWDRVI,Mean,
2012-01,BWDRVI,Min,
2012-01,BWDRVI,Max,
2012-01,EVI,Mean,
2012-01,EVI,Min,
2012-01,EVI,Max,
2012-01,EVI2,Mean,
2012-01,EVI2,Min,
2012-01,EVI2,Max,
2012-01,GEMI,Mean,
2012-01,GEMI,Min,
2012-01,GEMI,Max,
2012-01,NDVI,Mean,
2012-01,NDVI,Min,
2012-01,NDVI,Max,
2012-01,NDWI,Mean,
2012-01,NDWI,Min,
2012-01,NDWI,Max,
2012-02,BWDRVI,Mean,
2012-02,BWDRVI,Min,
2012-02,BWDRVI,Max,
2012-02,EVI,Mean,
2012-02,EVI,Min,
2012-02,EVI,Max,
2012-02,EVI2,Mean,
2012-02,EVI2,Min,
2012-02,EVI2,Max,
2012-02,GEMI,Mean,
2012-02,GEMI,Min,
2012-02,GEMI,Max,
2012-02,NDVI,Mean,
2012-02,NDVI,Min,
2012-02,NDVI,Max,
2012-02,NDWI,Mean,
2012-02,NDWI,Min,
2012-02,NDWI,Max,
2012-03,BWDRVI,Mean,
2012-03,BWDRVI,Min,
2012-03,BWDRVI,Max,
2012-03,EVI,Mean,
2012-03,EVI,Min,
2012-03,EVI,Max,
2012-03,EVI2,Mean,
2012-03,EVI2,Min,
2012-03,EVI2,Max,
2012-03,GEMI,Mean,
2012-03,GEMI,Min,
2012-03,GEMI,Max,
2012-03,NDVI,Mean,
2012-03,NDVI,Min,
2012-03,NDVI,Max,
2012-03,NDWI,Mean,
2012-03,NDWI,Min,
2012-03,NDWI,Max,
2012-04,BWDRVI,Mean,
2012-04,BWDRVI,Min,
2012-04,BWDRVI,Max,
2012-04,EVI,Mean,
2012-04,EVI,Min,
2012-04,EVI,Max,
2012-04,EVI2,Mean,
2012-04,EVI2,Min,
2012-04,EVI2,Max,
2012-04,GEMI,Mean,
2012-04,GEMI,Min,
2012-04,GEMI,Max,
2012-04,NDVI,Mean,
2012-04,NDVI,Min,
2012-04,NDVI,Max,
2012-04,NDWI,Mean,
2012-04,NDWI,Min,
2012-04,NDWI,Max,
2012-05,BWDRVI,Mean,
2012-05,BWDRVI,Min,
2012-05,BWDRVI,Max,
2012-05,EVI,Mean,
2012-05,EVI,Min,
2012-05,EVI,Max,
2012-05,EVI2,Mean,
2012-05,EVI2,Min,
2012-05,EVI2,Max,
2012-05,GEMI,Mean,
2012-05,GEMI,Min,
2012-05,GEMI,Max,
2012-05,NDVI,Mean,
2012-05,NDVI,Min,
2012-05,NDVI,Max,
2012-05,NDWI,Mean,
2012-05,NDWI,Min,
2012-05,NDWI,Max,
2012-06,BWDRVI,Mean,
2012-06,BWDRVI,Min,
2012-06,BWDRVI,Max,
2012-06,EVI,Mean,
2012-06,EVI,Min,
2012-06,EVI,Max,
2012-06,EVI2,Mean,
2012-06,EVI2,Min,
2012-06,EVI2,Max,
2012-06,GEMI,Mean,
2012-06,GEMI,Min,
2012-06,GEMI,Max,
2012-06,NDVI,Mean,
2012-06,NDVI,Min,
2012-06,NDVI,Max,
2012-06,NDWI,Mean,
2012-06,NDWI,Min,
2012-06,NDWI,Max,
2012-07,BWDRVI,Mean,
2012-07,BWDRVI,Min,
2012-07,BWDRVI,Max,
2012-07,EVI,Mean,
2012-07,EVI,Min,
2012-07,EVI,Max,
2012-07,EVI2,Mean,
2012-07,EVI2,Min,
2012-07,EVI2,Max,
2012-07,GEMI,Mean,
2012-07,GEMI,Min,
2012-07,GEMI,Max,
2012-07,NDVI,Mean,
2012-07,NDVI,Min,
2012-07,NDVI,Max,
2012-07,NDWI,Mean,
2012-07,NDWI,Min,
2012-07,NDWI,Max,
2012-08,BWDRVI,Mean,
2012-08,BWDRVI,Min,
2012-08,BWDRVI,Max,
2012-08,EVI,Mean,
2012-08,EVI,Min,
2012-08,EVI,Max,
2012-08,EVI2,Mean,
2012-08,EVI2,Min,
2012-08,EVI2,Max,
2012-08,GEMI,Mean,
2012-08,GEMI,Min,
2012-08,GEMI,Max,
2012-08,NDVI,Mean,
2012-08,NDVI,Min,
2012-08,NDVI,Max,
2012-08,NDWI,Mean,
2012-08,NDWI,Min,
2012-08,NDWI,Max,
2012-09,BWDRVI,Mean,
2012-09,BWDRVI,Min,
2012-09,BWDRVI,Max,
2012-09,EVI,Mean,
2012-09,EVI,Min,
2012-09,EVI,Max,
2012-09,EVI2,Mean,
2012-09,EVI2,Min,
2012-09,EVI2,Max,
2012-09,GEMI,Mean,
2012-09,GEMI,Min,
2012-09,GEMI,Max,
2012-09,NDVI,Mean,
2012-09,NDVI,Min,
2012-09,NDVI,Max,
2012-09,NDWI,Mean,
2012-09,NDWI,Min,
2012-09,NDWI,Max,
2012-10,BWDRVI,Mean,
2012-10,BWDRVI,Min,
2012-10,BWDRVI,Max,
2012-10,EVI,Mean,
2012-10,EVI,Min,
2012-10,EVI,Max,
2012-10,EVI2,Mean,
2012-10,EVI2,Min,
2012-10,EVI2,Max,
2012-10,GEMI,Mean,
2012-10,GEMI,Min,
2012-10,GEMI,Max,
2012-10,NDVI,Mean,
2012-10,NDVI,Min,
2012-10,NDVI,Max,
2012-10,NDWI,Mean,
2012-10,NDWI,Min,
2012-10,NDWI,Max,
2012-11,BWDRVI,Mean,
2012-11,BWDRVI,Min,
2012-11,BWDRVI,Max,
2012-11,EVI,Mean,
2012-11,EVI,Min,
2012-11,EVI,Max,
2012-11,EVI2,Mean,
2012-11,EVI2,Min,
2012-11,EVI2,Max,
2012-11,GEMI,Mean,
2012-11,GEMI,Min,
2012-11,GEMI,Max,
2012-11,NDVI,Mean,
2012-11,NDVI,Min,
2012-11,NDVI,Max,
2012-11,NDWI,Mean,
2012-11,NDWI,Min,
2012-11,NDWI,Max,
2012-12,BWDRVI,Mean,
2012-12,BWDRVI,Min,
2012-12,BWDRVI,Max,
2012-12,EVI,Mean,
2012-12,EVI,Min,
2012-12,EVI,Max,
2012-12,EVI2,Mean,
2012-12,EVI2,Min,
2012-12,EVI2,Max,
2012-12,GEMI,Mean,
2012-12,GEMI,Min,
2012-12,GEMI,Max,
2012-12,NDVI,Mean,
2012-12,NDVI,Min,
2012-12,NDVI,Max,
2012-12,NDWI,Mean,
2012-12,NDWI,Min,
2012-12,NDWI,Max,
2013-01,BWDRVI,Mean,
2013-01,BWDRVI,Min,
2013-01,BWDRVI,Max,
2013-01,EVI,Mean,
2013-01,EVI,Min,
2013-01,EVI,Max,
2013-01,EVI2,Mean,
2013-01,EVI2,Min,
2013-01,EVI2,Max,
2013-01,GEMI,Mean,
2013-01,GEMI,Min,
2013-01,GEMI,Max,
2013-01,NDVI,Mean,
2013-01,NDVI,Min,
2013-01,NDVI,Max,
2013-01,NDWI,Mean,
2013-01,NDWI,Min,
2013-01,NDWI,Max,
2013-02,BWDRVI,Mean,
2013-02,BWDRVI,Min,
2013-02,BWDRVI,Max,
2013-02,EVI,Mean,
2013-02,EVI,Min,
2013-02,EVI,Max,
2013-02,EVI2,Mean,
2013-02,EVI2,Min,
2013-02,EVI2,Max,
2013-02,GEMI,Mean,
2013-02,GEMI,Min,
2013-02,GEMI,Max,
2013-02,NDVI,Mean,
2013-02,NDVI,Min,
2013-02,NDVI,Max,
2013-02,NDWI,Mean,
2013-02,NDWI,Min,
2013-02,NDWI,Max,
2013-03,BWDRVI,Mean,
2013-03,BWDRVI,Min,
2013-03,BWDRVI,Max,
2013-03,EVI,Mean,
2013-03,EVI,Min,
2013-03,EVI,Max,
2013-03,EVI2,Mean,
2013-03,EVI2,Min,
2013-03,EVI2,Max,
2013-03,GEMI,Mean,
2013-03,GEMI,Min,
2013-03,GEMI,Max,
2013-03,NDVI,Mean,
2013-03,NDVI,Min,
2013-03,NDVI,Max,
2013-03,NDWI,Mean,
2013-03,NDWI,Min,
2013-03,NDWI,Max,
2013-04,BWDRVI,Mean,
2013-04,BWDRVI,Min,
2013-04,BWDRVI,Max,
2013-04,EVI,Mean,
2013-04,EVI,Min,
2013-04,EVI,Max,
2013-04,EVI2,Mean,
2013-04,EVI2,Min,
2013-04,EVI2,Max,
2013-04,GEMI,Mean,
2013-04,GEMI,Min,
2013-04,GEMI,Max,
2013-04,NDVI,Mean,
2013-04,NDVI,Min,
2013-04,NDVI,Max,
2013-04,NDWI,Mean,
2013-04,NDWI,Min,
2013-04,NDWI,Max,
2013-05,BWDRVI,Mean,
2013-05,BWDRVI,Min,
2013-05,BWDRVI,Max,
2013-05,EVI,Mean,
2013-05,EVI,Min,
2013-05,EVI,Max,
2013-05,EVI2,Mean,
2013-05,EVI2,Min,
2013-05,EVI2,Max,
2013-05,GEMI,Mean,
2013-05,GEMI,Min,
2013-05,GEMI,Max,
2013-05,NDVI,Mean,
2013-05,NDVI,Min,
2013-05,NDVI,Max,
2013-05,NDWI,Mean,
2013-05,NDWI,Min,
2013-05,NDWI,Max,
2013-06,BWDRVI,Mean,
2013-06,BWDRVI,Min,
2013-06,BWDRVI,Max,
2013-06,EVI,Mean,
2013-06,EVI,Min,
2013-06,EVI,Max,
2013-06,EVI2,Mean,
2013-06,EVI2,Min,
2013-06,EVI2,Max,
2013-06,GEMI,Mean,
2013-06,GEMI,Min,
2013-06,GEMI,Max,
2013-06,NDVI,Mean,
2013-06,NDVI,Min,
2013-06,NDVI,Max,
2013-06,NDWI,Mean,
2013-06,NDWI,Min,
2013-06,NDWI,Max,
2013-07,BWDRVI,Mean,
2013-07,BWDRVI,Min,
2013-07,BWDRVI,Max,
2013-07,EVI,Mean,
2013-07,EVI,Min,
2013-07,EVI,Max,
2013-07,EVI2,Mean,
2013-07,EVI2,Min,
2013-07,EVI2,Max,
2013-07,GEMI,Mean,
2013-07,GEMI,Min,
2013-07,GEMI,Max,
2013-07,NDVI,Mean,
2013-07,NDVI,Min,
2013-07,NDVI,Max,
2013-07,NDWI,Mean,
2013-07,NDWI,Min,
2013-07,NDWI,Max,
2013-08,BWDRVI,Mean,
2013-08,BWDRVI,Min,
2013-08,BWDRVI,Max,
2013-08,EVI,Mean,
2013-08,EVI,Min,
2013-08,EVI,Max,
2013-08,EVI2,Mean,
2013-08,EVI2,Min,
2013-08,EVI2,Max,
2013-08,GEMI,Mean,
2013-08,GEMI,Min,
2013-08,GEMI,Max,
2013-08,NDVI,Mean,
2013-08,NDVI,Min,
2013-08,NDVI,Max,
2013-08,NDWI,Mean,
2013-08,NDWI,Min,
2013-08,NDWI,Max,
2013-09,BWDRVI,Mean,
2013-09,BWDRVI,Min,
2013-09,BWDRVI,Max,
2013-09,EVI,Mean,
2013-09,EVI,Min,
2013-09,EVI,Max,
2013-09,EVI2,Mean,
2013-09,EVI2,Min,
2013-09,EVI2,Max,
2013-09,GEMI,Mean,
2013-09,GEMI,Min,
2013-09,GEMI,Max,
2013-09,NDVI,Mean,
2013-09,NDVI,Min,
2013-09,NDVI,Max,
2013-09,NDWI,Mean,
2013-09,NDWI,Min,
2013-09,NDWI,Max,
2013-10,BWDRVI,Mean,
2013-10,BWDRVI,Min,
2013-10,BWDRVI,Max,
2013-10,EVI,Mean,
2013-10,EVI,Min,
2013-10,EVI,Max,
2013-10,EVI2,Mean,
2013-10,EVI2,Min,
2013-10,EVI2,Max,
2013-10,GEMI,Mean,
2013-10,GEMI,Min,
2013-10,GEMI,Max,
2013-10,NDVI,Mean,
2013-10,NDVI,Min,
2013-10,NDVI,Max,
2013-10,NDWI,Mean,
2013-10,NDWI,Min,
2013-10,NDWI,Max,
2013-11,BWDRVI,Mean,
2013-11,BWDRVI,Min,
2013-11,BWDRVI,Max,
2013-11,EVI,Mean,
2013-11,EVI,Min,
2013-11,EVI,Max,
2013-11,EVI2,Mean,
2013-11,EVI2,Min,
2013-11,EVI2,Max,
2013-11,GEMI,Mean,
2013-11,GEMI,Min,
2013-11,GEMI,Max,
2013-11,NDVI,Mean,
2013-11,NDVI,Min,
2013-11,NDVI,Max,
2013-11,NDWI,Mean,
2013-11,NDWI,Min,
2013-11,NDWI,Max,
2013-12,BWDRVI,Mean,
2013-12,BWDRVI,Min,
2013-12,BWDRVI,Max,
2013-12,EVI,Mean,
2013-12,EVI,Min,
2013-12,EVI,Max,
2013-12,EVI2,Mean,
2013-12,EVI2,Min,
2013-12,EVI2,Max,
2013-12,GEMI,Mean,
2013-12,GEMI,Min,
2013-12,GEMI,Max,
2013-12,NDVI,Mean,
2013-12,NDVI,Min,
2013-12,NDVI,Max,
2013-12,NDWI,Mean,
2013-12,NDWI,Min,
2013-12,NDWI,Max,
2014-01,BWDRVI,Mean,
2014-01,BWDRVI,Min,
2014-01,BWDRVI,Max,
2014-01,EVI,Mean,
2014-01,EVI,Min,
2014-01,EVI,Max,
2014-01,EVI2,Mean,
2014-01,EVI2,Min,
2014-01,EVI2,Max,
2014-01,GEMI,Mean,
2014-01,GEMI,Min,
2014-01,GEMI,Max,
2014-01,NDVI,Mean,
2014-01,NDVI,Min,
2014-01,NDVI,Max,
2014-01,NDWI,Mean,
2014-01,NDWI,Min,
2014-01,NDWI,Max,
2014-02,BWDRVI,Mean,
2014-02,BWDRVI,Min,
2014-02,BWDRVI,Max,
2014-02,EVI,Mean,
2014-02,EVI,Min,
2014-02,EVI,Max,
2014-02,EVI2,Mean,
2014-02,EVI2,Min,
2014-02,EVI2,Max,
2014-02,GEMI,Mean,
2014-02,GEMI,Min,
2014-02,GEMI,Max,
2014-02,NDVI,Mean,
2014-02,NDVI,Min,
2014-02,NDVI,Max,
2014-02,NDWI,Mean,
2014-02,NDWI,Min,
2014-02,NDWI,Max,
2014-03,BWDRVI,Mean,
2014-03,BWDRVI,Min,
2014-03,BWDRVI,Max,
2014-03,EVI,Mean,
2014-03,EVI,Min,
2014-03,EVI,Max,
2014-03,EVI2,Mean,
2014-03,EVI2,Min,
2014-03,EVI2,Max,
2014-03,GEMI,Mean,
2014-03,GEMI,Min,
2014-03,GEMI,Max,
2014-03,NDVI,Mean,
2014-03,NDVI,Min,
2014-03,NDVI,Max,
2014-03,NDWI,Mean,
2014-03,NDWI,Min,
2014-03,NDWI,Max,
2014-04,BWDRVI,Mean,
2014-04,BWDRVI,Min,
2014-04,BWDRVI,Max,
2014-04,EVI,Mean,
2014-04,EVI,Min,
2014-04,EVI,Max,
2014-04,EVI2,Mean,
2014-04,EVI2,Min,
2014-04,EVI2,Max,
2014-04,GEMI,Mean,
2014-04,GEMI,Min,
2014-04,GEMI,Max,
2014-04,NDVI,Mean,
2014-04,NDVI,Min,
2014-04,NDVI,Max,
2014-04,NDWI,Mean,
2014-04,NDWI,Min,
2014-04,NDWI,Max,
2014-05,BWDRVI,Mean,
2014-05,BWDRVI,Min,
2014-05,BWDRVI,Max,
2014-05,EVI,Mean,
2014-05,EVI,Min,
2014-05,EVI,Max,
2014-05,EVI2,Mean,
2014-05,EVI2,Min,
2014-05,EVI2,Max,
2014-05,GEMI,Mean,
2014-05,GEMI,Min,
2014-05,GEMI,Max,
2014-05,NDVI,Mean,
2014-05,NDVI,Min,
2014-05,NDVI,Max,
2014-05,NDWI,Mean,
2014-05,NDWI,Min,
2014-05,NDWI,Max,
2014-06,BWDRVI,Mean,
2014-06,BWDRVI,Min,
2014-06,BWDRVI,Max,
2014-06,EVI,Mean,
2014-06,EVI,Min,
2014-06,EVI,Max,
2014-06,EVI2,Mean,
2014-06,EVI2,Min,
2014-06,EVI2,Max,
2014-06,GEMI,Mean,
2014-06,GEMI,Min,
2014-06,GEMI,Max,
2014-06,NDVI,Mean,
2014-06,NDVI,Min,
2014-06,NDVI,Max,
2014-06,NDWI,Mean,
2014-06,NDWI,Min,
2014-06,NDWI,Max,
2014-07,BWDRVI,Mean,
2014-07,BWDRVI,Min,
2014-07,BWDRVI,Max,
2014-07,EVI,Mean,
2014-07,EVI,Min,
2014-07,EVI,Max,
2014-07,EVI2,Mean,
2014-07,EVI2,Min,
2014-07,EVI2,Max,
2014-07,GEMI,Mean,
2014-07,GEMI,Min,
2014-07,GEMI,Max,
2014-07,NDVI,Mean,
2014-07,NDVI,Min,
2014-07,NDVI,Max,
2014-07,NDWI,Mean,
2014-07,NDWI,Min,
2014-07,NDWI,Max,
2014-08,BWDRVI,Mean,
2014-08,BWDRVI,Min,
2014-08,BWDRVI,Max,
2014-08,EVI,Mean,
2014-08,EVI,Min,
2014-08,EVI,Max,
2014-08,EVI2,Mean,
2014-08,EVI2,Min,
2014-08,EVI2,Max,
2014-08,GEMI,Mean,
2014-08,GEMI,Min,
2014-08,GEMI,Max,
2014-08,NDVI,Mean,
2014-08,NDVI,Min,
2014-08,NDVI,Max,
2014-08,NDWI,Mean,
2014-08,NDWI,Min,
2014-08,NDWI,Max,
2014-09,BWDRVI,Mean,
2014-09,BWDRVI,Min,
2014-09,BWDRVI,Max,
2014-09,EVI,Mean,
2014-09,EVI,Min,
2014-09,EVI,Max,
2014-09,EVI2,Mean,
2014-09,EVI2,Min,
2014-09,EVI2,Max,
2014-09,GEMI,Mean,
2014-09,GEMI,Min,
2014-09,GEMI,Max,
2014-09,NDVI,Mean,
2014-09,NDVI,Min,
2014-09,NDVI,Max,
2014-09,NDWI,Mean,
2014-09,NDWI,Min,
2014-09,NDWI,Max,
2014-10,BWDRVI,Mean,
2014-10,BWDRVI,Min,
2014-10,BWDRVI,Max,
2014-10,EVI,Mean,
2014-10,EVI,Min,
2014-10,EVI,Max,
2014-10,EVI2,Mean,
2014-10,EVI2,Min,
2014-10,EVI2,Max,
2014-10,GEMI,Mean,
2014-10,GEMI,Min,
2014-10,GEMI,Max,
2014-10,NDVI,Mean,
2014-10,NDVI,Min,
2014-10,NDVI,Max,
2014-10,NDWI,Mean,
2014-10,NDWI,Min,
2014-10,NDWI,Max,
2014-11,BWDRVI,Mean,
2014-11,BWDRVI,Min,
2014-11,BWDRVI,Max,
2014-11,EVI,Mean,
2014-11,EVI,Min,
2014-11,EVI,Max,
2014-11,EVI2,Mean,
2014-11,EVI2,Min,
2014-11,EVI2,Max,
2014-11,GEMI,Mean,
2014-11,GEMI,Min,
2014-11,GEMI,Max,
2014-11,NDVI,Mean,
2014-11,NDVI,Min,
2014-11,NDVI,Max,
2014-11,NDWI,Mean,
2014-11,NDWI,Min,
2014-11,NDWI,Max,
2014-12,BWDRVI,Mean,
2014-12,BWDRVI,Min,
2014-12,BWDRVI,Max,
2014-12,EVI,Mean,
2014-12,EVI,Min,
2014-12,EVI,Max,
2014-12,EVI2,Mean,
2014-12,EVI2,Min,
2014-12,EVI2,Max,
2014-12,GEMI,Mean,
2014-12,GEMI,Min,
2014-12,GEMI,Max,
2014-12,NDVI,Mean,
2014-12,NDVI,Min,
2014-12,NDVI,Max,
2014-12,NDWI,Mean,
2014-12,NDWI,Min,
2014-12,NDWI,Max,
2015-01,BWDRVI,Mean,
2015-01,BWDRVI,Min,
2015-01,BWDRVI,Max,
2015-01,EVI,Mean,
2015-01,EVI,Min,
2015-01,EVI,Max,
2015-01,EVI2,Mean,
2015-01,EVI2,Min,
2015-01,EVI2,Max,
2015-01,GEMI,Mean,
2015-01,GEMI,Min,
2015-01,GEMI,Max,
2015-01,NDVI,Mean,
2015-01,NDVI,Min,
2015-01,NDVI,Max,
2015-01,NDWI,Mean,
2015-01,NDWI,Min,
2015-01,NDWI,Max,
2015-02,BWDRVI,Mean,
2015-02,BWDRVI,Min,
2015-02,BWDRVI,Max,
2015-02,EVI,Mean,
2015-02,EVI,Min,
2015-02,EVI,Max,
2015-02,EVI2,Mean,
2015-02,EVI2,Min,
2015-02,EVI2,Max,
2015-02,GEMI,Mean,
2015-02,GEMI,Min,
2015-02,GEMI,Max,
2015-02,NDVI,Mean,
2015-02,NDVI,Min,
2015-02,NDVI,Max,
2015-02,NDWI,Mean,
2015-02,NDWI,Min,
2015-02,NDWI,Max,
2015-03,BWDRVI,Mean,
2015-03,BWDRVI,Min,
2015-03,BWDRVI,Max,
2015-03,EVI,Mean,
2015-03,EVI,Min,
2015-03,EVI,Max,
2015-03,EVI2,Mean,
2015-03,EVI2,Min,
2015-03,EVI2,Max,
2015-03,GEMI,Mean,
2015-03,GEMI,Min,
2015-03,GEMI,Max,
2015-03,NDVI,Mean,
2015-03,NDVI,Min,
2015-03,NDVI,Max,
2015-03,NDWI,Mean,
2015-03,NDWI,Min,
2015-03,NDWI,Max,
2015-04,BWDRVI,Mean,
2015-04,BWDRVI,Min,
2015-04,BWDRVI,Max,
2015-04,EVI,Mean,
2015-04,EVI,Min,
2015-04,EVI,Max,
2015-04,EVI2,Mean,
2015-04,EVI2,Min,
2015-04,EVI2,Max,
2015-04,GEMI,Mean,
2015-04,GEMI,Min,
2015-04,GEMI,Max,
2015-04,NDVI,Mean,
2015-04,NDVI,Min,
2015-04,NDVI,Max,
2015-04,NDWI,Mean,
2015-04,NDWI,Min,
2015-04,NDWI,Max,
2015-05,BWDRVI,Mean,
2015-05,BWDRVI,Min,
2015-05,BWDRVI,Max,
2015-05,EVI,Mean,
2015-05,EVI,Min,
2015-05,EVI,Max,
2015-05,EVI2,Mean,
2015-05,EVI2,Min,
2015-05,EVI2,Max,
2015-05,GEMI,Mean,
2015-05,GEMI,Min,
2015-05,GEMI,Max,
2015-05,NDVI,Mean,
2015-05,NDVI,Min,
2015-05,NDVI,Max,
2015-05,NDWI,Mean,
2015-05,NDWI,Min,
2015-05,NDWI,Max,
2015-06,BWDRVI,Mean,
2015-06,BWDRVI,Min,
2015-06,BWDRVI,Max,
2015-06,EVI,Mean,
2015-06,EVI,Min,
2015-06,EVI,Max,
2015-06,EVI2,Mean,
2015-06,EVI2,Min,
2015-06,EVI2,Max,
2015-06,GEMI,Mean,
2015-06,GEMI,Min,
2015-06,GEMI,Max,
2015-06,NDVI,Mean,
2015-06,NDVI,Min,
2015-06,NDVI,Max,
2015-06,NDWI,Mean,
2015-06,NDWI,Min,
2015-06,NDWI,Max,
2015-07,BWDRVI,Mean,
2015-07,BWDRVI,Min,
2015-07,BWDRVI,Max,
2015-07,EVI,Mean,
2015-07,EVI,Min,
2015-07,EVI,Max,
2015-07,EVI2,Mean,
2015-07,EVI2,Min,
2015-07,EVI2,Max,
2015-07,GEMI,Mean,
2015-07,GEMI,Min,
2015-07,GEMI,Max,
2015-07,NDVI,Mean,
2015-07,NDVI,Min,
2015-07,NDVI,Max,
2015-07,NDWI,Mean,
2015-07,NDWI,Min,
2015-07,NDWI,Max,
2015-08,BWDRVI,Mean,
2015-08,BWDRVI,Min,
2015-08,BWDRVI,Max,
2015-08,EVI,Mean,
2015-08,EVI,Min,
2015-08,EVI,Max,
2015-08,EVI2,Mean,
2015-08,EVI2,Min,
2015-08,EVI2,Max,
2015-08,GEMI,Mean,
2015-08,GEMI,Min,
2015-08,GEMI,Max,
2015-08,NDVI,Mean,
2015-08,NDVI,Min,
2015-08,NDVI,Max,
2015-08,NDWI,Mean,
2015-08,NDWI,Min,
2015-08,NDWI,Max,
2015-09,BWDRVI,Mean,
2015-09,BWDRVI,Min,
2015-09,BWDRVI,Max,
2015-09,EVI,Mean,
2015-09,EVI,Min,
2015-09,EVI,Max,
2015-09,EVI2,Mean,
2015-09,EVI2,Min,
2015-09,EVI2,Max,
2015-09,GEMI,Mean,
2015-09,GEMI,Min,
2015-09,GEMI,Max,
2015-09,NDVI,Mean,
2015-09,NDVI,Min,
2015-09,NDVI,Max,
2015-09,NDWI,Mean,
2015-09,NDWI,Min,
2015-09,NDWI,Max,
2015-10,BWDRVI,Mean,
2015-10,BWDRVI,Min,
2015-10,BWDRVI,Max,
2015-10,EVI,Mean,
2015-10,EVI,Min,
2015-10,EVI,Max,
2015-10,EVI2,Mean,
2015-10,EVI2,Min,
2015-10,EVI2,Max,
2015-10,GEMI,Mean,
2015-10,GEMI,Min,
2015-10,GEMI,Max,
2015-10,NDVI,Mean,
2015-10,NDVI,Min,
2015-10,NDVI,Max,
2015-10,NDWI,Mean,
2015-10,NDWI,Min,
2015-10,NDWI,Max,
2015-11,BWDRVI,Mean,
2015-11,BWDRVI,Min,
2015-11,BWDRVI,Max,
2015-11,EVI,Mean,
2015-11,EVI,Min,
2015-11,EVI,Max,
2015-11,EVI2,Mean,
2015-11,EVI2,Min,
2015-11,EVI2,Max,
2015-11,GEMI,Mean,
2015-11,GEMI,Min,
2015-11,GEMI,Max,
2015-11,NDVI,Mean,
2015-11,NDVI,Min,
2015-11,NDVI,Max,
2015-11,NDWI,Mean,
2015-11,NDWI,Min,
2015-11,NDWI,Max,
2015-12,BWDRVI,Mean,
2015-12,BWDRVI,Min,
2015-12,BWDRVI,Max,
2015-12,EVI,Mean,
2015-12,EVI,Min,
2015-12,EVI,Max,
2015-12,EVI2,Mean,
2015-12,EVI2,Min,
2015-12,EVI2,Max,
2015-12,GEMI,Mean,
2015-12,GEMI,Min,
2015-12,GEMI,Max,
2015-12,NDVI,Mean,
2015-12,NDVI,Min,
2015-12,NDVI,Max,
2015-12,NDWI,Mean,
2015-12,NDWI,Min,
2015-12,NDWI,Max,
2016-01,BWDRVI,Mean,
2016-01,BWDRVI,Min,
2016-01,BWDRVI,Max,
2016-01,EVI,Mean,
2016-01,EVI,Min,
2016-01,EVI,Max,
2016-01,EVI2,Mean,
2016-01,EVI2,Min,
2016-01,EVI2,Max,
2016-01,GEMI,Mean,
2016-01,GEMI,Min,
2016-01,GEMI,Max,
2016-01,NDVI,Mean,
2016-01,NDVI,Min,
2016-01,NDVI,Max,
2016-01,NDWI,Mean,
2016-01,NDWI,Min,
2016-01,NDWI,Max,
2016-02,BWDRVI,Mean,
2016-02,BWDRVI,Min,
2016-02,BWDRVI,Max,
2016-02,EVI,Mean,
2016-02,EVI,Min,
2016-02,EVI,Max,
2016-02,EVI2,Mean,
2016-02,EVI2,Min,
2016-02,EVI2,Max,
2016-02,GEMI,Mean,
2016-02,GEMI,Min,
2016-02,GEMI,Max,
2016-02,NDVI,Mean,
2016-02,NDVI,Min,
2016-02,NDVI,Max,
2016-02,NDWI,Mean,
2016-02,NDWI,Min,
2016-02,NDWI,Max,
2016-03,BWDRVI,Mean,
2016-03,BWDRVI,Min,
2016-03,BWDRVI,Max,
2016-03,EVI,Mean,
2016-03,EVI,Min,
2016-03,EVI,Max,
2016-03,EVI2,Mean,
2016-03,EVI2,Min,
2016-03,EVI2,Max,
2016-03,GEMI,Mean,
2016-03,GEMI,Min,
2016-03,GEMI,Max,
2016-03,NDVI,Mean,
2016-03,NDVI,Min,
2016-03,NDVI,Max,
2016-03,NDWI,Mean,
2016-03,NDWI,Min,
2016-03,NDWI,Max,
2016-04,BWDRVI,Mean,
2016-04,BWDRVI,Min,
2016-04,BWDRVI,Max,
2016-04,EVI,Mean,
2016-04,EVI,Min,
2016-04,EVI,Max,
2016-04,EVI2,Mean,
2016-04,EVI2,Min,
2016-04,EVI2,Max,
2016-04,GEMI,Mean,
2016-04,GEMI,Min,
2016-04,GEMI,Max,
2016-04,NDVI,Mean,
2016-04,NDVI,Min,
2016-04,NDVI,Max,
2016-04,NDWI,Mean,
2016-04,NDWI,Min,
2016-04,NDWI,Max,
2016-05,BWDRVI,Mean,
2016-05,BWDRVI,Min,
2016-05,BWDRVI,Max,
2016-05,EVI,Mean,
2016-05,EVI,Min,
2016-05,EVI,Max,
2016-05,EVI2,Mean,
2016-05,EVI2,Min,
2016-05,EVI2,Max,
2016-05,GEMI,Mean,
2016-05,GEMI,Min,
2016-05,GEMI,Max,
2016-05,NDVI,Mean,
2016-05,NDVI,Min,
2016-05,NDVI,Max,
2016-05,NDWI,Mean,
2016-05,NDWI,Min,
2016-05,NDWI,Max,
2016-06,BWDRVI,Mean,
2016-06,BWDRVI,Min,
2016-06,BWDRVI,Max,
2016-06,EVI,Mean,
2016-06,EVI,Min,
2016-06,EVI,Max,
2016-06,EVI2,Mean,
2016-06,EVI2,Min,
2016-06,EVI2,Max,
2016-06,GEMI,Mean,
2016-06,GEMI,Min,
2016-06,GEMI,Max,
2016-06,NDVI,Mean,
2016-06,NDVI,Min,
2016-06,NDVI,Max,
2016-06,NDWI,Mean,
2016-06,NDWI,Min,
2016-06,NDWI,Max,
2016-07,BWDRVI,Mean,
2016-07,BWDRVI,Min,
2016-07,BWDRVI,Max,
2016-07,EVI,Mean,
2016-07,EVI,Min,
2016-07,EVI,Max,
2016-07,EVI2,Mean,
2016-07,EVI2,Min,
2016-07,EVI2,Max,
2016-07,GEMI,Mean,
2016-07,GEMI,Min,
2016-07,GEMI,Max,
2016-07,NDVI,Mean,
2016-07,NDVI,Min,
2016-07,NDVI,Max,
2016-07,NDWI,Mean,
2016-07,NDWI,Min,
2016-07,NDWI,Max,
2016-08,BWDRVI,Mean,
2016-08,BWDRVI,Min,
2016-08,BWDRVI,Max,
2016-08,EVI,Mean,
2016-08,EVI,Min,
2016-08,EVI,Max,
2016-08,EVI2,Mean,
2016-08,EVI2,Min,
2016-08,EVI2,Max,
2016-08,GEMI,Mean,
2016-08,GEMI,Min,
2016-08,GEMI,Max,
2016-08,NDVI,Mean,
2016-08,NDVI,Min,
2016-08,NDVI,Max,
2016-08,NDWI,Mean,
2016-08,NDWI,Min,
2016-08,NDWI,Max,
2016-09,BWDRVI,Mean,
2016-09,BWDRVI,Min,
2016-09,BWDRVI,Max,
2016-09,EVI,Mean,
2016-09,EVI,Min,
2016-09,EVI,Max,
2016-09,EVI2,Mean,
2016-09,EVI2,Min,
2016-09,EVI2,Max,
2016-09,GEMI,Mean,
2016-09,GEMI,Min,
2016-09,GEMI,Max,
2016-09,NDVI,Mean,
2016-09,NDVI,Min,
2016-09,NDVI,Max,
2016-09,NDWI,Mean,
2016-09,NDWI,Min,
2016-09,NDWI,Max,
2016-10,BWDRVI,Mean,
2016-10,BWDRVI,Min,
2016-10,BWDRVI,Max,
2016-10,EVI,Mean,
2016-10,EVI,Min,
2016-10,EVI,Max,
2016-10,EVI2,Mean,
2016-10,EVI2,Min,
2016-10,EVI2,Max,
2016-10,GEMI,Mean,
2016-10,GEMI,Min,
2016-10,GEMI,Max,
2016-10,NDVI,Mean,
2016-10,NDVI,Min,
2016-10,NDVI,Max,
2016-10,NDWI,Mean,
2016-10,NDWI,Min,
2016-10,NDWI,Max,
2016-11,BWDRVI,Mean,
2016-11,BWDRVI,Min,
2016-11,BWDRVI,Max,
2016-11,EVI,Mean,
2016-11,EVI,Min,
2016-11,EVI,Max,
2016-11,EVI2,Mean,
2016-11,EVI2,Min,
2016-11,EVI2,Max,
2016-11,GEMI,Mean,
2016-11,GEMI,Min,
2016-11,GEMI,Max,
2016-11,NDVI,Mean,
2016-11,NDVI,Min,
2016-11,NDVI,Max,
2016-11,NDWI,Mean,
2016-11,NDWI,Min,
2016-11,NDWI,Max,
2016-12,BWDRVI,Mean,
2016-12,BWDRVI,Min,
2016-12,BWDRVI,Max,
2016-12,EVI,Mean,
2016-12,EVI,Min,
2016-12,EVI,Max,
2016-12,EVI2,Mean,
2016-12,EVI2,Min,
2016-12,EVI2,Max,
2016-12,GEMI,Mean,
2016-12,GEMI,Min,
2016-12,GEMI,Max,
2016-12,NDVI,Mean,
2016-12,NDVI,Min,
2016-12,NDVI,Max,
2016-12,NDWI,Mean,
2016-12,NDWI,Min,
2016-12,NDWI,Max,
2017-01,BWDRVI,Mean,
2017-01,BWDRVI,Min,
2017-01,BWDRVI,Max,
2017-01,EVI,Mean,
2017-01,EVI,Min,
2017-01,EVI,Max,
2017-01,EVI2,Mean,
2017-01,EVI2,Min,
2017-01,EVI2,Max,
2017-01,GEMI,Mean,
2017-01,GEMI,Min,
2017-01,GEMI,Max,
2017-01,NDVI,Mean,
2017-01,NDVI,Min,
2017-01,NDVI,Max,
2017-01,NDWI,Mean,
2017-01,NDWI,Min,
2017-01,NDWI,Max,
2017-02,BWDRVI,Mean,
2017-02,BWDRVI,Min,
2017-02,BWDRVI,Max,
2017-02,EVI,Mean,
2017-02,EVI,Min,
2017-02,EVI,Max,
2017-02,EVI2,Mean,
2017-02,EVI2,Min,
2017-02,EVI2,Max,
2017-02,GEMI,Mean,
2017-02,GEMI,Min,
2017-02,GEMI,Max,
2017-02,NDVI,Mean,
2017-02,NDVI,Min,
2017-02,NDVI,Max,
2017-02,NDWI,Mean,
2017-02,NDWI,Min,
2017-02,NDWI,Max,
2017-03,BWDRVI,Mean,
2017-03,BWDRVI,Min,
2017-03,BWDRVI,Max,
2017-03,EVI,Mean,
2017-03,EVI,Min,
2017-03,EVI,Max,
2017-03,EVI2,Mean,
2017-03,EVI2,Min,
2017-03,EVI2,Max,
2017-03,GEMI,Mean,
2017-03,GEMI,Min,
2017-03,GEMI,Max,
2017-03,NDVI,Mean,
2017-03,NDVI,Min,
2017-03,NDVI,Max,
2017-03,NDWI,Mean,
2017-03,NDWI,Min,
2017-03,NDWI,Max,
2017-04,BWDRVI,Mean,
2017-04,BWDRVI,Min,
2017-04,BWDRVI,Max,
2017-04,EVI,Mean,
2017-04,EVI,Min,
2017-04,EVI,Max,
2017-04,EVI2,Mean,
2017-04,EVI2,Min,
2017-04,EVI2,Max,
2017-04,GEMI,Mean,
2017-04,GEMI,Min,
2017-04,GEMI,Max,
2017-04,NDVI,Mean,
2017-04,NDVI,Min,
2017-04,NDVI,Max,
2017-04,NDWI,Mean,
2017-04,NDWI,Min,
2017-04,NDWI,Max,
2017-05,BWDRVI,Mean,
2017-05,BWDRVI,Min,
2017-05,BWDRVI,Max,
2017-05,EVI,Mean,
2017-05,EVI,Min,
2017-05,EVI,Max,
2017-05,EVI2,Mean,
2017-05,EVI2,Min,
2017-05,EVI2,Max,
2017-05,GEMI,Mean,
2017-05,GEMI,Min,
2017-05,GEMI,Max,
2017-05,NDVI,Mean,
2017-05,NDVI,Min,
2017-05,NDVI,Max,
2017-05,NDWI,Mean,
2017-05,NDWI,Min,
2017-05,NDWI,Max,
2017-06,BWDRVI,Mean,
2017-06,BWDRVI,Min,
2017-06,BWDRVI,Max,
2017-06,EVI,Mean,
2017-06,EVI,Min,
2017-06,EVI,Max,
2017-06,EVI2,Mean,
2017-06,EVI2,Min,
2017-06,EVI2,Max,
2017-06,GEMI,Mean,
2017-06,GEMI,Min,
2017-06,GEMI,Max,
2017-06,NDVI,Mean,
2017-06,NDVI,Min,
2017-06,NDVI,Max,
2017-06,NDWI,Mean,
2017-06,NDWI,Min,
2017-06,NDWI,Max,
2017-07,BWDRVI,Mean,
2017-07,BWDRVI,Min,
2017-07,BWDRVI,Max,
2017-07,EVI,Mean,
2017-07,EVI,Min,
2017-07,EVI,Max,
2017-07,EVI2,Mean,
2017-07,EVI2,Min,
2017-07,EVI2,Max,
2017-07,GEMI,Mean,
2017-07,GEMI,Min,
2017-07,GEMI,Max,
2017-07,NDVI,Mean,
2017-07,NDVI,Min,
2017-07,NDVI,Max,
2017-07,NDWI,Mean,
2017-07,NDWI,Min,
2017-07,NDWI,Max,
2017-08,BWDRVI,Mean,
2017-08,BWDRVI,Min,
2017-08,BWDRVI,Max,
2017-08,EVI,Mean,
2017-08,EVI,Min,
2017-08,EVI,Max,
2017-08,EVI2,Mean,
2017-08,EVI2,Min,
2017-08,EVI2,Max,
2017-08,GEMI,Mean,
2017-08,GEMI,Min,
2017-08,GEMI,Max,
2017-08,NDVI,Mean,
2017-08,NDVI,Min,
2017-08,NDVI,Max,
2017-08,NDWI,Mean,
2017-08,NDWI,Min,
2017-08,NDWI,Max,
2017-09,BWDRVI,Mean,
2017-09,BWDRVI,Min,
2017-09,BWDRVI,Max,
2017-09,EVI,Mean,
2017-09,EVI,Min,
2017-09,EVI,Max,
2017-09,EVI2,Mean,
2017-09,EVI2,Min,
2017-09,EVI2,Max,
2017-09,GEMI,Mean,
2017-09,GEMI,Min,
2017-09,GEMI,Max,
2017-09,NDVI,Mean,
2017-09,NDVI,Min,
2017-09,NDVI,Max,
2017-09,NDWI,Mean,
2017-09,NDWI,Min,
2017-09,NDWI,Max,
2017-10,BWDRVI,Mean,
2017-10,BWDRVI,Min,
2017-10,BWDRVI,Max,
2017-10,EVI,Mean,
2017-10,EVI,Min,
2017-10,EVI,Max,
2017-10,EVI2,Mean,
2017-10,EVI2,Min,
2017-10,EVI2,Max,
2017-10,GEMI,Mean,
2017-10,GEMI,Min,
2017-10,GEMI,Max,
2017-10,NDVI,Mean,
2017-10,NDVI,Min,
2017-10,NDVI,Max,
2017-10,NDWI,Mean,
2017-10,NDWI,Min,
2017-10,NDWI,Max,
2017-11,BWDRVI,Mean,
2017-11,BWDRVI,Min,
2017-11,BWDRVI,Max,
2017-11,EVI,Mean,
2017-11,EVI,Min,
2017-11,EVI,Max,
2017-11,EVI2,Mean,
2017-11,EVI2,Min,
2017-11,EVI2,Max,
2017-11,GEMI,Mean,
2017-11,GEMI,Min,
2017-11,GEMI,Max,
2017-11,NDVI,Mean,
2017-11,NDVI,Min,
2017-11,NDVI,Max,
2017-11,NDWI,Mean,
2017-11,NDWI,Min,
2017-11,NDWI,Max,
2017-12,BWDRVI,Mean,
2017-12,BWDRVI,Min,
2017-12,BWDRVI,Max,
2017-12,EVI,Mean,
2017-12,EVI,Min,
2017-12,EVI,Max,
2017-12,EVI2,Mean,
2017-12,EVI2,Min,
2017-12,EVI2,Max,
2017-12,GEMI,Mean,
2017-12,GEMI,Min,
2017-12,GEMI,Max,
2017-12,NDVI,Mean,
2017-12,NDVI,Min,
2017-12,NDVI,Max,
2017-12,NDWI,Mean,
2017-12,NDWI,Min,
2017-12,NDWI,Max,
2018-01,BWDRVI,Mean,
2018-01,BWDRVI,Min,
2018-01,BWDRVI,Max,
2018-01,EVI,Mean,
2018-01,EVI,Min,
2018-01,EVI,Max,
2018-01,EVI2,Mean,
2018-01,EVI2,Min,
2018-01,EVI2,Max,
2018-01,GEMI,Mean,
2018-01,GEMI,Min,
2018-01,GEMI,Max,
2018-01,NDVI,Mean,
2018-01,NDVI,Min,
2018-01,NDVI,Max,
2018-01,NDWI,Mean,
2018-01,NDWI,Min,
2018-01,NDWI,Max,
2018-02,BWDRVI,Mean,
2018-02,BWDRVI,Min,
2018-02,BWDRVI,Max,
2018-02,EVI,Mean,
2018-02,EVI,Min,
2018-02,EVI,Max,
2018-02,EVI2,Mean,
2018-02,EVI2,Min,
2018-02,EVI2,Max,
2018-02,GEMI,Mean,
2018-02,GEMI,Min,
2018-02,GEMI,Max,
2018-02,NDVI,Mean,
2018-02,NDVI,Min,
2018-02,NDVI,Max,
2018-02,NDWI,Mean,
2018-02,NDWI,Min,
2018-02,NDWI,Max,
2018-03,BWDRVI,Mean,
2018-03,BWDRVI,Min,
2018-03,BWDRVI,Max,
2018-03,EVI,Mean,
2018-03,EVI,Min,
2018-03,EVI,Max,
2018-03,EVI2,Mean,
2018-03,EVI2,Min,
2018-03,EVI2,Max,
2018-03,GEMI,Mean,
2018-03,GEMI,Min,
2018-03,GEMI,Max,
2018-03,NDVI,Mean,
2018-03,NDVI,Min,
2018-03,NDVI,Max,
2018-03,NDWI,Mean,
2018-03,NDWI,Min,
2018-03,NDWI,Max,
2018-04,BWDRVI,Mean,
2018-04,BWDRVI,Min,
2018-04,BWDRVI,Max,
2018-04,EVI,Mean,
2018-04,EVI,Min,
2018-04,EVI,Max,
2018-04,EVI2,Mean,
2018-04,EVI2,Min,
2018-04,EVI2,Max,
2018-04,GEMI,Mean,
2018-04,GEMI,Min,
2018-04,GEMI,Max,
2018-04,NDVI,Mean,
2018-04,NDVI,Min,
2018-04,NDVI,Max,
2018-04,NDWI,Mean,
2018-04,NDWI,Min,
2018-04,NDWI,Max,
2018-05,BWDRVI,Mean,
2018-05,BWDRVI,Min,
2018-05,BWDRVI,Max,
2018-05,EVI,Mean,
2018-05,EVI,Min,
2018-05,EVI,Max,
2018-05,EVI2,Mean,
2018-05,EVI2,Min,
2018-05,EVI2,Max,
2018-05,GEMI,Mean,
2018-05,GEMI,Min,
2018-05,GEMI,Max,
2018-05,NDVI,Mean,
2018-05,NDVI,Min,
2018-05,NDVI,Max,
2018-05,NDWI,Mean,
2018-05,NDWI,Min,
2018-05,NDWI,Max,
2018-06,BWDRVI,Mean,
2018-06,BWDRVI,Min,
2018-06,BWDRVI,Max,
2018-06,EVI,Mean,
2018-06,EVI,Min,
2018-06,EVI,Max,
2018-06,EVI2,Mean,
2018-06,EVI2,Min,
2018-06,EVI2,Max,
2018-06,GEMI,Mean,
2018-06,GEMI,Min,
2018-06,GEMI,Max,
2018-06,NDVI,Mean,
2018-06,NDVI,Min,
2018-06,NDVI,Max,
2018-06,NDWI,Mean,
2018-06,NDWI,Min,
2018-06,NDWI,Max,
2018-07,BWDRVI,Mean,
2018-07,BWDRVI,Min,
2018-07,BWDRVI,Max,
2018-07,EVI,Mean,
2018-07,EVI,Min,
2018-07,EVI,Max,
2018-07,EVI2,Mean,
2018-07,EVI2,Min,
2018-07,EVI2,Max,
2018-07,GEMI,Mean,
2018-07,GEMI,Min,
2018-07,GEMI,Max,
2018-07,NDVI,Mean,
2018-07,NDVI,Min,
2018-07,NDVI,Max,
2018-07,NDWI,Mean,
2018-07,NDWI,Min,
2018-07,NDWI,Max,
2018-08,BWDRVI,Mean,
2018-08,BWDRVI,Min,
2018-08,BWDRVI,Max,
2018-08,EVI,Mean,
2018-08,EVI,Min,
2018-08,EVI,Max,
2018-08,EVI2,Mean,
2018-08,EVI2,Min,
2018-08,EVI2,Max,
2018-08,GEMI,Mean,
2018-08,GEMI,Min,
2018-08,GEMI,Max,
2018-08,NDVI,Mean,
2018-08,NDVI,Min,
2018-08,NDVI,Max,
2018-08,NDWI,Mean,
2018-08,NDWI,Min,
2018-08,NDWI,Max,
2018-09,BWDRVI,Mean,
2018-09,BWDRVI,Min,
2018-09,BWDRVI,Max,
2018-09,EVI,Mean,
2018-09,EVI,Min,
2018-09,EVI,Max,
2018-09,EVI2,Mean,
2018-09,EVI2,Min,
2018-09,EVI2,Max,
2018-09,GEMI,Mean,
2018-09,GEMI,Min,
2018-09,GEMI,Max,
2018-09,NDVI,Mean,
2018-09,NDVI,Min,
2018-09,NDVI,Max,
2018-09,NDWI,Mean,
2018-09,NDWI,Min,
2018-09,NDWI,Max,
2018-10,BWDRVI,Mean,
2018-10,BWDRVI,Min,
2018-10,BWDRVI,Max,
2018-10,EVI,Mean,
2018-10,EVI,Min,
2018-10,EVI,Max,
2018-10,EVI2,Mean,
2018-10,EVI2,Min,
2018-10,EVI2,Max,
2018-10,GEMI,Mean,
2018-10,GEMI,Min,
2018-10,GEMI,Max,
2018-10,NDVI,Mean,
2018-10,NDVI,Min,
2018-10,NDVI,Max,
2018-10,NDWI,Mean,
2018-10,NDWI,Min,
2018-10,NDWI,Max,
2018-11,BWDRVI,Mean,
2018-11,BWDRVI,Min,
2018-11,BWDRVI,Max,
2018-11,EVI,Mean,
2018-11,EVI,Min,
2018-11,EVI,Max,
2018-11,EVI2,Mean,
2018-11,EVI2,Min,
2018-11,EVI2,Max,
2018-11,GEMI,Mean,
2018-11,GEMI,Min,
2018-11,GEMI,Max,
2018-11,NDVI,Mean,
2018-11,NDVI,Min,
2018-11,NDVI,Max,
2018-11,NDWI,Mean,
2018-11,NDWI,Min,
2018-11,NDWI,Max,
2018-12,BWDRVI,Mean,
2018-12,BWDRVI,Min,
2018-12,BWDRVI,Max,
2018-12,EVI,Mean,
2018-12,EVI,Min,
2018-12,EVI,Max,
2018-12,EVI2,Mean,
2018-12,EVI2,Min,
2018-12,EVI2,Max,
2018-12,GEMI,Mean,
2018-12,GEMI,Min,
2018-12,GEMI,Max,
2018-12,NDVI,Mean,
2018-12,NDVI,Min,
2018-12,NDVI,Max,
2018-12,NDWI,Mean,
2018-12,NDWI,Min,
2018-12,NDWI,Max,
2019-01,BWDRVI,Mean,
2019-01,BWDRVI,Min,
2019-01,BWDRVI,Max,
2019-01,EVI,Mean,
2019-01,EVI,Min,
2019-01,EVI,Max,
2019-01,EVI2,Mean,
2019-01,EVI2,Min,
2019-01,EVI2,Max,
2019-01,GEMI,Mean,
2019-01,GEMI,Min,
2019-01,GEMI,Max,
2019-01,NDVI,Mean,
2019-01,NDVI,Min,
2019-01,NDVI,Max,
2019-01,NDWI,Mean,
2019-01,NDWI,Min,
2019-01,NDWI,Max,
2019-02,BWDRVI,Mean,
2019-02,BWDRVI,Min,
2019-02,BWDRVI,Max,
2019-02,EVI,Mean,
2019-02,EVI,Min,
2019-02,EVI,Max,
2019-02,EVI2,Mean,
2019-02,EVI2,Min,
2019-02,EVI2,Max,
2019-02,GEMI,Mean,
2019-02,GEMI,Min,
2019-02,GEMI,Max,
2019-02,NDVI,Mean,
2019-02,NDVI,Min,
2019-02,NDVI,Max,
2019-02,NDWI,Mean,
2019-02,NDWI,Min,
2019-02,NDWI,Max,
2019-03,BWDRVI,Mean,
2019-03,BWDRVI,Min,
2019-03,BWDRVI,Max,
2019-03,EVI,Mean,
2019-03,EVI,Min,
2019-03,EVI,Max,
2019-03,EVI2,Mean,
2019-03,EVI2,Min,
2019-03,EVI2,Max,
2019-03,GEMI,Mean,
2019-03,GEMI,Min,
2019-03,GEMI,Max,
2019-03,NDVI,Mean,
2019-03,NDVI,Min,
2019-03,NDVI,Max,
2019-03,NDWI,Mean,
2019-03,NDWI,Min,
2019-03,NDWI,Max,
2019-04,BWDRVI,Mean,
2019-04,BWDRVI,Min,
2019-04,BWDRVI,Max,
2019-04,EVI,Mean,
2019-04,EVI,Min,
2019-04,EVI,Max,
2019-04,EVI2,Mean,
2019-04,EVI2,Min,
2019-04,EVI2,Max,
2019-04,GEMI,Mean,
2019-04,GEMI,Min,
2019-04,GEMI,Max,
2019-04,NDVI,Mean,
2019-04,NDVI,Min,
2019-04,NDVI,Max,
2019-04,NDWI,Mean,
2019-04,NDWI,Min,
2019-04,NDWI,Max,
2019-05,BWDRVI,Mean,
2019-05,BWDRVI,Min,
2019-05,BWDRVI,Max,
2019-05,EVI,Mean,
2019-05,EVI,Min,
2019-05,EVI,Max,
2019-05,EVI2,Mean,
2019-05,EVI2,Min,
2019-05,EVI2,Max,
2019-05,GEMI,Mean,
2019-05,GEMI,Min,
2019-05,GEMI,Max,
2019-05,NDVI,Mean,
2019-05,NDVI,Min,
2019-05,NDVI,Max,
2019-05,NDWI,Mean,
2019-05,NDWI,Min,
2019-05,NDWI,Max,
2019-06,BWDRVI,Mean,
2019-06,BWDRVI,Min,
2019-06,BWDRVI,Max,
2019-06,EVI,Mean,
2019-06,EVI,Min,
2019-06,EVI,Max,
2019-06,EVI2,Mean,
2019-06,EVI2,Min,
2019-06,EVI2,Max,
2019-06,GEMI,Mean,
2019-06,GEMI,Min,
2019-06,GEMI,Max,
2019-06,NDVI,Mean,
2019-06,NDVI,Min,
2019-06,NDVI,Max,
2019-06,NDWI,Mean,
2019-06,NDWI,Min,
2019-06,NDWI,Max,
2019-07,BWDRVI,Mean,
2019-07,BWDRVI,Min,
2019-07,BWDRVI,Max,
2019-07,EVI,Mean,
2019-07,EVI,Min,
2019-07,EVI,Max,
2019-07,EVI2,Mean,
2019-07,EVI2,Min,
2019-07,EVI2,Max,
2019-07,GEMI,Mean,
2019-07,GEMI,Min,
2019-07,GEMI,Max,
2019-07,NDVI,Mean,
2019-07,NDVI,Min,
2019-07,NDVI,Max,
2019-07,NDWI,Mean,
2019-07,NDWI,Min,
2019-07,NDWI,Max,
2019-08,BWDRVI,Mean,
2019-08,BWDRVI,Min,
2019-08,BWDRVI,Max,
2019-08,EVI,Mean,
2019-08,EVI,Min,
2019-08,EVI,Max,
2019-08,EVI2,Mean,
2019-08,EVI2,Min,
2019-08,EVI2,Max,
2019-08,GEMI,Mean,
2019-08,GEMI,Min,
2019-08,GEMI,Max,
2019-08,NDVI,Mean,
2019-08,NDVI,Min,
2019-08,NDVI,Max,
2019-08,NDWI,Mean,
2019-08,NDWI,Min,
2019-08,NDWI,Max,
2019-09,BWDRVI,Mean,
2019-09,BWDRVI,Min,
2019-09,BWDRVI,Max,
2019-09,EVI,Mean,
2019-09,EVI,Min,
2019-09,EVI,Max,
2019-09,EVI2,Mean,
2019-09,EVI2,Min,
2019-09,EVI2,Max,
2019-09,GEMI,Mean,
2019-09,GEMI,Min,
2019-09,GEMI,Max,
2019-09,NDVI,Mean,
2019-09,NDVI,Min,
2019-09,NDVI,Max,
2019-09,NDWI,Mean,
2019-09,NDWI,Min,
2019-09,NDWI,Max,
2019-10,BWDRVI,Mean,
2019-10,BWDRVI,Min,
2019-10,BWDRVI,Max,
2019-10,EVI,Mean,
2019-10,EVI,Min,
2019-10,EVI,Max,
2019-10,EVI2,Mean,
2019-10,EVI2,Min,
2019-10,EVI2,Max,
2019-10,GEMI,Mean,
2019-10,GEMI,Min,
2019-10,GEMI,Max,
2019-10,NDVI,Mean,
2019-10,NDVI,Min,
2019-10,NDVI,Max,
2019-10,NDWI,Mean,
2019-10,NDWI,Min,
2019-10,NDWI,Max,
2019-11,BWDRVI,Mean,
2019-11,BWDRVI,Min,
2019-11,BWDRVI,Max,
2019-11,EVI,Mean,
2019-11,EVI,Min,
2019-11,EVI,Max,
2019-11,EVI2,Mean,
2019-11,EVI2,Min,
2019-11,EVI2,Max,
2019-11,GEMI,Mean,
2019-11,GEMI,Min,
2019-11,GEMI,Max,
2019-11,NDVI,Mean,
2019-11,NDVI,Min,
2019-11,NDVI,Max,
2019-11,NDWI,Mean,
2019-11,NDWI,Min,
2019-11,NDWI,Max,
2019-12,BWDRVI,Mean,
2019-12,BWDRVI,Min,
2019-12,BWDRVI,Max,
2019-12,EVI,Mean,
2019-12,EVI,Min,
2019-12,EVI,Max,
2019-12,EVI2,Mean,
2019-12,EVI2,Min,
2019-12,EVI2,Max,
2019-12,GEMI,Mean,
2019-12,GEMI,Min,
2019-12,GEMI,Max,
2019-12,NDVI,Mean,
2019-12,NDVI,Min,
2019-12,NDVI,Max,
2019-12,NDWI,Mean,
2019-12,NDWI,Min,
2019-12,NDWI,Max,
2020-01,BWDRVI,Mean,-0.3717506678464512
2020-01,BWDRVI,Min,-0.6380746610959371
2020-01,BWDRVI,Max,-0.07288799947748581
2020-01,EVI,Mean,1.3782426699002583
2020-01,EVI,Min,-6.076010706027349
2020-01,EVI,Max,2.9463306617736817
2020-01,EVI2,Mean,1.2210746653874716
2020-01,EVI2,Min,0.6263746653000514
2020-01,EVI2,Max,1.6942826652526854
2020-01,GEMI,Mean,-3492516.446666667
2020-01,GEMI,Min,-9418091.516666668
2020-01,GEMI,Max,-837590.813515625
2020-01,NDVI,Mean,0.607670666774114
2020-01,NDVI,Min,0.35254133532444637
2020-01,NDVI,Max,0.7778546659151713
2020-01,NDWI,Mean,-0.5958626663684845
2020-01,NDWI,Min,-0.720497330824534
2020-01,NDWI,Max,-0.38163066575924554
2020-02,BWDRVI,Mean,-0.31552923035521346
2020-02,BWDRVI,Min,-0.6162123031341112
2020-02,BWDRVI,Max,-0.0007523072167084767
2020-02,EVI,Mean,1.9332815376611856
2020-02,EVI,Min,-0.45541846706317024
2020-02,EVI,Max,6.847249245643615
2020-02,EVI2,Mean,1.3152692299622757
2020-02,EVI2,Min,0.6715907704371672
2020-02,EVI2,Max,1.783661545239962
2020-02,GEMI,Mean,-4799419.140384615
2020-02,GEMI,Min,-11638923.61923077
2020-02,GEMI,Max,-1088872.1327524038
2020-02,NDVI,Mean,0.6413461565971375
2020-02,NDVI,Min,0.3707323067463361
2020-02,NDVI,Max,0.8049353842551892
2020-02,NDWI,Mean,-0.599356923195032
2020-02,NDWI,Min,-0.7201476972836715
2020-02,NDWI,Max,-0.3867861507030634
2020-03,BWDRVI,Mean,-0.25957906999906827
2020-03,BWDRVI,Min,-0.6071767437943193
2020-03,BWDRVI,Max,0.07892790636004404
2020-03,EVI,Mean,1.7578093035276545
2020-03,EVI,Min,0.9263860565978427
2020-03,EVI,Max,2.4147348902946293
2020-03,EVI2,Mean,1.381865122983622
2020-03,EVI2,Min,0.6570418605277705
2020-03,EVI2,Max,1.8704209299974663
2020-03,GEMI,Mean,-6304605.1555232555
2020-03,GEMI,Min,-14091359.03488372
2020-03,GEMI,Max,-1586209.6615188953
2020-03,NDVI,Mean,0.6602930253328279
2020-03,NDVI,Min,0.34548371995604316
2020-03,NDVI,Max,0.8313999979995018
2020-03,NDWI,Mean,-0.6095581408156905
2020-03,NDWI,Min,-0.7394325559915498
2020-03,NDWI,Max,-0.3577441871166229
2020-04,BWDRVI,Mean,-0.3156999945640564
2020-04,BWDRVI,Min,-0.6468999981880188
2020-04,BWDRVI,Max,0.09179999679327011
2020-04,EVI,Mean,2.1185998916625977
2020-04,EVI,Min,0.9745000004768372
2020-04,EVI,Max,3.7553000450134277
2020-04,EVI2,Mean,1.3370000123977661
2020-04,EVI2,Min,0.6288999915122986
2020-04,EVI2,Max,1.90910005569458
2020-04,GEMI,Mean,-1262257.625
2020-04,GEMI,Min,-5158923.5
2020-04,GEMI,Max,-122779.5234375
2020-04,NDVI,Mean,0.6538000106811523
2020-04,NDVI,Min,0.3637999892234802
2020-04,NDVI,Max,0.8464000225067139
2020-04,NDWI,Mean,-0.5877000093460083
2020-04,NDWI,Min,-0.7444000244140625
2020-04,NDWI,Max,-0.42080000042915344
2020-05,BWDRVI,Mean,-0.20743488316792388
2020-05,BWDRVI,Min,-0.6040697671299757
2020-05,BWDRVI,Max,0.13378372047702933
2020-05,EVI,Mean,2.010469759619513
2020-05,EVI,Min,0.27163256843422734
2020-05,EVI,Max,3.279776750608932
2020-05,EVI2,Mean,1.4412279087443685
2020-05,EVI2,Min,0.6732116303471631
2020-05,EVI2,Max,1.9290488348450772
2020-05,GEMI,Mean,-9427859.825581396
2020-05,GEMI,Min,-18080222.558139537
2020-05,GEMI,Max,-2539701.5959302327
2020-05,NDVI,Mean,0.6780372102593266
2020-05,NDVI,Min,0.3637092991970306
2020-05,NDVI,Max,0.8495930253073226
2020-05,NDWI,Mean,-0.6271720923656641
2020-05,NDWI,Min,-0.7592744217362515
2020-05,NDWI,Max,-0.3842488392147907
2020-06,BWDRVI,Mean,-0.281277142059324
2020-06,BWDRVI,Min,-0.6260057106614113
2020-06,BWDRVI,Max,0.05881428534963301
2020-06,EVI,Mean,1.7767514194761003
2020-06,EVI,Min,-2.401238608945693
2020-06,EVI,Max,5.464475739002228
2020-06,EVI2,Mean,1.3207614315407616
2020-06,EVI2,Min,0.629797141094293
2020-06,EVI2,Max,1.8242385638611658
2020-06,GEMI,Mean,-9142620.003125
2020-06,GEMI,Min,-17693704.125
2020-06,GEMI,Max,-2786759.1227120534
2020-06,NDVI,Mean,0.6334014288016728
2020-06,NDVI,Min,0.3463328557355063
2020-06,NDVI,Max,0.8134457111358643
2020-06,NDWI,Mean,-0.5998914271593094
2020-06,NDWI,Min,-0.7324999979564122
2020-06,NDWI,Max,-0.37803571415799003
2020-07,BWDRVI,Mean,-0.3092739848889471
2020-07,BWDRVI,Min,-0.6387065031179567
2020-07,BWDRVI,Max,0.05662032549470148
2020-07,EVI,Mean,1.4527715422758243
2020-07,EVI,Min,-9.22308416137608
2020-07,EVI,Max,3.213527660059735
2020-07,EVI2,Mean,1.2829105742578584
2020-07,EVI2,Min,0.6102000042735561
2020-07,EVI2,Max,1.8360260126551962
2020-07,GEMI,Mean,-7563833.139227643
2020-07,GEMI,Min,-15209946.552845528
2020-07,GEMI,Max,-2245230.31402439
2020-07,NDVI,Mean,0.6210975631223461
2020-07,NDVI,Min,0.3402642270595562
2020-07,NDVI,Max,0.819849593368003
2020-07,NDWI,Mean,-0.6043975597959224
2020-07,NDWI,Min,-0.7506569081205663
2020-07,NDWI,Max,-0.3809756089637919
2020-08,BWDRVI,Mean,-0.2640565217108182
2020-08,BWDRVI,Min,-0.6427239134259846
2020-08,BWDRVI,Max,0.13547174106655724
2020-08,EVI,Mean,1.6726347836463347
2020-08,EVI,Min,0.2761956590997136
2020-08,EVI,Max,2.723139137029648
2020-08,EVI2,Mean,1.335827175365842
2020-08,EVI2,Min,0.5955891310358825
2020-08,EVI2,Max,1.8939119622759197
2020-08,GEMI,Mean,-7209487.605978261
2020-08,GEMI,Min,-15217577.078804348
2020-08,GEMI,Max,-1856084.7214355469
2020-08,NDVI,Mean,0.6379489132567592
2020-08,NDVI,Min,0.3318521728455696
2020-08,NDVI,Max,0.834543478877648
2020-08,NDWI,Mean,-0.617006521186103
2020-08,NDWI,Min,-0.7691554349401722
2020-08,NDWI,Max,-0.3709239118287097
2020-09,BWDRVI,Mean,-0.27683508781748906
2020-09,BWDRVI,Min,-0.6362035044452601
2020-09,BWDRVI,Max,0.08305789429792448
2020-09,EVI,Mean,1.4849473699404483
2020-09,EVI,Min,-10.577689452325565
2020-09,EVI,Max,5.914135062903688
2020-09,EVI2,Mean,1.3297403444323623
2020-09,EVI2,Min,0.6129912267390051
2020-09,EVI2,Max,1.8353193057210822
2020-09,GEMI,Mean,-5688812.09758772
2020-09,GEMI,Min,-11525385.763157895
2020-09,GEMI,Max,-1406209.0777009663
2020-09,NDVI,Mean,0.6392263174057007
2020-09,NDVI,Min,0.33974210695739376
2020-09,NDVI,Max,0.8173456124046392
2020-09,NDWI,Mean,-0.6056473678664157
2020-09,NDWI,Min,-0.7514701731372297
2020-09,NDWI,Max,-0.3679947353768767
2020-10,BWDRVI,Mean,-0.29718333340456915
2020-10,BWDRVI,Min,-0.6111305583682325
2020-10,BWDRVI,Max,-0.0016472223473505841
2020-10,EVI,Mean,1.5560027824507818
2020-10,EVI,Min,-2.3275778982788324
2020-10,EVI,Max,6.969308445851008
2020-10,EVI2,Mean,1.3171333339479234
2020-10,EVI2,Min,0.6713694512016244
2020-10,EVI2,Max,1.758461104498969
2020-10,GEMI,Mean,-4886305.490451389
2020-10,GEMI,Min,-11196060.564236112
2020-10,GEMI,Max,-1106441.4133029515
2020-10,NDVI,Mean,0.6368500019113222
2020-10,NDVI,Min,0.3669250031105346
2020-10,NDVI,Max,0.7954527768823836
2020-10,NDWI,Mean,-0.6026694426933924
2020-10,NDWI,Min,-0.7361833362115754
2020-10,NDWI,Max,-0.3861194472346041
2020-11,BWDRVI,Mean,-0.29960750015452503
2020-11,BWDRVI,Min,-0.6087450005114079
2020-11,BWDRVI,Max,0.010357500624377281
2020-11,EVI,Mean,2.4165274992585184
2020-11,EVI,Min,-5.858287311345339
2020-11,EVI,Max,11.85980772972107
2020-11,EVI2,Mean,1.3420750007033349
2020-11,EVI2,Min,0.6977075021713972
2020-11,EVI2,Max,1.8018824934959412
2020-11,GEMI,Mean,-4480977.56484375
2020-11,GEMI,Min,-11467121.859375
2020-11,GEMI,Max,-1074243.4979003905
2020-11,NDVI,Mean,0.6508599989116192
2020-11,NDVI,Min,0.38333250265568497
2020-11,NDVI,Max,0.8119924977421761
2020-11,NDWI,Mean,-0.606095003336668
2020-11,NDWI,Min,-0.7308975011110306
2020-11,NDWI,Max,-0.3923724997788668
2020-12,BWDRVI,Mean,-0.32919056674922414
2020-12,BWDRVI,Min,-0.6095735869317684
2020-12,BWDRVI,Max,-0.038373583523591735
2020-12,EVI,Mean,2.0014339707932383
2020-12,EVI,Min,-0.10550943972929469
2020-12,EVI,Max,5.656590619177188
2020-12,EVI2,Mean,1.3002339713978317
2020-12,EVI2,Min,0.708345280222173
2020-12,EVI2,Max,1.735454723520099
2020-12,GEMI,Mean,-3931937.5141509436
2020-12,GEMI,Min,-9804559.04245283
2020-12,GEMI,Max,-1037912.9286556604
2020-12,NDVI,Mean,0.6376943402695205
2020-12,NDVI,Min,0.3923188686933158
2020-12,NDVI,Max,0.7902943368227977
2020-12,NDWI,Mean,-0.5990641476973048
2020-12,NDWI,Min,-0.7149396235088132
2020-12,NDWI,Max,-0.39767169615007797
2021-01,BWDRVI,Mean,-0.35024166603883106
2021-01,BWDRVI,Min,-0.626413887573613
2021-01,BWDRVI,Max,-0.04437777788067857
2021-01,EVI,Mean,1.6945194403330486
2021-01,EVI,Min,0.27820834051817656
2021-01,EVI,Max,4.40471386578348
2021-01,EVI2,Mean,1.2559027721484501
2021-01,EVI2,Min,0.6545805547696849
2021-01,EVI2,Max,1.7207222282886505
2021-01,GEMI,Mean,-3723302.8368055555
2021-01,GEMI,Min,-9780829.097222222
2021-01,GEMI,Max,-858698.3069839478
2021-01,NDVI,Mean,0.6197472222977214
2021-01,NDVI,Min,0.3638305572999848
2021-01,NDVI,Max,0.7850388884544373
2021-01,NDWI,Mean,-0.5927666632665528
2021-01,NDWI,Min,-0.7197138882345624
2021-01,NDWI,Max,-0.36462778013406527
2021-02,BWDRVI,Mean,-0.41837000027298926
2021-02,BWDRVI,Min,-0.6574633419513702
2021-02,BWDRVI,Max,-0.14224000244090954
2021-02,EVI,Mean,1.9296600262324015
2021-02,EVI,Min,-0.8901466056704521
2021-02,EVI,Max,21.237249998251595
2021-02,EVI2,Mean,1.1454366743564606
2021-02,EVI2,Min,0.5734233359495798
2021-02,EVI2,Max,1.6243799964586894
2021-02,GEMI,Mean,-3087887.54375
2021-02,GEMI,Min,-8218996.560416667
2021-02,GEMI,Max,-716443.9385742188
2021-02,NDVI,Mean,0.5802100002765656
2021-02,NDVI,Min,0.3278966678927342
2021-02,NDVI,Max,0.757153328259786
2021-02,NDWI,Mean,-0.5492600093285243
2021-02,NDWI,Min,-0.6810700019200643
2021-02,NDWI,Max,-0.33723666866620383
2021-03,BWDRVI,Mean,-0.32306197119063473
2021-03,BWDRVI,Min,-0.61576901208347
2021-03,BWDRVI,Max,-0.016988731701005722
2021-03,EVI,Mean,1.662999993478748
2021-03,EVI,Min,-1.1011760293597905
2021-03,EVI,Max,2.726787313609056
2021-03,EVI2,Mean,1.3054507030567652
2021-03,EVI2,Min,0.6681323918238492
2021-03,EVI2,Max,1.7735563449456657
2021-03,GEMI,Mean,-5362516.161971831
2021-03,GEMI,Min,-11625494.573943662
2021-03,GEMI,Max,-1456992.0079775527
2021-03,NDVI,Mean,0.6383183073829597
2021-03,NDVI,Min,0.36833380309628766
2021-03,NDVI,Max,0.803749294348166
2021-03,NDWI,Mean,-0.59587042516386
2021-03,NDWI,Min,-0.7189338047739485
2021-03,NDWI,Max,-0.385425349776174
2021-04,BWDRVI,Mean,-0.18547499948181212
2021-04,BWDRVI,Min,-0.5588062491733581
2021-04,BWDRVI,Max,0.18403437541564927
2021-04,EVI,Mean,2.0225624796003103
2021-04,EVI,Min,1.1001281249336898
2021-04,EVI,Max,4.367631241679192
2021-04,EVI2,Mean,1.4882531240582466
2021-04,EVI2,Min,0.7638343698345125
2021-04,EVI2,Max,1.9776000119745731
2021-04,GEMI,Mean,-8887081.2265625
2021-04,GEMI,Min,-17990537.1484375
2021-04,GEMI,Max,-2648159.406982422
2021-04,NDVI,Mean,0.6982093751430511
2021-04,NDVI,Min,0.4024218753911555
2021-04,NDVI,Max,0.864037498831749
2021-04,NDWI,Mean,-0.6454562516883016
2021-04,NDWI,Min,-0.7695937491953373
2021-04,NDWI,Max,-0.4184906268492341
2021-05,BWDRVI,Mean,-0.2038050002573679
2021-05,BWDRVI,Min,-0.5740033346849184
2021-05,BWDRVI,Max,0.08891666618922803
2021-05,EVI,Mean,2.10798500875632
2021-05,EVI,Min,0.3836916702489058
2021-05,EVI,Max,3.3430066545804342
2021-05,EVI2,Mean,1.4643166681130728
2021-05,EVI2,Min,0.7264616640905539
2021-05,EVI2,Max,1.884480001529058
2021-05,GEMI,Mean,-9615519.2375
2021-05,GEMI,Min,-17937886.016666666
2021-05,GEMI,Max,-2980377.0981770833
2021-05,NDVI,Mean,0.6888616666197777
2021-05,NDVI,Min,0.3768366682032744
2021-05,NDVI,Max,0.8367133349180221
2021-05,NDWI,Mean,-0.6285449986656507
2021-05,NDWI,Min,-0.7454916665951411
2021-05,NDWI,Max,-0.3830266684293747
2021-06,BWDRVI,Mean,-0.20902093296307464
2021-06,BWDRVI,Min,-0.5828732548167842
2021-06,BWDRVI,Max,0.12010813902976901
2021-06,EVI,Mean,-12.434459322413733
2021-06,EVI,Min,-289.96033488283325
2021-06,EVI,Max,8.015915152638458
2021-06,EVI2,Mean,1.4474593047485795
2021-06,EVI2,Min,0.7279616255139889
2021-06,EVI2,Max,1.9106848766637403
2021-06,GEMI,Mean,-10002408.485465117
2021-06,GEMI,Min,-19124205.837209303
2021-06,GEMI,Max,-3191153.545648619
2021-06,NDVI,Mean,0.6824523286764012
2021-06,NDVI,Min,0.3885441840474689
2021-06,NDVI,Max,0.8439651166283807
2021-06,NDWI,Mean,-0.6308860449596893
2021-06,NDWI,Min,-0.7563116252422333
2021-06,NDWI,Max,-0.39616976687034894
2021-07,BWDRVI,Mean,-0.24377750060521067
2021-07,BWDRVI,Min,-0.6208712507039309
2021-07,BWDRVI,Max,0.09814999994414393
2021-07,EVI,Mean,1.9945462502539157
2021-07,EVI,Min,0.9381212463602424
2021-07,EVI,Max,3.3985937416553496
2021-07,EVI2,Mean,1.403561244159937
2021-07,EVI2,Min,0.6534474976360798
2021-07,EVI2,Max,1.8959162533283234
2021-07,GEMI,Mean,-8508290.11875
2021-07,GEMI,Min,-15935186.025
2021-07,GEMI,Max,-2574273.2812988283
2021-07,NDVI,Mean,0.6684037551283837
2021-07,NDVI,Min,0.3600987497717142
2021-07,NDVI,Max,0.8403337530791759
2021-07,NDWI,Mean,-0.6273549985140562
2021-07,NDWI,Min,-0.758516252040863
2021-07,NDWI,Max,-0.38957249890081586
2021-08,BWDRVI,Mean,-0.2618940318587111
2021-08,BWDRVI,Min,-0.6283731333800217
2021-08,BWDRVI,Max,0.10095373124106606
2021-08,EVI,Mean,1.7321358207446427
2021-08,EVI,Min,-3.1159282888271917
2021-08,EVI,Max,5.55653294164743
2021-08,EVI2,Mean,1.3537029855286897
2021-08,EVI2,Min,0.6210477649053531
2021-08,EVI2,Max,1.8672387973586124
2021-08,GEMI,Mean,-7090941.615671642
2021-08,GEMI,Min,-14128285.223880596
2021-08,GEMI,Max,-1958280.962453358
2021-08,NDVI,Mean,0.6468611951194593
2021-08,NDVI,Min,0.3415761212470816
2021-08,NDVI,Max,0.8279104477434016
2021-08,NDWI,Mean,-0.6169865667375166
2021-08,NDWI,Min,-0.7613596996264671
2021-08,NDWI,Max,-0.37612835951705476
2021-09,BWDRVI,Mean,-0.34458666655312603
2021-09,BWDRVI,Min,-0.6430016641815504
2021-09,BWDRVI,Max,-0.05051166617001097
2021-09,EVI,Mean,1.8584533656636875
2021-09,EVI,Min,-22.02947658660511
2021-09,EVI,Max,35.14277018109957
2021-09,EVI2,Mean,1.1984383275111516
2021-09,EVI2,Min,0.5762083320568006
2021-09,EVI2,Max,1.646078326801459
2021-09,GEMI,Mean,-4883828.6875
2021-09,GEMI,Min,-10137563.179166667
2021-09,GEMI,Max,-1343713.7626291912
2021-09,NDVI,Mean,0.5847616650164127
2021-09,NDVI,Min,0.31794000063091515
2021-09,NDVI,Max,0.7496316651503245
2021-09,NDWI,Mean,-0.5613666673501333
2021-09,NDWI,Min,-0.6950399984916051
2021-09,NDWI,Max,-0.35535333342850206
2021-10,BWDRVI,Mean,-0.22111578827867848
2021-10,BWDRVI,Min,-0.5728434227455995
2021-10,BWDRVI,Max,0.0923631567091338
2021-10,EVI,Mean,1.9375420855848413
2021-10,EVI,Min,0.6899631535144228
2021-10,EVI,Max,3.5213302671909332
2021-10,EVI2,Mean,1.446503951361305
2021-10,EVI2,Min,0.7507697386961234
2021-10,EVI2,Max,1.8833526310167814
2021-10,GEMI,Mean,-5286091.355263158
2021-10,GEMI,Min,-12100700.904605264
2021-10,GEMI,Max,-1086072.1608244244
2021-10,NDVI,Mean,0.6849907879766665
2021-10,NDVI,Min,0.39888684196691765
2021-10,NDVI,Max,0.8360776297355953
2021-10,NDWI,Mean,-0.6343828969095883
2021-10,NDWI,Min,-0.7615578943177274
2021-10,NDWI,Max,-0.40459210680503593
2021-11,BWDRVI,Mean,-0.2528883330912019
2021-11,BWDRVI,Min,-0.6064633332192898
2021-11,BWDRVI,Max,0.11574000045269107
2021-11,EVI,Mean,1.5792983253796895
2021-11,EVI,Min,-3.5629582179089385
2021-11,EVI,Max,2.9210933407147723
2021-11,EVI2,Mean,1.4074283202489217
2021-11,EVI2,Min,0.6893416663010915
2021-11,EVI2,Max,1.9004849950472513
2021-11,GEMI,Mean,-4412791.127083333
2021-11,GEMI,Min,-11329501.029166667
2021-11,GEMI,Max,-763584.0285807292
2021-11,NDVI,Mean,0.673296665151914
2021-11,NDVI,Min,0.3769033337632815
2021-11,NDVI,Max,0.8409466703732809
2021-11,NDWI,Mean,-0.6357116624712944
2021-11,NDWI,Min,-0.7728166699409484
2021-11,NDWI,Max,-0.3981866667668025
2021-12,BWDRVI,Mean,-0.37707288129949723
2021-12,BWDRVI,Min,-0.617923728995404
2021-12,BWDRVI,Max,-0.06847796730018395
2021-12,EVI,Mean,1.8705440779863778
2021-12,EVI,Min,-1.6252525380607379
2021-12,EVI,Max,5.3523457515037665
2021-12,EVI2,Mean,1.1844762705140195
2021-12,EVI2,Min,0.6839050872851227
2021-12,EVI2,Max,1.621683055061405
2021-12,GEMI,Mean,-3018745.7600635593
2021-12,GEMI,Min,-7777908.957627119
2021-12,GEMI,Max,-855041.8435348253
2021-12,NDVI,Mean,0.5897915219351396
2021-12,NDVI,Min,0.38073898258350664
2021-12,NDVI,Max,0.7436389827122123
2021-12,NDWI,Mean,-0.5676457652096021
2021-12,NDWI,Min,-0.685450848128836
2021-12,NDWI,Max,-0.38780847520141276
2022-01,BWDRVI,Mean,-0.44108227819581575
2022-01,BWDRVI,Min,-0.659348101178302
2022-01,BWDRVI,Max,-0.19278480963710742
2022-01,EVI,Mean,1.8163620263715334
2022-01,EVI,Min,0.5252620168501818
2022-01,EVI,Max,4.727929053427298
2022-01,EVI2,Mean,1.07213924127289
2022-01,EVI2,Min,0.5553088602197321
2022-01,EVI2,Max,1.5052329128301596
2022-01,GEMI,Mean,-3627737.944620253
2022-01,GEMI,Min,-9877288.952531645
2022-01,GEMI,Max,-751952.3246637658
2022-01,NDVI,Mean,0.5449594934529896
2022-01,NDVI,Min,0.31493291126776346
2022-01,NDVI,Max,0.7096658201911782
2022-01,NDWI,Mean,-0.5346025330356404
2022-01,NDWI,Min,-0.6522974692567994
2022-01,NDWI,Max,-0.3444962038458148
2022-02,BWDRVI,Mean,-0.6546190409433275
2022-02,BWDRVI,Min,-0.7442857112203326
2022-02,BWDRVI,Max,-0.5355666592007592
2022-02,EVI,Mean,-30.62371777920496
2022-02,EVI,Min,-1189.5612857157275
2022-02,EVI,Max,2.465671431450617
2022-02,EVI2,Mean,0.5919333355767387
2022-02,EVI2,Min,0.2950714273112161
2022-02,EVI2,Max,0.9249142862501598
2022-02,GEMI,Mean,-3410007.9345238097
2022-02,GEMI,Min,-9521405.089285715
2022-02,GEMI,Max,-720437.3908110119
2022-02,NDVI,Mean,0.3403857165858859
2022-02,NDVI,Min,0.18245238118938037
2022-02,NDVI,Max,0.4974666621003832
2022-02,NDWI,Mean,-0.34527619183063507
2022-02,NDWI,Min,-0.46903333635557265
2022-02,NDWI,Max,-0.20443809706540333
2022-03,BWDRVI,Mean,-0.4171459464406645
2022-03,BWDRVI,Min,-0.6338702685929634
2022-03,BWDRVI,Max,-0.19739729955137983
2022-03,EVI,Mean,1.7910837772730235
2022-03,EVI,Min,0.567043237589501
2022-03,EVI,Max,3.022256757761981
2022-03,EVI2,Mean,1.136462171335478
2022-03,EVI2,Min,0.6229324300546903
2022-03,EVI2,Max,1.520186488692825
2022-03,GEMI,Mean,-5213206.266891892
2022-03,GEMI,Min,-10795151.43918919
2022-03,GEMI,Max,-1810500.5561655406
2022-03,NDVI,Mean,0.5745891888399381
2022-03,NDVI,Min,0.34856486682956284
2022-03,NDVI,Max,0.7180783772790754
2022-03,NDWI,Mean,-0.5485000006250433
2022-03,NDWI,Min,-0.6583567591937812
2022-03,NDWI,Max,-0.3681297326410139
2022-04,BWDRVI,Mean,-0.29466388736748034
2022-04,BWDRVI,Min,-0.6001638908896388
2022-04,BWDRVI,Max,-0.002969443982389445
2022-04,EVI,Mean,1.974751388033231
2022-04,EVI,Min,-0.2748610855390628
2022-04,EVI,Max,3.529283313287629
2022-04,EVI2,Mean,1.3423305547071829
2022-04,EVI2,Min,0.679084724229243
2022-04,EVI2,Max,1.7881500066982374
2022-04,GEMI,Mean,-7490583.496527778
2022-04,GEMI,Min,-15148339.038194444
2022-04,GEMI,Max,-2099522.491753472
2022-04,NDVI,Mean,0.6488597266789939
2022-04,NDVI,Min,0.360744443618589
2022-04,NDVI,Max,0.8072597239580419
2022-04,NDWI,Mean,-0.5943722217861149
2022-04,NDWI,Min,-0.7136722227765454
2022-04,NDWI,Max,-0.36795694453434813
2022-05,BWDRVI,Mean,-0.22652948629827455
2022-05,BWDRVI,Min,-0.5998987188706031
2022-05,BWDRVI,Max,0.12873076839157596
2022-05,EVI,Mean,1.8738769269906557
2022-05,EVI,Min,1.014892299205829
2022-05,EVI,Max,2.74806025547859
2022-05,EVI2,Mean,1.4267512834989107
2022-05,EVI2,Min,0.6794730749649879
2022-05,EVI2,Max,1.9300371759977095
2022-05,GEMI,Mean,-8778056.753205128
2022-05,GEMI,Min,-17308671.102564104
2022-05,GEMI,Max,-2504865.7608173075
2022-05,NDVI,Mean,0.675616667438776
2022-05,NDVI,Min,0.3655282037380414
2022-05,NDVI,Max,0.8506115399874173
2022-05,NDWI,Mean,-0.6302448713626617
2022-05,NDWI,Min,-0.7653192312289507
2022-05,NDWI,Max,-0.3906679480121686
2022-06,BWDRVI,Mean,-0.29109272516586565
2022-06,BWDRVI,Min,-0.6466618164019151
2022-06,BWDRVI,Max,0.0636127274822105
2022-06,EVI,Mean,1.6236563677137548
2022-06,EVI,Min,0.7583490924401717
2022-06,EVI,Max,2.5663200053301725
2022-06,EVI2,Mean,1.3313400051810524
2022-06,EVI2,Min,0.5918890942226757
2022-06,EVI2,Max,1.8636236342516812
2022-06,GEMI,Mean,-8359119.872727273
2022-06,GEMI,Min,-16538527.363636363
2022-06,GEMI,Max,-2367550.133806818
2022-06,NDVI,Mean,0.6428145419467579
2022-06,NDVI,Min,0.3326654547994787
2022-06,NDVI,Max,0.8309963616457853
2022-06,NDWI,Mean,-0.614639996398579
2022-06,NDWI,Min,-0.7661454569209706
2022-06,NDWI,Max,-0.3680963619188829
2022-07,BWDRVI,Mean,-0.272238774933111
2022-07,BWDRVI,Min,-0.6358091861617808
2022-07,BWDRVI,Max,0.1061887754963673
2022-07,EVI,Mean,1.6519428570659793
2022-07,EVI,Min,0.33054693697058424
2022-07,EVI,Max,3.7239918453352794
2022-07,EVI2,Mean,1.3457836727706753
2022-07,EVI2,Min,0.6121081623191736
2022-07,EVI2,Max,1.8956755180748142
2022-07,GEMI,Mean,-7426288.69395727
2022-07,GEMI,Min,-14692815.30357143
2022-07,GEMI,Max,-2181623.6992467763
2022-07,NDVI,Mean,0.6459040812083653
2022-07,NDVI,Min,0.3391857155199562
2022-07,NDVI,Max,0.8396142861064599
2022-07,NDWI,Mean,-0.6220122432830383
2022-07,NDWI,Min,-0.7682163259204553
2022-07,NDWI,Max,-0.38082142725434837
2022-08,BWDRVI,Mean,-0.30266199991106985
2022-08,BWDRVI,Min,-0.657922999560833
2022-08,BWDRVI,Max,0.09561900164932012
2022-08,EVI,Mean,1.529958991408348
2022-08,EVI,Min,0.39065100155770777
2022-08,EVI,Max,2.6648960077762602
2022-08,EVI2,Mean,1.2830060017108917
2022-08,EVI2,Min,0.5567160014808178
2022-08,EVI2,Max,1.8638920056819916
2022-08,GEMI,Mean,-6189852.6775
2022-08,GEMI,Min,-12647423.265
2022-08,GEMI,Max,-1629277.5201953126
2022-08,NDVI,Mean,0.6211569979786873
2022-08,NDVI,Min,0.31432600095868113
2022-08,NDVI,Max,0.828073998093605
2022-08,NDWI,Mean,-0.6159709993004799
2022-08,NDWI,Min,-0.773001999258995
2022-08,NDWI,Max,-0.37086899966001513
2022-09,BWDRVI,Mean,-0.29492886415346686
2022-09,BWDRVI,Min,-0.62881443357652
2022-09,BWDRVI,Max,0.06473195906752509
2022-09,EVI,Mean,1.6698608183369195
2022-09,EVI,Min,0.5258195970169047
2022-09,EVI,Max,2.666327840274142
2022-09,EVI2,Mean,1.3045515424197482
2022-09,EVI2,Min,0.6159412361988702
2022-09,EVI2,Max,1.842806178884408
2022-09,GEMI,Mean,-4562199.208762887
2022-09,GEMI,Min,-10171302.96423969
2022-09,GEMI,Max,-949841.2408384343
2022-09,NDVI,Mean,0.6297731971003345
2022-09,NDVI,Min,0.3382463909339966
2022-09,NDVI,Max,0.8225958765167551
2022-09,NDWI,Mean,-0.6079670083277005
2022-09,NDWI,Min,-0.7575690734017756
2022-09,NDWI,Max,-0.3747505139290672
2022-10,BWDRVI,Mean,-0.2327525000087917
2022-10,BWDRVI,Min,-0.6001074992120266
2022-10,BWDRVI,Max,0.12462749833939597
2022-10,EVI,Mean,1.9379949986934661
2022-10,EVI,Min,1.0187374982982873
2022-10,EVI,Max,4.783269935846329
2022-10,EVI2,Mean,1.4145675137639047
2022-10,EVI2,Min,0.6773475009948016
2022-10,EVI2,Max,1.9136474877595901
2022-10,GEMI,Mean,-4428686.2375
2022-10,GEMI,Min,-9941848.5375
2022-10,GEMI,Max,-787022.0995117187
2022-10,NDVI,Mean,0.6718224950134755
2022-10,NDVI,Min,0.36316750114783647
2022-10,NDVI,Max,0.8450100019574165
2022-10,NDWI,Mean,-0.6361050039529801
2022-10,NDWI,Min,-0.7788599982857705
2022-10,NDWI,Max,-0.3828074991703033
2022-11,BWDRVI,Mean,-0.19424146411531582
2022-11,BWDRVI,Min,-0.5927878073075923
2022-11,BWDRVI,Max,0.22076097446516518
2022-11,EVI,Mean,1.9642463486369064
2022-11,EVI,Min,-1.1391122664620237
2022-11,EVI,Max,10.24825847730404
2022-11,EVI2,Mean,1.4967731746231638
2022-11,EVI2,Min,0.7373365865248006
2022-11,EVI2,Max,1.9985048916281722
2022-11,GEMI,Mean,-4131126.7149390243
2022-11,GEMI,Min,-10555392.32317073
2022-11,GEMI,Max,-660506.949695122
2022-11,NDVI,Mean,0.7051146364793545
2022-11,NDVI,Min,0.40067561061643975
2022-11,NDVI,Max,0.8694682920851359
2022-11,NDWI,Mean,-0.6517780495852958
2022-11,NDWI,Min,-0.7957219525081355
2022-11,NDWI,Max,-0.41424877796231246
2022-12,BWDRVI,Mean,-0.49857500568032265
2022-12,BWDRVI,Min,-0.6439499855041504
2022-12,BWDRVI,Max,-0.3240749994292855
2022-12,EVI,Mean,1.034162551164627
2022-12,EVI,Min,-72.83701235055923
2022-12,EVI,Max,23.24544969201088
2022-12,EVI2,Mean,0.9703625105321407
2022-12,EVI2,Min,0.6167750079184771
2022-12,EVI2,Max,1.2972875162959099
2022-12,GEMI,Mean,-4009941.43359375
2022-12,GEMI,Min,-8129358.296875
2022-12,GEMI,Max,-1596605.2902832031
2022-12,NDVI,Mean,0.5068500004708767
2022-12,NDVI,Min,0.3500750008970499
2022-12,NDVI,Max,0.6330875009298325
2022-12,NDWI,Mean,-0.4647750034928322
2022-12,NDWI,Min,-0.5698500014841557
2022-12,NDWI,Max,-0.3212500000372529
2023-01,BWDRVI,Mean,-0.2982217950286726
2023-01,BWDRVI,Min,-0.6405282047314521
2023-01,BWDRVI,Max,0.1335384592963144
2023-01,EVI,Mean,-5.461926614817901
2023-01,EVI,Min,-325.9295910579654
2023-01,EVI,Max,99.75195899529335
2023-01,EVI2,Mean,1.3091897421922438
2023-01,EVI2,Min,0.6200435914290257
2023-01,EVI2,Max,1.871289740006129
2023-01,GEMI,Mean,-3380305.718349359
2023-01,GEMI,Min,-9488957.157051282
2023-01,GEMI,Max,-571107.3262469952
2023-01,NDVI,Mean,0.6350602538157732
2023-01,NDVI,Min,0.3496948730869171
2023-01,NDVI,Max,0.8273371817209781
2023-01,NDWI,Mean,-0.6041999978896899
2023-01,NDWI,Min,-0.7588102553899472
2023-01,NDWI,Max,-0.3655346148671248
2023-02,BWDRVI,Mean,-0.4162470572719387
2023-02,BWDRVI,Min,-0.6588431386386647
2023-02,BWDRVI,Max,-0.13343725503221446
2023-02,EVI,Mean,1.4203647024491255
2023-02,EVI,Min,0.24302745741956375
2023-02,EVI,Max,2.636870587573332
2023-02,EVI2,Mean,1.1351039304452784
2023-02,EVI2,Min,0.5635745113386827
2023-02,EVI2,Max,1.606109808473026
2023-02,GEMI,Mean,-3307132.7389705884
2023-02,GEMI,Min,-8546561.88235294
2023-02,GEMI,Max,-771727.5371859681
2023-02,NDVI,Mean,0.5735745102751488
2023-02,NDVI,Min,0.32087647038347583
2023-02,NDVI,Max,0.7474470570975659
2023-02,NDWI,Mean,-0.5696803909890792
2023-02,NDWI,Min,-0.7022823533591103
2023-02,NDWI,Max,-0.36274313912087797
2023-03,BWDRVI,Mean,-0.36096428529847235
2023-03,BWDRVI,Min,-0.6541714270909628
2023-03,BWDRVI,Max,-0.04577619013642626
2023-03,EVI,Mean,1.5744285640262423
2023-03,EVI,Min,0.8159357156781923
2023-03,EVI,Max,2.2948976215862094
2023-03,EVI2,Mean,1.237009516784123
2023-03,EVI2,Min,0.5716785703386579
2023-03,EVI2,Max,1.7388023734092712
2023-03,GEMI,Mean,-4375204.229166667
2023-03,GEMI,Min,-10058902.077380951
2023-03,GEMI,Max,-974676.7741350447
2023-03,NDVI,Mean,0.6117142836252848
2023-03,NDVI,Min,0.3235404778804098
2023-03,NDVI,Max,0.7926666665644873
2023-03,NDWI,Mean,-0.5829690453552064
2023-03,NDWI,Min,-0.717016665708451
2023-03,NDWI,Max,-0.35096190727892373
2023-04,BWDRVI,Mean,-0.31983488579930436
2023-04,BWDRVI,Min,-0.6102023245983346
2023-04,BWDRVI,Max,-0.050369767775369244
2023-04,EVI,Mean,1.9679674547772075
2023-04,EVI,Min,1.1601558092028597
2023-04,EVI,Max,2.6062604687934696
2023-04,EVI2,Mean,1.293467446815136
2023-04,EVI2,Min,0.6792441800583241
2023-04,EVI2,Max,1.7108255902002023
2023-04,GEMI,Mean,-6947508.953488372
2023-04,GEMI,Min,-13600991.011627907
2023-04,GEMI,Max,-2072955.3103197673
2023-04,NDVI,Mean,0.6314674387144488
2023-04,NDVI,Min,0.37304651182751325
2023-04,NDVI,Max,0.7817209293675977
2023-04,NDWI,Mean,-0.5875046502712161
2023-04,NDWI,Min,-0.702934883361639
2023-04,NDWI,Max,-0.3881372105936671
2023-05,BWDRVI,Mean,-0.24943913029425818
2023-05,BWDRVI,Min,-0.610613042731648
2023-05,BWDRVI,Max,0.08491521669329023
2023-05,EVI,Mean,2.1284152126830556
2023-05,EVI,Min,-1.6669782876320507
2023-05,EVI,Max,5.163319598073545
2023-05,EVI2,Mean,1.39356957052065
2023-05,EVI2,Min,0.6716956492999325
2023-05,EVI2,Max,1.864523910957834
2023-05,GEMI,Mean,-8744768.730978262
2023-05,GEMI,Min,-16746106.092391305
2023-05,GEMI,Max,-2494324.1229619565
2023-05,NDVI,Mean,0.6649891300045926
2023-05,NDVI,Min,0.3667717394621476
2023-05,NDVI,Max,0.8283173882442972
2023-05,NDWI,Mean,-0.6179652116868807
2023-05,NDWI,Min,-0.7464847817369129
2023-05,NDWI,Max,-0.38494782279367035
2023-06,BWDRVI,Mean,-0.2297750017295281
2023-06,BWDRVI,Min,-0.5674499998490016
2023-06,BWDRVI,Max,0.062391667254269124
2023-06,EVI,Mean,2.0944666663805642
2023-06,EVI,Min,0.9988233380019664
2023-06,EVI,Max,3.0230916857719423
2023-06,EVI2,Mean,1.4430316656827926
2023-06,EVI2,Min,0.7747300021350384
2023-06,EVI2,Max,1.867770000298818
2023-06,GEMI,Mean,-8455439.191666666
2023-06,GEMI,Min,-15172869.583333334
2023-06,GEMI,Max,-2972407.396809896
2023-06,NDVI,Mean,0.6850066666801771
2023-06,NDVI,Min,0.4107800018042326
2023-06,NDVI,Max,0.8328316728274028
2023-06,NDWI,Mean,-0.6288366650541624
2023-06,NDWI,Min,-0.7506733347972234
2023-06,NDWI,Max,-0.41437166432539624
2023-07,BWDRVI,Mean,-0.21634899996221066
2023-07,BWDRVI,Min,-0.5886260005831718
2023-07,BWDRVI,Max,0.12317299930029549
2023-07,EVI,Mean,1.7895770013332366
2023-07,EVI,Min,0.9901510027050971
2023-07,EVI,Max,2.455287001132965
2023-07,EVI2,Mean,1.4440570014715195
2023-07,EVI2,Min,0.7168900029361248
2023-07,EVI2,Max,1.921500998735428
2023-07,GEMI,Mean,-8470469.74
2023-07,GEMI,Min,-15108002.57
2023-07,GEMI,Max,-2818604.5551757812
2023-07,NDVI,Mean,0.6823080006241798
2023-07,NDVI,Min,0.38296599969267847
2023-07,NDVI,Max,0.8479800021648407
2023-07,NDWI,Mean,-0.6416049996018409
2023-07,NDWI,Min,-0.7768869948387146
2023-07,NDWI,Max,-0.4112959982454777
2023-08,BWDRVI,Mean,-0.24438888822315316
2023-08,BWDRVI,Min,-0.6152313094247471
2023-08,BWDRVI,Max,0.12881414215797746
2023-08,EVI,Mean,1.585535350472036
2023-08,EVI,Min,0.7669515121690552
2023-08,EVI,Max,2.313344444891419
2023-08,EVI2,Mean,1.379439393679301
2023-08,EVI2,Min,0.6551919223533736
2023-08,EVI2,Max,1.905249499311351
2023-08,GEMI,Mean,-6705653.703282828
2023-08,GEMI,Min,-12775131.636363637
2023-08,GEMI,Max,-1966737.7496448865
2023-08,NDVI,Mean,0.656192930358829
2023-08,NDVI,Min,0.35610202169328026
2023-08,NDVI,Max,0.8409626267173074
2023-08,NDWI,Mean,-0.6385090883934137
2023-08,NDWI,Min,-0.7812474755325702
2023-08,NDWI,Max,-0.3978111112509111
2023-09,BWDRVI,Mean,-0.17530499920248985
2023-09,BWDRVI,Min,-0.5542849961668253
2023-09,BWDRVI,Max,0.1761200005421415
2023-09,EVI,Mean,1.9649350047111511
2023-09,EVI,Min,1.0728699937462807
2023-09,EVI,Max,2.7491599917411804
2023-09,EVI2,Mean,1.4957349866628646
2023-09,EVI2,Min,0.7788450062274933
2023-09,EVI2,Max,1.9560550093650817
2023-09,GEMI,Mean,-5184808.3875
2023-09,GEMI,Min,-11089279.35
2023-09,GEMI,Max,-1164445.04375
2023-09,NDVI,Mean,0.6994649991393089
2023-09,NDVI,Min,0.40696500092744825
2023-09,NDVI,Max,0.8567700028419495
2023-09,NDWI,Mean,-0.6497749984264374
2023-09,NDWI,Min,-0.7881150037050247
2023-09,NDWI,Max,-0.4108149975538254
2023-10,BWDRVI,Mean,-0.297663635550469
2023-10,BWDRVI,Min,-0.5886409106579694
2023-10,BWDRVI,Max,-0.041572725950655615
2023-10,EVI,Mean,1.4532909014008262
2023-10,EVI,Min,0.8205681788650426
2023-10,EVI,Max,2.0021909041838213
2023-10,EVI2,Mean,1.3363863663239912
2023-10,EVI2,Min,0.7012909122488715
2023-10,EVI2,Max,1.7493272694674404
2023-10,GEMI,Mean,-4855866.420454546
2023-10,GEMI,Min,-9715501.386363637
2023-10,GEMI,Max,-1155553.1796875
2023-10,NDVI,Mean,0.6463318196209994
2023-10,NDVI,Min,0.3737863613800569
2023-10,NDVI,Max,0.7966590848836032
2023-10,NDWI,Mean,-0.6256136406551708
2023-10,NDWI,Min,-0.7509954544630918
2023-10,NDWI,Max,-0.39397272670810873
2023-11,BWDRVI,Mean,-0.3617895817151293
2023-11,BWDRVI,Min,-0.6172562489906946
2023-11,BWDRVI,Max,-0.14210624946281314
2023-11,EVI,Mean,2.796958333502213
2023-11,EVI,Min,-32.4313037234048
2023-11,EVI,Max,50.202142123132944
2023-11,EVI2,Mean,1.2282374985516071
2023-11,EVI2,Min,0.6845812518149614
2023-11,EVI2,Max,1.574352086832126
2023-11,GEMI,Mean,-4097584.576171875
2023-11,GEMI,Min,-9355726.799479166
2023-11,GEMI,Max,-1037637.9481608073
2023-11,NDVI,Mean,0.6077312491834164
2023-11,NDVI,Min,0.38108749749759835
2023-11,NDVI,Max,0.7323291612168153
2023-11,NDWI,Mean,-0.5511812533562382
2023-11,NDWI,Min,-0.6546895820647478
2023-11,NDWI,Max,-0.37440624833106995
2023-12,BWDRVI,Mean,-0.2956361102988012
2023-12,BWDRVI,Min,-0.6221944441397985
2023-12,BWDRVI,Max,0.02750000070470075
2023-12,EVI,Mean,1.9256916675302718
2023-12,EVI,Min,-3.360702917807632
2023-12,EVI,Max,5.956752757231395
2023-12,EVI2,Mean,1.3477999981906679
2023-12,EVI2,Min,0.675194441444344
2023-12,EVI2,Max,1.8015722168816461
2023-12,GEMI,Mean,-3960500.9444444445
2023-12,GEMI,Min,-10249168.354166666
2023-12,GEMI,Max,-867873.9807942709
2023-12,NDVI,Mean,0.6537500023841858
2023-12,NDVI,Min,0.37696388984719914
2023-12,NDVI,Max,0.8106055557727814
2023-12,NDWI,Mean,-0.6108833327889442
2023-12,NDWI,Min,-0.7361083312167062
2023-12,NDWI,Max,-0.388655554710163
2024-01,BWDRVI,Mean,-0.2946499981917441
2024-01,BWDRVI,Min,-0.6290799990296364
2024-01,BWDRVI,Max,0.08293999638408422
2024-01,EVI,Mean,1.8413949996232986
2024-01,EVI,Min,-21.17949075549841
2024-01,EVI,Max,19.302415108680727
2024-01,EVI2,Mean,1.3403100043535232
2024-01,EVI2,Min,0.6518200032413006
2024-01,EVI2,Max,1.8609100162982941
2024-01,GEMI,Mean,-3725833.79375
2024-01,GEMI,Min,-10459270.1875
2024-01,GEMI,Max,-654289.1241699219
2024-01,NDVI,Mean,0.6501499965786934
2024-01,NDVI,Min,0.364164999127388
2024-01,NDVI,Max,0.8288650035858154
2024-01,NDWI,Mean,-0.6166449949145317
2024-01,NDWI,Min,-0.7623349994421005
2024-01,NDWI,Max,-0.37698499858379364
2024-02,BWDRVI,Mean,-0.36357323846346895
2024-02,BWDRVI,Min,-0.6171845088542347
2024-02,BWDRVI,Max,-0.09758028119612275
2024-02,EVI,Mean,1.8734647740780468
2024-02,EVI,Min,-18.204614067161586
2024-02,EVI,Max,25.001616936334422
2024-02,EVI2,Mean,1.2437845107535241
2024-02,EVI2,Min,0.6834056329139522
2024-02,EVI2,Max,1.6708802757128862
2024-02,GEMI,Mean,-4157853.7746478873
2024-02,GEMI,Min,-10424991.566901408
2024-02,GEMI,Max,-1088753.9079693002
2024-02,NDVI,Mean,0.6165943662045708
2024-02,NDVI,Min,0.37929436606420597
2024-02,NDVI,Max,0.7701887320464765
2024-02,NDWI,Mean,-0.579438029460504
2024-02,NDWI,Min,-0.6967507055107977
2024-02,NDWI,Max,-0.3814774637805744
2024-03,BWDRVI,Mean,-0.4198666640690395
2024-03,BWDRVI,Min,-0.6306000025499434
2024-03,BWDRVI,Max,-0.2436761904419178
2024-03,EVI,Mean,1.6599428696291787
2024-03,EVI,Min,-25.387818929694948
2024-03,EVI,Max,9.091061748209453
2024-03,EVI2,Mean,1.1278571500664665
2024-03,EVI2,Min,0.6473523811215446
2024-03,EVI2,Max,1.4360618988672893
2024-03,GEMI,Mean,-4506778.703869048
2024-03,GEMI,Min,-9714260.144345239
2024-03,GEMI,Max,-1417652.2265625
2024-03,NDVI,Mean,0.5696238116139457
2024-03,NDVI,Min,0.3634095216790835
2024-03,NDVI,Max,0.6853571449007306
2024-03,NDWI,Mean,-0.5198333337903023
2024-03,NDWI,Min,-0.6132095250345412
2024-03,NDWI,Max,-0.35353809701544897
2024-04,BWDRVI,Mean,-0.15088571484292126
2024-04,BWDRVI,Min,-0.5514442850968667
2024-04,BWDRVI,Max,0.1872771430078761
2024-04,EVI,Mean,2.4720700000013625
2024-04,EVI,Min,0.6666785472205707
2024-04,EVI,Max,5.7914013658251084
2024-04,EVI2,Mean,1.543411431993757
2024-04,EVI2,Min,0.7861157149608646
2024-04,EVI2,Max,1.9787942954472133
2024-04,GEMI,Mean,-9339266.485714287
2024-04,GEMI,Min,-18012282.985714287
2024-04,GEMI,Max,-2580148.18951416
2024-04,NDVI,Mean,0.7179014295339584
2024-04,NDVI,Min,0.41257714203425816
2024-04,NDVI,Max,0.8636885694095067
2024-04,NDWI,Mean,-0.6517042845487595
2024-04,NDWI,Min,-0.7659557121140617
2024-04,NDWI,Max,-0.41692714212196214
2024-05,BWDRVI,Mean,-0.14315319235654586
2024-05,BWDRVI,Min,-0.5345553173980815
2024-05,BWDRVI,Max,0.1746659579667005
2024-05,EVI,Mean,2.0060680901750607
2024-05,EVI,Min,1.1842702129419813
2024-05,EVI,Max,3.224291514843068
2024-05,EVI2,Mean,1.5431170209925225
2024-05,EVI2,Min,0.8201702129333577
2024-05,EVI2,Max,1.9716148858374738
2024-05,GEMI,Mean,-10541773.079787234
2024-05,GEMI,Min,-18591800.659574468
2024-05,GEMI,Max,-3432900.439494681
2024-05,NDVI,Mean,0.715395746078897
2024-05,NDVI,Min,0.42512340415665445
2024-05,NDVI,Max,0.8624063819012744
2024-05,NDWI,Mean,-0.6546851060491927
2024-05,NDWI,Min,-0.7730617053965305
2024-05,NDWI,Max,-0.42440425525320336
2024-06,BWDRVI,Mean,-0.26184467937638783
2024-06,BWDRVI,Min,-0.5877489391020796
2024-06,BWDRVI,Max,0.016046807695021655
2024-06,EVI,Mean,1.956440438615515
2024-06,EVI,Min,-2.2449998779499785
2024-06,EVI,Max,3.433093606157506
2024-06,EVI2,Mean,1.3788531929888623
2024-06,EVI2,Min,0.7189553202466762
2024-06,EVI2,Max,1.795648934993338
2024-06,GEMI,Mean,-10268316.680851065
2024-06,GEMI,Min,-17875985.468085106
2024-06,GEMI,Max,-3485147.892619681
2024-06,NDVI,Mean,0.6600127657677265
2024-06,NDVI,Min,0.38635957558104334
2024-06,NDVI,Max,0.8081446790948827
2024-06,NDWI,Mean,-0.6094851024607395
2024-06,NDWI,Min,-0.7315106366543059
2024-06,NDWI,Max,-0.39485531918545985
2024-07,BWDRVI,Mean,-0.17909833369000505
2024-07,BWDRVI,Min,-0.601842499896884
2024-07,BWDRVI,Max,0.1678474993367369
2024-07,EVI,Mean,1.9755741665760675
2024-07,EVI,Min,0.8545941669493914
2024-07,EVI,Max,3.037535823384921
2024-07,EVI2,Mean,1.4895366673668227
2024-07,EVI2,Min,0.6946025000885129
2024-07,EVI2,Max,1.952055831750234
2024-07,GEMI,Mean,-9523614.345833333
2024-07,GEMI,Min,-17254636.558333334
2024-07,GEMI,Max,-2922487.291438802
2024-07,NDVI,Mean,0.6965250020225843
2024-07,NDVI,Min,0.3765724990516901
2024-07,NDVI,Max,0.8548033316930135
2024-07,NDWI,Mean,-0.644966663668553
2024-07,NDWI,Min,-0.7756591672698657
2024-07,NDWI,Max,-0.39989000000059605
2024-08,BWDRVI,Mean,-0.15246853979534647
2024-08,BWDRVI,Min,-0.6024415744154641
2024-08,BWDRVI,Max,0.25016966321913714
2024-08,EVI,Mean,1.7545348305380746
2024-08,EVI,Min,0.9127853928824489
2024-08,EVI,Max,2.3874235970250677
2024-08,EVI2,Mean,1.5154224794902158
2024-08,EVI2,Min,0.6804483149493679
2024-08,EVI2,Max,2.0153415765655174
2024-08,GEMI,Mean,-8147805.558988764
2024-08,GEMI,Min,-15539267.140449438
2024-08,GEMI,Max,-2320193.3626228934
2024-08,NDVI,Mean,0.7045314586564396
2024-08,NDVI,Min,0.3617258433545573
2024-08,NDVI,Max,0.8723516852668162
2024-08,NDWI,Mean,-0.6674988762046514
2024-08,NDWI,Min,-0.8073966302228778
2024-08,NDWI,Max,-0.39880000054836273
2024-09,BWDRVI,Mean,-0.2299925011349842
2024-09,BWDRVI,Min,-0.6081500023603439
2024-09,BWDRVI,Max,0.14418749953620136
2024-09,EVI,Mean,1.7638649955391883
2024-09,EVI,Min,0.03325502835214138
2024-09,EVI,Max,3.513642448186874
2024-09,EVI2,Mean,1.4207199960947037
2024-09,EVI2,Min,0.6818325009196997
2024-09,EVI2,Max,1.9269550025463105
2024-09,GEMI,Mean,-6287622.33125
2024-09,GEMI,Min,-13491317.575
2024-09,GEMI,Max,-1388671.7087890625
2024-09,NDVI,Mean,0.6737724989652634
2024-09,NDVI,Min,0.37125499714165927
2024-09,NDVI,Max,0.8478299990296364
2024-09,NDWI,Mean,-0.6485049985349178
2024-09,NDWI,Min,-0.7829099982976914
2024-09,NDWI,Max,-0.41034250166267155
2024-10,BWDRVI,Mean,-0.29253199949860575
2024-10,BWDRVI,Min,-0.6239360010623932
2024-10,BWDRVI,Max,0.016980002000927925
2024-10,EVI,Mean,2.689564003944397
2024-10,EVI,Min,-2.13122793674469
2024-10,EVI,Max,16.52193993449211
2024-10,EVI2,Mean,1.3328280103206636
2024-10,EVI2,Min,0.6442719984054566
2024-10,EVI2,Max,1.79018399477005
2024-10,GEMI,Mean,-3891122.55375
2024-10,GEMI,Min,-10460707.06
2024-10,GEMI,Max,-645350.57796875
2024-10,NDVI,Mean,0.6425079989433289
2024-10,NDVI,Min,0.3542399999499321
2024-10,NDVI,Max,0.8051000010967254
2024-10,NDWI,Mean,-0.5909440013766288
2024-10,NDWI,Min,-0.731263998746872
2024-10,NDWI,Max,-0.343880003541708
2024-11,BWDRVI,Mean,-0.37751841866166186
2024-11,BWDRVI,Min,-0.6519973709395057
2024-11,BWDRVI,Max,-0.11747894650570263
2024-11,EVI,Mean,2.7518289402911535
2024-11,EVI,Min,-17.232636860326718
2024-11,EVI,Max,37.05294780982168
2024-11,EVI2,Mean,1.1913289529712576
2024-11,EVI2,Min,0.5709789503169688
2024-11,EVI2,Max,1.6331315871916319
2024-11,GEMI,Mean,-4195238.4136513155
2024-11,GEMI,Min,-10689128.736842105
2024-11,GEMI,Max,-860427.5324321546
2024-11,NDVI,Mean,0.5899184197187424
2024-11,NDVI,Min,0.3204394751473477
2024-11,NDVI,Max,0.7564210530958677
2024-11,NDWI,Mean,-0.5493947314588647
2024-11,NDWI,Min,-0.6855815805886921
2024-11,NDWI,Max,-0.34161579040320295
2024-12,BWDRVI,Mean,-0.2905156635006059
2024-12,BWDRVI,Min,-0.631430119994175
2024-12,BWDRVI,Max,0.056006024398066734
2024-12,EVI,Mean,-0.41859520020255125
2024-12,EVI,Min,-78.78219308372003
2024-12,EVI,Max,9.696128898356335
2024-12,EVI2,Mean,1.3453241008591938
2024-12,EVI2,Min,0.6518228905028608
2024-12,EVI2,Max,1.8245783089155174
2024-12,GEMI,Mean,-4691766.808358434
2024-12,GEMI,Min,-12472136.547816265
2024-12,GEMI,Max,-761353.078313253
2024-12,NDVI,Mean,0.6513975905366691
2024-12,NDVI,Min,0.3673819262220199
2024-12,NDVI,Max,0.8157481906643833
2024-12,NDWI,Mean,-0.622914458972862
2024-12,NDWI,Min,-0.7521265052169203
2024-12,NDWI,Max,-0.3980253015656069
2025-01,BWDRVI,Mean,-0.3122434798709076
2025-01,BWDRVI,Min,-0.6408565173978391
2025-01,BWDRVI,Max,0.02951304333375605
2025-01,EVI,Mean,1.7785956548607869
2025-01,EVI,Min,-3.62577407385992
2025-01,EVI,Max,11.305260943329852
2025-01,EVI2,Mean,1.3172826015430947
2025-01,EVI2,Min,0.591843483240708
2025-01,EVI2,Max,1.8117826244105464
2025-01,GEMI,Mean,-4561510.285326087
2025-01,GEMI,Min,-12451325.06521739
2025-01,GEMI,Max,-695499.2072010869
2025-01,NDVI,Mean,0.6402347800524338
2025-01,NDVI,Min,0.3130565214416255
2025-01,NDVI,Max,0.8140043486719546
2025-01,NDWI,Mean,-0.6201695605464603
2025-01,NDWI,Min,-0.7639913066573765
2025-01,NDWI,Max,-0.32397391420343646
2025-02,BWDRVI,Mean,
2025-02,BWDRVI,Min,
2025-02,BWDRVI,Max,
2025-02,EVI,Mean,
2025-02,EVI,Min,
2025-02,EVI,Max,
2025-02,EVI2,Mean,
2025-02,EVI2,Min,
2025-02,EVI2,Max,
2025-02,GEMI,Mean,
2025-02,GEMI,Min,
2025-02,GEMI,Max,
2025-02,NDVI,Mean,
2025-02,NDVI,Min,
2025-02,NDVI,Max,
2025-02,NDWI,Mean,
2025-02,NDWI,Min,
2025-02,NDWI,Max,
2025-03,BWDRVI,Mean,-0.3321463417080117
2025-03,BWDRVI,Min,-0.6193853660327632
2025-03,BWDRVI,Max,-0.0286195125692047
2025-03,EVI,Mean,1.9722682935435598
2025-03,EVI,Min,-1.5244146715395335
2025-03,EVI,Max,6.431785441026455
2025-03,EVI2,Mean,1.2788390255555875
2025-03,EVI2,Min,0.6546317079081768
2025-03,EVI2,Max,1.7472097510244788
2025-03,GEMI,Mean,-6115094.810975609
2025-03,GEMI,Min,-14536326.18292683
2025-03,GEMI,Max,-1549730.749957294
2025-03,NDVI,Mean,0.6262439009619922
2025-03,NDVI,Min,0.3601317069856677
2025-03,NDVI,Max,0.7937268265863744
2025-03,NDWI,Mean,-0.5805902422928229
2025-03,NDWI,Min,-0.7098878026008606
2025-03,NDWI,Max,-0.3597975604054404
2025-04,BWDRVI,Mean,-0.13512105236326247
2025-04,BWDRVI,Min,-0.5393815751518368
2025-04,BWDRVI,Max,0.20029737011186385
2025-04,EVI,Mean,2.000423701185929
2025-04,EVI,Min,0.7625368433563333
2025-04,EVI,Max,2.9886368481736434
2025-04,EVI2,Mean,1.5605578987221969
2025-04,EVI2,Min,0.808752636670282
2025-04,EVI2,Max,1.9922315792033547
2025-04,GEMI,Mean,-9322026.710526315
2025-04,GEMI,Min,-18290664.36842105
2025-04,GEMI,Max,-2768471.8260481986
2025-04,NDVI,Mean,0.723589478354705
2025-04,NDVI,Min,0.42085263260493155
2025-04,NDVI,Max,0.8679921109425394
2025-04,NDWI,Mean,-0.6501526322803999
2025-04,NDWI,Min,-0.7672447373992518
2025-04,NDWI,Max,-0.4201973647271332
2025-05,BWDRVI,Mean,-0.14034000021056273
2025-05,BWDRVI,Min,-0.5650337513070554
2025-05,BWDRVI,Max,0.20033000063995132
2025-05,EVI,Mean,2.046458749473095
2025-05,EVI,Min,1.1389900051057338
2025-05,EVI,Max,2.9037312626838685
2025-05,EVI2,Mean,1.5517612472176552
2025-05,EVI2,Min,0.7612437507137656
2025-05,EVI2,Max,1.9953300058841705
2025-05,GEMI,Mean,-10996465.234375
2025-05,GEMI,Min,-20227583.2875
2025-05,GEMI,Max,-3420760.7563964846
2025-05,NDVI,Mean,0.7195537455379963
2025-05,NDVI,Min,0.40345125161111356
2025-05,NDVI,Max,0.8691624999046326
2025-05,NDWI,Mean,-0.6536712478846312
2025-05,NDWI,Min,-0.7771487466990947
2025-05,NDWI,Max,-0.41087125027552246
2025-06,BWDRVI,Mean,-0.21464838682262663
2025-06,BWDRVI,Min,-0.6065516118761353
2025-06,BWDRVI,Max,0.1291838700817998
2025-06,EVI,Mean,1.938378498118411
2025-06,EVI,Min,0.9962989274532564
2025-06,EVI,Max,3.1274677425302486
2025-06,EVI2,Mean,1.4414698923787763
2025-06,EVI2,Min,0.6751720464678221
2025-06,EVI2,Max,1.9229301073217904
2025-06,GEMI,Mean,-10207057.983870968
2025-06,GEMI,Min,-18868952.1827957
2025-06,GEMI,Max,-3298809.6366767474
2025-06,NDVI,Mean,0.6807440839787965
2025-06,NDVI,Min,0.36690967714273803
2025-06,NDVI,Max,0.8476247300383866
2025-06,NDWI,Mean,-0.6364182791402263
2025-06,NDWI,Min,-0.767034408225808
2025-06,NDWI,Max,-0.4006602145651335
2025-07,BWDRVI,Mean,-0.18558321220895452
2025-07,BWDRVI,Min,-0.6062036473983831
2025-07,BWDRVI,Max,0.2133759121600892
2025-07,EVI,Mean,1.7087109467408952
2025-07,EVI,Min,0.8694810237001328
2025-07,EVI,Max,2.406392706571704
2025-07,EVI2,Mean,1.4600452554486965
2025-07,EVI2,Min,0.6753620440072386
2025-07,EVI2,Max,1.9870496335690908
2025-07,GEMI,Mean,-9215122.442518247
2025-07,GEMI,Min,-17476848.36861314
2025-07,GEMI,Max,-2717147.881044708
2025-07,NDVI,Mean,0.684027007026394
2025-07,NDVI,Min,0.3653540151180142
2025-07,NDVI,Max,0.8646649653024047
2025-07,NDWI,Mean,-0.6518620433163469
2025-07,NDWI,Min,-0.7902510923190709
2025-07,NDWI,Max,-0.4074890508595174
2025-08,BWDRVI,Mean,-0.25001243126478656
2025-08,BWDRVI,Min,-0.6119960470724914
2025-08,BWDRVI,Max,0.10187118602153651
2025-08,EVI,Mean,1.6337084736527696
2025-08,EVI,Min,0.8815853155433795
2025-08,EVI,Max,2.3949841799709084
2025-08,EVI2,Mean,1.363028249498141
2025-08,EVI2,Min,0.673610169040618
2025-08,EVI2,Max,1.8387830540285273
2025-08,GEMI,Mean,-7636455.591101695
2025-08,GEMI,Min,-14463216.868644068
2025-08,GEMI,Max,-2293749.7644111933
2025-08,NDVI,Mean,0.6500937854502834
2025-08,NDVI,Min,0.3680316373958426
2025-08,NDVI,Max,0.8171468931066115
2025-08,NDWI,Mean,-0.6317593234743776
2025-08,NDWI,Min,-0.7609937842619621
2025-08,NDWI,Max,-0.40999547880416537
2025-09,BWDRVI,Mean,-0.19891211952111035
2025-09,BWDRVI,Min,-0.6115242385051467
2025-09,BWDRVI,Max,0.1675196971433858
2025-09,EVI,Mean,1.9630484743551775
2025-09,EVI,Min,-1.5215909056591266
2025-09,EVI,Max,10.063028779896824
2025-09,EVI2,Mean,1.4272984857812072
2025-09,EVI2,Min,0.6652287843100952
2025-09,EVI2,Max,1.8977727375247262
2025-09,GEMI,Mean,-6121299.375
2025-09,GEMI,Min,-12900089.774621213
2025-09,GEMI,Max,-1331441.2591145833
2025-09,NDVI,Mean,0.6699969684987357
2025-09,NDVI,Min,0.3623969701654983
2025-09,NDVI,Max,0.8328196979833372
2025-09,NDWI,Mean,-0.6429196955128149
2025-09,NDWI,Min,-0.7795681817965074
2025-09,NDWI,Max,-0.4049954558863784
2025-10,BWDRVI,Mean,-0.19632874991511925
2025-10,BWDRVI,Min,-0.5921174972318113
2025-10,BWDRVI,Max,0.15147499943850562
2025-10,EVI,Mean,1.6589212492108345
2025-10,EVI,Min,0.8932675033807754
2025-10,EVI,Max,2.3112374991178513
2025-10,EVI2,Mean,1.4636824965476989
2025-10,EVI2,Min,0.7050712511874735
2025-10,EVI2,Max,1.9270812571048737
2025-10,GEMI,Mean,-5367186.8765625
2025-10,GEMI,Min,-12087621.13125
2025-10,GEMI,Max,-915402.4369628907
2025-10,NDVI,Mean,0.6876524984836578
2025-10,NDVI,Min,0.37803250052966175
2025-10,NDVI,Max,0.8475137501955032
2025-10,NDWI,Mean,-0.6550099983811378
2025-10,NDWI,Min,-0.7961812496185303
2025-10,NDWI,Max,-0.4081950018182397
2025-11,BWDRVI,Mean,-0.26054761729513604
2025-11,BWDRVI,Min,-0.6114952386844725
2025-11,BWDRVI,Max,0.1336714301613115
2025-11,EVI,Mean,1.5894904803662073
2025-11,EVI,Min,-0.11057146248363313
2025-11,EVI,Max,2.8646904797781083
2025-11,EVI2,Mean,1.3958071456069039
2025-11,EVI2,Min,0.6954428539389655
2025-11,EVI2,Max,1.8941000018801009
2025-11,GEMI,Mean,-4036406.973214286
2025-11,GEMI,Min,-10535757.67857143
2025-11,GEMI,Max,-651601.6123046875
2025-11,NDVI,Mean,0.6699666657618114
2025-11,NDVI,Min,0.3844285720870608
2025-11,NDVI,Max,0.8373690517175765
2025-11,NDWI,Mean,-0.6367214307898567
2025-11,NDWI,Min,-0.7758214289233798
2025-11,NDWI,Max,-0.4081595234927677
2025-12,BWDRVI,Mean,-0.30680714412821025
2025-12,BWDRVI,Min,-0.6329053571181638
2025-12,BWDRVI,Max,0.05256250001756208
2025-12,EVI,Mean,1.6756571467433656
2025-12,EVI,Min,0.7422732173332146
2025-12,EVI,Max,3.844491094350815
2025-12,EVI2,Mean,1.3298410783920969
2025-12,EVI2,Min,0.6472446394285986
2025-12,EVI2,Max,1.8331428532089507
2025-12,GEMI,Mean,-3732377.645089286
2025-12,GEMI,Min,-9561577.09375
2025-12,GEMI,Max,-638176.3226143973
2025-12,NDVI,Mean,0.6474357114306518
2025-12,NDVI,Min,0.36468035807566984
2025-12,NDVI,Max,0.8201589296971049
2025-12,NDWI,Mean,-0.6335821412503719
2025-12,NDWI,Min,-0.771591070507254
2025-12,NDWI,Max,-0.40374107020241873
2026-01,BWDRVI,Mean,-0.4219941193347468
2026-01,BWDRVI,Min,-0.6293705842074226
2026-01,BWDRVI,Max,-0.15125882292768972
2026-01,EVI,Mean,1.4782823604695938
2026-01,EVI,Min,-0.26858828698887544
2026-01,EVI,Max,2.59708827383378
2026-01,EVI2,Mean,1.0740117746240951
2026-01,EVI2,Min,0.6430647040114683
2026-01,EVI2,Max,1.4647941343924578
2026-01,GEMI,Mean,-2937939.3235294116
2026-01,GEMI,Min,-7151523.360294118
2026-01,GEMI,Max,-839467.3644301471
2026-01,NDVI,Mean,0.5388941168785095
2026-01,NDVI,Min,0.3592764717691085
2026-01,NDVI,Max,0.6780235355391222
2026-01,NDWI,Mean,-0.5346999974811778
2026-01,NDWI,Min,-0.6513176463982638
2026-01,NDWI,Max,-0.38382352976238027
2026-02,BWDRVI,Mean,-0.3853849994018674
2026-02,BWDRVI,Min,-0.6604674950242042
2026-02,BWDRVI,Max,-0.04190249978564679
2026-02,EVI,Mean,1.5115574926137925
2026-02,EVI,Min,0.735269996151328
2026-02,EVI,Max,2.490792492032051
2026-02,EVI2,Mean,1.1797650009393692
2026-02,EVI2,Min,0.5464425031095743
2026-02,EVI2,Max,1.7202525019645691
2026-02,GEMI,Mean,-3664143.815625
2026-02,GEMI,Min,-10141930.825
2026-02,GEMI,Max,-685349.0352504731
2026-02,NDVI,Mean,0.5873299971222877
2026-02,NDVI,Min,0.30786250047385694
2026-02,NDVI,Max,0.7837274983525276
2026-02,NDWI,Mean,-0.5789425015449524
2026-02,NDWI,Min,-0.7255899995565415
2026-02,NDWI,Max,-0.3427150025963783
2026-03,BWDRVI,Mean,-0.32444355029973293
2026-03,BWDRVI,Min,-0.6276064510307005
2026-03,BWDRVI,Max,-0.012709676900187568
2026-03,EVI,Mean,1.5559951595721706
2026-03,EVI,Min,0.8573177478486492
2026-03,EVI,Max,2.4511435464505227
2026-03,EVI2,Mean,1.274540314270604
2026-03,EVI2,Min,0.6392467767000198
2026-03,EVI2,Max,1.740735488553201
2026-03,GEMI,Mean,-5640124.601814516
2026-03,GEMI,Min,-12538832.928427419
2026-03,GEMI,Max,-1611539.0324313256
2026-03,NDVI,Mean,0.6216596785572267
2026-03,NDVI,Min,0.35504999852949576
2026-03,NDVI,Max,0.7881129057176651
2026-03,NDWI,Mean,-0.5942258058536437
2026-03,NDWI,Min,-0.7228758046703954
2026-03,NDWI,Max,-0.37594193679791305
2026-04,BWDRVI,Mean,-0.252574999195834
2026-04,BWDRVI,Min,-0.605671666841954
2026-04,BWDRVI,Max,0.058338333604236445
2026-04,EVI,Mean,1.7733716587225596
2026-04,EVI,Min,0.9787650005271037
2026-04,EVI,Max,2.4204683264096576
2026-04,EVI2,Mean,1.387371662259102
2026-04,EVI2,Min,0.6752933328971267
2026-04,EVI2,Max,1.8301216642061868
2026-04,GEMI,Mean,-7441124.070833334
2026-04,GEMI,Min,-14546201.125
2026-04,GEMI,Max,-2315947.7551757814
2026-04,NDVI,Mean,0.6625600000222523
2026-04,NDVI,Min,0.36753999764720596
2026-04,NDVI,Max,0.8180600007375082
2026-04,NDWI,Mean,-0.6164350007971128
2026-04,NDWI,Min,-0.7365600019693375
2026-04,NDWI,Max,-0.3886816651249925
2026-05,BWDRVI,Mean,-0.18611279119964863
2026-05,BWDRVI,Min,-0.5768523230109104
2026-05,BWDRVI,Max,0.14161162725974655
2026-05,EVI,Mean,1.9266476880672365
2026-05,EVI,Min,-0.7403848581882411
2026-05,EVI,Max,2.946673260178677
2026-05,EVI2,Mean,1.475127914617228
2026-05,EVI2,Min,0.7178197660764982
2026-05,EVI2,Max,1.9283220823421034
2026-05,GEMI,Mean,-10165555.619186046
2026-05,GEMI,Min,-18547745.779069766
2026-05,GEMI,Max,-3214577.086210029
2026-05,NDVI,Mean,0.6913686037756676
2026-05,NDVI,Min,0.38055930113376574
2026-05,NDVI,Max,0.8482604636702427
2026-05,NDWI,Mean,-0.6366534891516663
2026-05,NDWI,Min,-0.7649255841970444
2026-05,NDWI,Max,-0.3909848831420721
2026-06,BWDRVI,Mean,-0.21031468030740294
2026-06,BWDRVI,Min,-0.6020651376387531
2026-06,BWDRVI,Max,0.1434944957546001
2026-06,EVI,Mean,1.7293403668141147
2026-06,EVI,Min,0.8950578016698907
2026-06,EVI,Max,2.3681743090305853
2026-06,EVI2,Mean,1.4362990883512234
2026-06,EVI2,Min,0.6743467870689587
2026-06,EVI2,Max,1.9245449446756906
2026-06,GEMI,Mean,-9880883.524655964
2026-06,GEMI,Min,-17950722.279816512
2026-06,GEMI,Max,-3059574.1327184276
2026-06,NDVI,Mean,0.6777330295208397
2026-06,NDVI,Min,0.3631715588869715
2026-06,NDVI,Max,0.8470284397448968
2026-06,NDWI,Mean,-0.6362669708531931
2026-06,NDWI,Min,-0.7731550467123679
2026-06,NDWI,Max,-0.3902568817138672
2026-07,BWDRVI,Mean,-0.2992841259295505
2026-07,BWDRVI,Min,-0.6463365084122098
2026-07,BWDRVI,Max,0.029488888960922995
2026-07,EVI,Mean,2.221317462504856
2026-07,EVI,Min,-0.1440031703502413
2026-07,EVI,Max,23.904817475212944
2026-07,EVI2,Mean,1.3041523780141557
2026-07,EVI2,Min,0.581647619368538
2026-07,EVI2,Max,1.798893650372823
2026-07,GEMI,Mean,-8710365.69642857
2026-07,GEMI,Min,-15964983.742063493
2026-07,GEMI,Max,-2647431.44952877
2026-07,NDVI,Mean,0.6293253962482724
2026-07,NDVI,Min,0.3259142848943907
2026-07,NDVI,Max,0.8065793660898057
2026-07,NDWI,Mean,-0.6049809515003174
2026-07,NDWI,Min,-0.7425000047872937
2026-07,NDWI,Max,-0.3684841250143354
2026-08,BWDRVI,Mean,-0.2980015623907093
2026-08,BWDRVI,Min,-0.6453468773015629
2026-08,BWDRVI,Max,0.009231248652213253
2026-08,EVI,Mean,1.566097654402256
2026-08,EVI,Min,-2.9160851565975463
2026-08,EVI,Max,2.3343781232833862
2026-08,EVI2,Mean,1.31449765432626
2026-08,EVI2,Min,0.5790453103545588
2026-08,EVI2,Max,1.7813250035978854
2026-08,GEMI,Mean,-7378317.203125
2026-08,GEMI,Min,-13436187.06640625
2026-08,GEMI,Max,-2051604.2950611115
2026-08,NDVI,Mean,0.6353218744043261
2026-08,NDVI,Min,0.3235101570462575
2026-08,NDVI,Max,0.8034757794812322
2026-08,NDWI,Mean,-0.6105640616733581
2026-08,NDWI,Min,-0.7395468736067414
2026-08,NDWI,Max,-0.3743781241355464
2026-09,BWDRVI,Mean,-0.24394175882072566
2026-09,BWDRVI,Min,-0.6179978035308502
2026-09,BWDRVI,Max,0.09276043988027416
2026-09,EVI,Mean,1.672434056361953
2026-09,EVI,Min,0.07243625197436783
2026-09,EVI,Max,2.8500252935912584
2026-09,EVI2,Mean,1.3760274782940582
2026-09,EVI2,Min,0.6341175811140092
2026-09,EVI2,Max,1.8449714275506826
2026-09,GEMI,Mean,-6144494.799450549
2026-09,GEMI,Min,-12230604.923076924
2026-09,GEMI,Max,-1426693.5250686812
2026-09,NDVI,Mean,0.6537043946784932
2026-09,NDVI,Min,0.3460527475063617
2026-09,NDVI,Max,0.8200703296032581
2026-09,NDWI,Mean,-0.6237450559715648
2026-09,NDWI,Min,-0.7628329677896185
2026-09,NDWI,Max,-0.3765032980795745
2026-10,BWDRVI,Mean,
2026-10,BWDRVI,Min,
2026-10,BWDRVI,Max,
2026-10,EVI,Mean,
2026-10,EVI,Min,
2026-10,EVI,Max,
2026-10,EVI2,Mean,
2026-10,EVI2,Min,
2026-10,EVI2,Max,
2026-10,GEMI,Mean,
2026-10,GEMI,Min,
2026-10,GEMI,Max,
2026-10,NDVI,Mean,
2026-10,NDVI,Min,
2026-10,NDVI,Max,
2026-10,NDWI,Mean,
2026-10,NDWI,Min,
2026-10,NDWI,Max,